ACA,AGU
ACA,BJX
ACA,BOG
ACA,CEN
ACA,CJS
ACA,CME
ACA,CPE
ACA,CTM
ACA,CUL
ACA,CUN
ACA,CUU
ACA,CZM
ACA,DFW
ACA,GDL
ACA,GUA
ACA,HAV
ACA,HMO
ACA,HUX
ACA,IAH
ACA,JFK
ACA,LAP
ACA,LAX
ACA,LIM
ACA,MEX
ACA,MIA
ACA,MID
ACA,MTT
ACA,MTY
ACA,MZT
ACA,OAX
ACA,ORD
ACA,PQM
ACA,PVR
ACA,PXM
ACA,REX
ACA,SAT
ACA,SJD
ACA,SJO
ACA,SLP
ACA,SNU
ACA,TAM
ACA,TGZ
ACA,TIJ
ACA,TLC
ACA,TRC
ACA,VER
ACA,VRA
ACA,VSA
ACA,YUL
ACA,YVR
ACA,YYZ
AGU,ACA
AGU,BJX
AGU,BOG
AGU,CEN
AGU,CJS
AGU,CME
AGU,CPE
AGU,CUN
AGU,CUU
AGU,CZM
AGU,DFW
AGU,GDL
AGU,GUA
AGU,HAV
AGU,HMO
AGU,HUX
AGU,IAH
AGU,JFK
AGU,LAP
AGU,LAX
AGU,LIM
AGU,MCO
AGU,MEX
AGU,MIA
AGU,MID
AGU,MTY
AGU,MZT
AGU,OAX
AGU,ORD
AGU,PQM
AGU,PVR
AGU,PXM
AGU,SAT
AGU,SFB
AGU,SJD
AGU,SJO
AGU,SNU
AGU,TAM
AGU,TGZ
AGU,TIJ
AGU,TLC
AGU,TRC
AGU,VER
AGU,VRA
AGU,VSA
AGU,YUL
AGU,YVR
AGU,YYZ
AGU,ZIH
BOG,ACA
BOG,AGU
BOG,BGA
BOG,BJX
BOG,CEN
BOG,CJS
BOG,CME
BOG,CPE
BOG,CTM
BOG,CUL
BOG,CUN
BOG,CUU
BOG,CZM
BOG,DFW
BOG,GDL
BOG,GUA
BOG,HAV
BOG,HMO
BOG,HUX
BOG,IAH
BOG,JFK
BOG,LAP
BOG,LAX
BOG,MEX
BOG,MIA
BOG,MID
BOG,MTT
BOG,MTY
BOG,MZT
BOG,OAX
BOG,ORD
BOG,PQM
BOG,PVR
BOG,PXM
BOG,REX
BOG,SAT
BOG,SJD
BOG,SJO
BOG,SLP
BOG,SNU
BOG,TAM
BOG,TGZ
BOG,TIJ
BOG,TRC
BOG,VER
BOG,VSA
BOG,YUL
BOG,YVR
BOG,YYZ
BOG,ZIH
CPE,ACA
CPE,AGU
CPE,BJX
CPE,BOG
CPE,CEN
CPE,CJS
CPE,CME
CPE,CTM
CPE,CUL
CPE,CUN
CPE,CUU
CPE,CZM
CPE,DFW
CPE,GDL
CPE,HAV
CPE,HMO
CPE,HUX
CPE,IAH
CPE,JFK
CPE,LAP
CPE,LAX
CPE,MEX
CPE,MIA
CPE,MID
CPE,MTT
CPE,MTY
CPE,MZT
CPE,OAX
CPE,ORD
CPE,PQM
CPE,PXM
CPE,REX
CPE,SAT
CPE,SJD
CPE,SJO
CPE,SLP
CPE,SNU
CPE,TAM
CPE,TGZ
CPE,TIJ
CPE,TRC
CPE,VER
CPE,VSA
CPE,YUL
CPE,YYZ
CPE,ZIH
CUN,ACA
CUN,ADZ
CUN,AGU
CUN,ANF
CUN,ARI
CUN,BAQ
CUN,BBA
CUN,BGA
CUN,BJX
CUN,BOG
CUN,CCP
CUN,CEN
CUN,CJC
CUN,CJS
CUN,CLE
CUN,CLO
CUN,CME
CUN,CMH
CUN,CPE
CUN,CPO
CUN,CTG
CUN,CTM
CUN,CUC
CUN,CUL
CUN,CUU
CUN,CZM
CUN,DFW
CUN,EYP
CUN,GDL
CUN,GUA
CUN,HAV
CUN,HMO
CUN,HUX
CUN,IAH
CUN,JFK
CUN,LAP
CUN,LAS
CUN,LAX
CUN,LET
CUN,LIM
CUN,LSC
CUN,MCO
CUN,MDE
CUN,MEX
CUN,MHC
CUN,MIA
CUN,MTR
CUN,MTT
CUN,MTY
CUN,MZT
CUN,OAX
CUN,ORD
CUN,PEI
CUN,PIT
CUN,PMC
CUN,PQM
CUN,PUQ
CUN,PVR
CUN,PXM
CUN,RDU
CUN,REX
CUN,SAT
CUN,SFB
CUN,SFO
CUN,SJD
CUN,SJO
CUN,SLP
CUN,SMR
CUN,SNU
CUN,TAM
CUN,TGZ
CUN,TIJ
CUN,TLC
CUN,TRC
CUN,VER
CUN,VRA
CUN,VSA
CUN,VUP
CUN,WCA
CUN,YUL
CUN,YVR
CUN,YYZ
CUN,ZAL
CUN,ZCO
CUN,ZIH
CUN,ZOS
CTM,ACA
CTM,BJX
CTM,BOG
CTM,CEN
CTM,CJS
CTM,CME
CTM,CPE
CTM,CUL
CTM,CUN
CTM,CUU
CTM,CZM
CTM,DFW
CTM,GDL
CTM,GUA
CTM,HAV
CTM,HMO
CTM,HUX
CTM,JFK
CTM,LAP
CTM,LAS
CTM,LIM
CTM,MEX
CTM,MIA
CTM,MID
CTM,MTY
CTM,MZT
CTM,OAX
CTM,ORD
CTM,PQM
CTM,PVR
CTM,PXM
CTM,SAT
CTM,SJD
CTM,SJO
CTM,SNU
CTM,TAM
CTM,TGZ
CTM,TIJ
CTM,VER
CTM,VSA
CTM,YUL
CTM,YVR
CTM,YYZ
CTM,ZIH
ORD,ACA
ORD,AGU
ORD,BJX
ORD,BOG
ORD,CEN
ORD,CJS
ORD,CME
ORD,CPE
ORD,CTM
ORD,CUL
ORD,CUN
ORD,CUU
ORD,CZM
ORD,GDL
ORD,GUA
ORD,HAV
ORD,HMO
ORD,HUX
ORD,LAP
ORD,LIM
ORD,MEX
ORD,MID
ORD,MTY
ORD,MZT
ORD,OAX
ORD,PVR
ORD,PXM
ORD,SAT
ORD,SJD
ORD,SJO
ORD,TAM
ORD,TGZ
ORD,TIJ
ORD,VER
ORD,VSA
ORD,ZIH
CUU,ACA
CUU,AGU
CUU,BJX
CUU,BOG
CUU,CJS
CUU,CME
CUU,CPE
CUU,CTM
CUU,CUL
CUU,CUN
CUU,CZM
CUU,DFW
CUU,GDL
CUU,GUA
CUU,HAV
CUU,HMO
CUU,HUX
CUU,IAH
CUU,JFK
CUU,LAX
CUU,LIM
CUU,MEX
CUU,MIA
CUU,MID
CUU,MTT
CUU,MTY
CUU,MZT
CUU,OAX
CUU,ORD
CUU,PQM
CUU,PVR
CUU,PXM
CUU,REX
CUU,SAT
CUU,SJD
CUU,SJO
CUU,SLP
CUU,SNU
CUU,TAM
CUU,TGZ
CUU,TIJ
CUU,TLC
CUU,TRC
CUU,VER
CUU,VSA
CUU,YUL
CUU,YVR
CUU,YYZ
CUU,ZIH
CME,ACA
CME,AGU
CME,BJX
CME,BOG
CME,CEN
CME,CJS
CME,CPE
CME,CTM
CME,CUL
CME,CUN
CME,CUU
CME,CZM
CME,DFW
CME,GDL
CME,GUA
CME,HAV
CME,HMO
CME,HUX
CME,IAH
CME,JFK
CME,LAP
CME,LIM
CME,MEX
CME,MIA
CME,MID
CME,MTT
CME,MTY
CME,MZT
CME,OAX
CME,ORD
CME,PQM
CME,PVR
CME,PXM
CME,REX
CME,SAT
CME,SJD
CME,SJO
CME,SLP
CME,SNU
CME,TAM
CME,TGZ
CME,TIJ
CME,TLC
CME,TRC
CME,VER
CME,VSA
CME,YUL
CME,YVR
CME,YYZ
CME,ZIH
CME,ZLO
CJS,ACA
CJS,AGU
CJS,BJX
CJS,BOG
CJS,CEN
CJS,CME
CJS,CPE
CJS,CTM
CJS,CUL
CJS,CUN
CJS,CUU
CJS,CZM
CJS,DFW
CJS,GDL
CJS,GUA
CJS,HAV
CJS,HMO
CJS,HUX
CJS,IAH
CJS,JFK
CJS,LAP
CJS,LIM
CJS,MEX
CJS,MIA
CJS,MID
CJS,MTT
CJS,MTY
CJS,MZT
CJS,OAX
CJS,ORD
CJS,PQM
CJS,PVR
CJS,PXM
CJS,REX
CJS,SAT
CJS,SJD
CJS,SJO
CJS,SLP
CJS,SNU
CJS,TAM
CJS,TGZ
CJS,TIJ
CJS,TRC
CJS,VER
CJS,VSA
CJS,YUL
CJS,YVR
CJS,YYZ
CJS,ZIH
CEN,ACA
CEN,AGU
CEN,BJX
CEN,BOG
CEN,CJS
CEN,CME
CEN,CPE
CEN,CTM
CEN,CUL
CEN,CUN
CEN,DFW
CEN,GDL
CEN,HAV
CEN,HMO
CEN,HUX
CEN,JFK
CEN,LAX
CEN,MEX
CEN,MIA
CEN,MID
CEN,MTT
CEN,MTY
CEN,OAX
CEN,ORD
CEN,REX
CEN,SLP
CEN,SNU
CEN,TAM
CEN,TGZ
CEN,TIJ
CEN,TRC
CEN,VER
CEN,VSA
CEN,YUL
CEN,YVR
CEN,YYZ
CEN,ZIH
CZM,ACA
CZM,AGU
CZM,BJX
CZM,BOG
CZM,CJS
CZM,CME
CZM,CPE
CZM,CTM
CZM,CUL
CZM,CUN
CZM,CUU
CZM,GDL
CZM,GUA
CZM,HMO
CZM,HUX
CZM,IAH
CZM,JFK
CZM,LAX
CZM,MEX
CZM,MIA
CZM,MID
CZM,MTT
CZM,MTY
CZM,MZT
CZM,OAX
CZM,ORD
CZM,REX
CZM,SAT
CZM,SJO
CZM,SLP
CZM,SNU
CZM,TAM
CZM,TGZ
CZM,TIJ
CZM,TRC
CZM,VER
CZM,VSA
CZM,YUL
CZM,YVR
CZM,YYZ
CUL,ACA
CUL,BJX
CUL,BOG
CUL,CEN
CUL,CJS
CUL,CME
CUL,CPE
CUL,CTM
CUL,CUN
CUL,CUU
CUL,CZM
CUL,DFW
CUL,GDL
CUL,GUA
CUL,HAV
CUL,HMO
CUL,HUX
CUL,IAH
CUL,JFK
CUL,LAP
CUL,LAX
CUL,LIM
CUL,MEX
CUL,MIA
CUL,MID
CUL,MTY
CUL,MZT
CUL,OAX
CUL,ORD
CUL,PQM
CUL,PVR
CUL,PXM
CUL,REX
CUL,SAT
CUL,SJD
CUL,SJO
CUL,SLP
CUL,SNU
CUL,TAM
CUL,TGZ
CUL,TIJ
CUL,TRC
CUL,VER
CUL,VSA
CUL,YUL
CUL,YVR
CUL,YYZ
CUL,ZIH
DFW,ACA
DFW,AGU
DFW,BJX
DFW,BOG
DFW,CEN
DFW,CJS
DFW,CME
DFW,CPE
DFW,CTM
DFW,CUL
DFW,CUN
DFW,CUU
DFW,GDL
DFW,GUA
DFW,HAV
DFW,HMO
DFW,HUX
DFW,LIM
DFW,MEX
DFW,MID
DFW,MTY
DFW,MZT
DFW,OAX
DFW,PQM
DFW,PVR
DFW,PXM
DFW,SJD
DFW,SLP
DFW,SNU
DFW,TAM
DFW,TGZ
DFW,VER
DFW,VSA
DFW,ZIH
DFW,ZLO
GDL,ACA
GDL,AGU
GDL,BJX
GDL,BOG
GDL,CEN
GDL,CJS
GDL,CME
GDL,CPE
GDL,CTM
GDL,CUL
GDL,CUN
GDL,CUU
GDL,CZM
GDL,DFW
GDL,GUA
GDL,HAV
GDL,HMO
GDL,HUX
GDL,IAH
GDL,JFK
GDL,LAP
GDL,LAS
GDL,LAX
GDL,LIM
GDL,MCO
GDL,MEX
GDL,MIA
GDL,MID
GDL,MTT
GDL,MTY
GDL,MZT
GDL,OAX
GDL,ORD
GDL,PQM
GDL,PVR
GDL,PXM
GDL,REX
GDL,SAT
GDL,SFB
GDL,SFO
GDL,SJD
GDL,SJO
GDL,SLP
GDL,SNU
GDL,TAM
GDL,TGZ
GDL,TIJ
GDL,TLC
GDL,TRC
GDL,VER
GDL,VRA
GDL,VSA
GDL,YUL
GDL,YVR
GDL,YYZ
GDL,ZIH
GUA,ACA
GUA,AGU
GUA,BJX
GUA,BOG
GUA,CJS
GUA,CME
GUA,CTM
GUA,CUL
GUA,CUN
GUA,CUU
GUA,CZM
GUA,DFW
GUA,GDL
GUA,HAV
GUA,HMO
GUA,HUX
GUA,IAH
GUA,JFK
GUA,LAX
GUA,LIM
GUA,MCO
GUA,MEX
GUA,MIA
GUA,MID
GUA,MTT
GUA,MTY
GUA,MZT
GUA,OAX
GUA,ORD
GUA,PQM
GUA,PVR
GUA,PXM
GUA,REX
GUA,SAT
GUA,SFB
GUA,SJD
GUA,SLP
GUA,SNU
GUA,TAM
GUA,TGZ
GUA,TIJ
GUA,TRC
GUA,VER
GUA,VRA
GUA,VSA
GUA,YUL
GUA,YVR
GUA,YYZ
GUA,ZIH
HMO,ACA
HMO,AGU
HMO,BJX
HMO,BOG
HMO,CEN
HMO,CJS
HMO,CME
HMO,CPE
HMO,CTM
HMO,CUL
HMO,CUN
HMO,CUU
HMO,CZM
HMO,DFW
HMO,GDL
HMO,GUA
HMO,HAV
HMO,HUX
HMO,JFK
HMO,LAP
HMO,LAX
HMO,LIM
HMO,MEX
HMO,MIA
HMO,MID
HMO,MTT
HMO,MTY
HMO,MZT
HMO,OAX
HMO,ORD
HMO,PQM
HMO,PVR
HMO,PXM
HMO,REX
HMO,SAT
HMO,SFO
HMO,SJD
HMO,SJO
HMO,SLP
HMO,SNU
HMO,TAM
HMO,TGZ
HMO,TIJ
HMO,TRC
HMO,VER
HMO,VSA
HMO,YUL
HMO,YVR
HMO,YYZ
HMO,ZIH
IAH,ACA
IAH,AGU
IAH,BJX
IAH,BOG
IAH,CJS
IAH,CME
IAH,CPE
IAH,CUL
IAH,CUN
IAH,CUU
IAH,CZM
IAH,GDL
IAH,GUA
IAH,HAV
IAH,HUX
IAH,JFK
IAH,LAP
IAH,LIM
IAH,MEX
IAH,MIA
IAH,MID
IAH,MTY
IAH,MZT
IAH,OAX
IAH,PQM
IAH,PVR
IAH,PXM
IAH,SJD
IAH,SJO
IAH,SNU
IAH,TAM
IAH,TGZ
IAH,TIJ
IAH,TLC
IAH,TRC
IAH,VER
IAH,VRA
IAH,VSA
IAH,YUL
IAH,YYZ
IAH,ZIH
HUX,ACA
HUX,AGU
HUX,BJX
HUX,BOG
HUX,CEN
HUX,CJS
HUX,CME
HUX,CPE
HUX,CTM
HUX,CUL
HUX,CUN
HUX,CUU
HUX,CZM
HUX,DFW
HUX,GDL
HUX,GUA
HUX,HAV
HUX,HMO
HUX,IAH
HUX,JFK
HUX,LAP
HUX,LAX
HUX,LIM
HUX,MEX
HUX,MIA
HUX,MID
HUX,MTT
HUX,MTY
HUX,MZT
HUX,OAX
HUX,ORD
HUX,PQM
HUX,PVR
HUX,PXM
HUX,REX
HUX,SAT
HUX,SJD
HUX,SJO
HUX,SLP
HUX,SNU
HUX,TAM
HUX,TGZ
HUX,TIJ
HUX,TRC
HUX,VER
HUX,VSA
HUX,YUL
HUX,YVR
HUX,YYZ
HUX,ZIH
HAV,ACA
HAV,AGU
HAV,BJX
HAV,BOG
HAV,CEN
HAV,CJS
HAV,CME
HAV,CPE
HAV,CTM
HAV,CUL
HAV,CUN
HAV,CUU
HAV,DFW
HAV,GDL
HAV,GUA
HAV,HMO
HAV,HUX
HAV,IAH
HAV,JFK
HAV,LAX
HAV,LIM
HAV,MEX
HAV,MIA
HAV,MID
HAV,MTT
HAV,MTY
HAV,MZT
HAV,OAX
HAV,ORD
HAV,PQM
HAV,PVR
HAV,REX
HAV,SAT
HAV,SFO
HAV,SJO
HAV,TGZ
HAV,TIJ
HAV,TLC
HAV,TRC
HAV,VER
HAV,VSA
HAV,YUL
HAV,YVR
HAV,YYZ
LAP,ACA
LAP,AGU
LAP,BJX
LAP,BOG
LAP,CJS
LAP,CME
LAP,CPE
LAP,CTM
LAP,CUL
LAP,CUN
LAP,GDL
LAP,HMO
LAP,HUX
LAP,IAH
LAP,LIM
LAP,MEX
LAP,MID
LAP,MTT
LAP,MTY
LAP,OAX
LAP,ORD
LAP,REX
LAP,SLP
LAP,SNU
LAP,TAM
LAP,TGZ
LAP,TIJ
LAP,TLC
LAP,TRC
LAP,VER
LAP,VSA
LAS,BJX
LAS,CTM
LAS,CUN
LAS,GDL
LAS,LIM
LAS,MEX
LAS,MTY
LAS,SNU
LAS,TGZ
LAS,TRC
LAS,VSA
LAS,YUL
LAS,YYZ
BJX,ACA
BJX,AGU
BJX,BOG
BJX,CEN
BJX,CJS
BJX,CME
BJX,CPE
BJX,CTM
BJX,CUL
BJX,CUN
BJX,CUU
BJX,CZM
BJX,DFW
BJX,GDL
BJX,GUA
BJX,HAV
BJX,HMO
BJX,HUX
BJX,IAH
BJX,JFK
BJX,LAP
BJX,LAS
BJX,LAX
BJX,LIM
BJX,MCO
BJX,MEX
BJX,MIA
BJX,MID
BJX,MTT
BJX,MTY
BJX,MZT
BJX,OAX
BJX,ORD
BJX,PQM
BJX,PVR
BJX,PXM
BJX,SAT
BJX,SFB
BJX,SJD
BJX,SJO
BJX,SNU
BJX,TAM
BJX,TGZ
BJX,TIJ
BJX,TLC
BJX,TRC
BJX,VER
BJX,VRA
BJX,VSA
BJX,YUL
BJX,YVR
BJX,YYZ
BJX,ZIH
BJX,ZLO
LIM,ACA
LIM,AGU
LIM,BJX
LIM,CJS
LIM,CME
LIM,CTM
LIM,CUL
LIM,CUN
LIM,CUU
LIM,DFW
LIM,GDL
LIM,GUA
LIM,HAV
LIM,HMO
LIM,HUX
LIM,IAH
LIM,JFK
LIM,LAP
LIM,LAS
LIM,LAX
LIM,MCO
LIM,MEX
LIM,MIA
LIM,MID
LIM,MTY
LIM,MZT
LIM,OAX
LIM,ORD
LIM,PVR
LIM,SAT
LIM,SFB
LIM,SJD
LIM,SJO
LIM,SNU
LIM,TAM
LIM,TGZ
LIM,TIJ
LIM,TRC
LIM,VER
LIM,VRA
LIM,VSA
LIM,YUL
LIM,YYZ
LIM,ZIH
LAX,ACA
LAX,AGU
LAX,BJX
LAX,BOG
LAX,CEN
LAX,CPE
LAX,CUL
LAX,CUN
LAX,CUU
LAX,CZM
LAX,GDL
LAX,GUA
LAX,HAV
LAX,HMO
LAX,HUX
LAX,LIM
LAX,MEX
LAX,MID
LAX,MTT
LAX,MTY
LAX,MZT
LAX,OAX
LAX,PVR
LAX,PXM
LAX,SJD
LAX,SJO
LAX,SNU
LAX,TAM
LAX,TGZ
LAX,TRC
LAX,VER
LAX,VRA
LAX,VSA
LAX,YUL
LAX,YYZ
LAX,ZIH
SJD,ACA
SJD,AGU
SJD,BJX
SJD,BOG
SJD,CJS
SJD,CME
SJD,CPE
SJD,CTM
SJD,CUL
SJD,CUN
SJD,CUU
SJD,DFW
SJD,GDL
SJD,GUA
SJD,HMO
SJD,HUX
SJD,IAH
SJD,JFK
SJD,LAX
SJD,LIM
SJD,MEX
SJD,MIA
SJD,MID
SJD,MTT
SJD,MTY
SJD,MZT
SJD,OAX
SJD,ORD
SJD,PVR
SJD,PXM
SJD,REX
SJD,SAT
SJD,SJO
SJD,SLP
SJD,SNU
SJD,TAM
SJD,TGZ
SJD,TIJ
SJD,TLC
SJD,TRC
SJD,VER
SJD,VSA
SJD,YUL
SJD,YVR
SJD,YYZ
SJD,ZIH
MZT,ACA
MZT,AGU
MZT,BJX
MZT,BOG
MZT,CJS
MZT,CME
MZT,CPE
MZT,CTM
MZT,CUL
MZT,CUN
MZT,CUU
MZT,CZM
MZT,DFW
MZT,GDL
MZT,GUA
MZT,HAV
MZT,HMO
MZT,HUX
MZT,IAH
MZT,JFK
MZT,LAX
MZT,LIM
MZT,MEX
MZT,MIA
MZT,MID
MZT,MTT
MZT,MTY
MZT,OAX
MZT,ORD
MZT,PVR
MZT,REX
MZT,SAT
MZT,SJD
MZT,SJO
MZT,SLP
MZT,SNU
MZT,TAM
MZT,TGZ
MZT,TIJ
MZT,TRC
MZT,VER
MZT,VSA
MZT,YUL
MZT,YVR
MZT,YYZ
MZT,ZIH
MID,ACA
MID,AGU
MID,BJX
MID,BOG
MID,CEN
MID,CJS
MID,CME
MID,CPE
MID,CTM
MID,CUL
MID,CUU
MID,CZM
MID,DFW
MID,GDL
MID,GUA
MID,HAV
MID,HMO
MID,HUX
MID,IAH
MID,JFK
MID,LAP
MID,LAX
MID,LIM
MID,MCO
MID,MEX
MID,MIA
MID,MTT
MID,MTY
MID,MZT
MID,OAX
MID,ORD
MID,PQM
MID,PVR
MID,PXM
MID,REX
MID,SAT
MID,SFB
MID,SJD
MID,SJO
MID,SLP
MID,SNU
MID,TAM
MID,TGZ
MID,TIJ
MID,TRC
MID,VER
MID,VRA
MID,VSA
MID,YUL
MID,YVR
MID,YYZ
MID,ZIH
MEX,ACA
MEX,ADZ
MEX,AGU
MEX,ANF
MEX,ARI
MEX,BAQ
MEX,BBA
MEX,BGA
MEX,BJX
MEX,BOG
MEX,CCP
MEX,CEN
MEX,CJC
MEX,CJS
MEX,CLO
MEX,CME
MEX,CPE
MEX,CPO
MEX,CTG
MEX,CTM
MEX,CUC
MEX,CUL
MEX,CUN
MEX,CUU
MEX,CZM
MEX,DFW
MEX,EYP
MEX,GDL
MEX,GUA
MEX,HAV
MEX,HMO
MEX,HUX
MEX,IAH
MEX,IPC
MEX,IQQ
MEX,JFK
MEX,LAP
MEX,LAS
MEX,LAX
MEX,LET
MEX,LIM
MEX,LSC
MEX,LTO
MEX,MCO
MEX,MDE
MEX,MFE
MEX,MHC
MEX,MIA
MEX,MID
MEX,MSP
MEX,MTR
MEX,MTT
MEX,MTY
MEX,MZT
MEX,NAS
MEX,OAX
MEX,ORD
MEX,PEI
MEX,PHX
MEX,PMC
MEX,PQM
MEX,PUQ
MEX,PVR
MEX,PXM
MEX,SAT
MEX,SFB
MEX,SFO
MEX,SJD
MEX,SJO
MEX,SLP
MEX,SMR
MEX,SNU
MEX,TAM
MEX,TGZ
MEX,TIJ
MEX,TLC
MEX,TRC
MEX,VER
MEX,VRA
MEX,VSA
MEX,VUP
MEX,WCA
MEX,YUL
MEX,YVR
MEX,YYZ
MEX,ZAL
MEX,ZCO
MEX,ZIH
MEX,ZOS
MIA,ACA
MIA,AGU
MIA,BJX
MIA,BOG
MIA,CEN
MIA,CJS
MIA,CME
MIA,CPE
MIA,CTM
MIA,CUL
MIA,CUN
MIA,CUU
MIA,CZM
MIA,GDL
MIA,GUA
MIA,HAV
MIA,HMO
MIA,HUX
MIA,IAH
MIA,JFK
MIA,LIM
MIA,MEX
MIA,MID
MIA,MTT
MIA,MTY
MIA,MZT
MIA,OAX
MIA,PQM
MIA,PVR
MIA,PXM
MIA,REX
MIA,SAT
MIA,SJD
MIA,SJO
MIA,SLP
MIA,SNU
MIA,TAM
MIA,TGZ
MIA,TIJ
MIA,TRC
MIA,VER
MIA,VRA
MIA,VSA
MIA,YUL
MIA,YVR
MIA,YYZ
MIA,ZIH
MTT,ACA
MTT,BJX
MTT,BOG
MTT,CEN
MTT,CJS
MTT,CME
MTT,CPE
MTT,CUN
MTT,CUU
MTT,CZM
MTT,GDL
MTT,GUA
MTT,HAV
MTT,HMO
MTT,HUX
MTT,JFK
MTT,LAP
MTT,LAX
MTT,MEX
MTT,MIA
MTT,MID
MTT,MTY
MTT,MZT
MTT,OAX
MTT,PQM
MTT,PVR
MTT,PXM
MTT,SAT
MTT,SJD
MTT,SJO
MTT,SNU
MTT,TAM
MTT,TGZ
MTT,TIJ
MTT,TRC
MTT,VER
MTT,VRA
MTT,VSA
MTT,YUL
MTT,YYZ
MTT,ZIH
MTY,ACA
MTY,AGU
MTY,BGA
MTY,BJX
MTY,BOG
MTY,CEN
MTY,CJS
MTY,CME
MTY,CPE
MTY,CTM
MTY,CUL
MTY,CUN
MTY,CUU
MTY,CZM
MTY,DFW
MTY,GDL
MTY,GUA
MTY,HAV
MTY,HMO
MTY,HUX
MTY,IAH
MTY,JFK
MTY,LAP
MTY,LAS
MTY,LAX
MTY,LIM
MTY,MCO
MTY,MEX
MTY,MIA
MTY,MID
MTY,MTT
MTY,MZT
MTY,OAX
MTY,ORD
MTY,PQM
MTY,PVR
MTY,PXM
MTY,QRO
MTY,REX
MTY,SAT
MTY,SFB
MTY,SFO
MTY,SJD
MTY,SJO
MTY,SLP
MTY,SNU
MTY,TAM
MTY,TGZ
MTY,TIJ
MTY,TLC
MTY,TRC
MTY,VER
MTY,VRA
MTY,VSA
MTY,YUL
MTY,YVR
MTY,ZIH
YUL,ACA
YUL,AGU
YUL,BJX
YUL,BOG
YUL,CEN
YUL,CJS
YUL,CME
YUL,CPE
YUL,CTM
YUL,CUL
YUL,CUN
YUL,CUU
YUL,CZM
YUL,GDL
YUL,GUA
YUL,HAV
YUL,HMO
YUL,HUX
YUL,IAH
YUL,LAS
YUL,LAX
YUL,LIM
YUL,MEX
YUL,MIA
YUL,MID
YUL,MTT
YUL,MTY
YUL,MZT
YUL,OAX
YUL,PQM
YUL,PVR
YUL,PXM
YUL,SFO
YUL,SJD
YUL,SJO
YUL,SLP
YUL,SNU
YUL,TAM
YUL,TGZ
YUL,TIJ
YUL,TRC
YUL,VER
YUL,VRA
YUL,VSA
YUL,ZIH
JFK,ACA
JFK,AGU
JFK,BJX
JFK,BOG
JFK,CEN
JFK,CJS
JFK,CME
JFK,CPE
JFK,CTM
JFK,CUL
JFK,CUN
JFK,CUU
JFK,CZM
JFK,GDL
JFK,GUA
JFK,HAV
JFK,HMO
JFK,HUX
JFK,IAH
JFK,LIM
JFK,MEX
JFK,MIA
JFK,MID
JFK,MTT
JFK,MTY
JFK,MZT
JFK,OAX
JFK,PQM
JFK,PVR
JFK,PXM
JFK,SAT
JFK,SJD
JFK,SJO
JFK,SLP
JFK,SNU
JFK,TAM
JFK,TGZ
JFK,TIJ
JFK,TRC
JFK,VER
JFK,VRA
JFK,VSA
JFK,ZIH
OAX,ACA
OAX,AGU
OAX,BJX
OAX,BOG
OAX,CEN
OAX,CJS
OAX,CME
OAX,CPE
OAX,CTM
OAX,CUL
OAX,CUN
OAX,CUU
OAX,CZM
OAX,DFW
OAX,GDL
OAX,GUA
OAX,HAV
OAX,HMO
OAX,HUX
OAX,IAH
OAX,JFK
OAX,LAP
OAX,LAX
OAX,LIM
OAX,MEX
OAX,MIA
OAX,MID
OAX,MTT
OAX,MTY
OAX,MZT
OAX,ORD
OAX,PQM
OAX,PVR
OAX,PXM
OAX,REX
OAX,SAT
OAX,SJD
OAX,SJO
OAX,SLP
OAX,SNU
OAX,TAM
OAX,TGZ
OAX,TIJ
OAX,TRC
OAX,VER
OAX,VRA
OAX,VSA
OAX,YUL
OAX,YVR
OAX,YYZ
OAX,ZIH
MCO,AGU
MCO,BJX
MCO,CUN
MCO,GDL
MCO,GUA
MCO,LIM
MCO,MEX
MCO,MID
MCO,MTY
MCO,SNU
MCO,TGZ
MCO,TRC
MCO,VSA
MCO,YVR
SFB,AGU
SFB,BJX
SFB,CUN
SFB,GDL
SFB,GUA
SFB,LIM
SFB,MEX
SFB,MID
SFB,MTY
PQM,ACA
PQM,AGU
PQM,BJX
PQM,BOG
PQM,CJS
PQM,CME
PQM,CPE
PQM,CTM
PQM,CUL
PQM,CUN
PQM,CUU
PQM,DFW
PQM,GDL
PQM,GUA
PQM,HAV
PQM,HMO
PQM,HUX
PQM,IAH
PQM,JFK
PQM,MEX
PQM,MIA
PQM,MID
PQM,MTT
PQM,MTY
PQM,OAX
PQM,REX
PQM,SAT
PQM,SJO
PQM,SLP
PQM,SNU
PQM,TAM
PQM,TGZ
PQM,TIJ
PQM,TRC
PQM,VER
PQM,VSA
PQM,YUL
PQM,YVR
PQM,YYZ
PXM,ACA
PXM,AGU
PXM,BJX
PXM,BOG
PXM,CJS
PXM,CME
PXM,CPE
PXM,CTM
PXM,CUL
PXM,CUN
PXM,CUU
PXM,DFW
PXM,GDL
PXM,GUA
PXM,HMO
PXM,HUX
PXM,IAH
PXM,JFK
PXM,LAX
PXM,MEX
PXM,MIA
PXM,MID
PXM,MTT
PXM,MTY
PXM,OAX
PXM,ORD
PXM,PVR
PXM,REX
PXM,SAT
PXM,SJD
PXM,SJO
PXM,SLP
PXM,TAM
PXM,TGZ
PXM,TIJ
PXM,TRC
PXM,VER
PXM,VSA
PXM,YUL
PXM,YVR
PXM,YYZ
PVR,ACA
PVR,AGU
PVR,BJX
PVR,BOG
PVR,CJS
PVR,CME
PVR,CTM
PVR,CUL
PVR,CUN
PVR,CUU
PVR,DFW
PVR,GDL
PVR,GUA
PVR,HAV
PVR,HMO
PVR,HUX
PVR,IAH
PVR,JFK
PVR,LAN
PVR,LAX
PVR,LIM
PVR,MEX
PVR,MIA
PVR,MID
PVR,MTT
PVR,MTY
PVR,MZT
PVR,OAX
PVR,ORD
PVR,PXM
PVR,QRO
PVR,REX
PVR,SAT
PVR,SJD
PVR,SJO
PVR,SLP
PVR,SNU
PVR,TAM
PVR,TGZ
PVR,TIJ
PVR,TLC
PVR,TRC
PVR,VER
PVR,VSA
PVR,YUL
PVR,YVR
PVR,YYZ
PVR,ZIH
SAT,ACA
SAT,AGU
SAT,BJX
SAT,BOG
SAT,CJS
SAT,CME
SAT,CPE
SAT,CTM
SAT,CUL
SAT,CUN
SAT,CUU
SAT,CZM
SAT,GDL
SAT,GUA
SAT,HAV
SAT,HMO
SAT,HUX
SAT,JFK
SAT,LIM
SAT,MEX
SAT,MIA
SAT,MID
SAT,MTT
SAT,MTY
SAT,MZT
SAT,OAX
SAT,ORD
SAT,PQM
SAT,PVR
SAT,PXM
SAT,SJD
SAT,SJO
SAT,SNU
SAT,TAM
SAT,TGZ
SAT,TIJ
SAT,TRC
SAT,VER
SAT,VSA
SAT,ZIH
SFO,CUN
SFO,GDL
SFO,HAV
SFO,HMO
SFO,MEX
SFO,MTY
SFO,YUL
SJO,ACA
SJO,AGU
SJO,BJX
SJO,BOG
SJO,CJS
SJO,CME
SJO,CPE
SJO,CTM
SJO,CUL
SJO,CUN
SJO,CUU
SJO,CZM
SJO,GDL
SJO,HAV
SJO,HMO
SJO,HUX
SJO,IAH
SJO,JFK
SJO,LAX
SJO,LIM
SJO,MEX
SJO,MIA
SJO,MID
SJO,MTT
SJO,MTY
SJO,MZT
SJO,OAX
SJO,ORD
SJO,PQM
SJO,PVR
SJO,PXM
SJO,REX
SJO,SAT
SJO,SJD
SJO,SLP
SJO,SNU
SJO,TAM
SJO,TGZ
SJO,TIJ
SJO,TRC
SJO,VER
SJO,VRA
SJO,VSA
SJO,YUL
SJO,YVR
SJO,YYZ
SJO,ZIH
SLP,ACA
SLP,BOG
SLP,CEN
SLP,CJS
SLP,CME
SLP,CPE
SLP,CUL
SLP,CUN
SLP,CUU
SLP,CZM
SLP,DFW
SLP,GDL
SLP,GUA
SLP,HMO
SLP,HUX
SLP,JFK
SLP,LAP
SLP,MEX
SLP,MIA
SLP,MID
SLP,MTY
SLP,MZT
SLP,OAX
SLP,PQM
SLP,PVR
SLP,PXM
SLP,SJD
SLP,SJO
SLP,SNU
SLP,TAM
SLP,TGZ
SLP,TIJ
SLP,TRC
SLP,VER
SLP,VRA
SLP,VSA
SLP,YUL
SLP,YYZ
SLP,ZIH
SNU,ACA
SNU,AGU
SNU,BJX
SNU,BOG
SNU,CEN
SNU,CJS
SNU,CME
SNU,CPE
SNU,CTM
SNU,CUL
SNU,CUN
SNU,CUU
SNU,CZM
SNU,DFW
SNU,GDL
SNU,GUA
SNU,HMO
SNU,HUX
SNU,IAH
SNU,JFK
SNU,LAP
SNU,LAS
SNU,LAX
SNU,LIM
SNU,MCO
SNU,MEX
SNU,MIA
SNU,MID
SNU,MTT
SNU,MTY
SNU,MZT
SNU,OAX
SNU,PQM
SNU,PVR
SNU,REX
SNU,SAT
SNU,SJD
SNU,SJO
SNU,SLP
SNU,TAM
SNU,TGZ
SNU,TIJ
SNU,TRC
SNU,VER
SNU,VSA
SNU,YUL
SNU,YVR
SNU,YYZ
SNU,ZIH
TAM,ACA
TAM,AGU
TAM,BJX
TAM,BOG
TAM,CEN
TAM,CJS
TAM,CME
TAM,CPE
TAM,CTM
TAM,CUL
TAM,CUN
TAM,CUU
TAM,CZM
TAM,DFW
TAM,GDL
TAM,GUA
TAM,HMO
TAM,HUX
TAM,IAH
TAM,JFK
TAM,LAP
TAM,LAX
TAM,LIM
TAM,MEX
TAM,MIA
TAM,MID
TAM,MTT
TAM,MTY
TAM,MZT
TAM,OAX
TAM,ORD
TAM,PQM
TAM,PVR
TAM,PXM
TAM,REX
TAM,SAT
TAM,SJD
TAM,SJO
TAM,SLP
TAM,SNU
TAM,TGZ
TAM,TIJ
TAM,TRC
TAM,VER
TAM,VRA
TAM,VSA
TAM,YUL
TAM,YVR
TAM,YYZ
TAM,ZIH
TIJ,ACA
TIJ,AGU
TIJ,BJX
TIJ,BOG
TIJ,CEN
TIJ,CJS
TIJ,CME
TIJ,CPE
TIJ,CTM
TIJ,CUL
TIJ,CUN
TIJ,CUU
TIJ,CZM
TIJ,GDL
TIJ,GUA
TIJ,HAV
TIJ,HMO
TIJ,HUX
TIJ,IAH
TIJ,JFK
TIJ,LAP
TIJ,LIM
TIJ,MEX
TIJ,MIA
TIJ,MID
TIJ,MTT
TIJ,MTY
TIJ,MZT
TIJ,OAX
TIJ,ORD
TIJ,PQM
TIJ,PVR
TIJ,PXM
TIJ,REX
TIJ,SAT
TIJ,SJD
TIJ,SJO
TIJ,SLP
TIJ,SNU
TIJ,TAM
TIJ,TGZ
TIJ,TLC
TIJ,TRC
TIJ,VER
TIJ,VRA
TIJ,VSA
TIJ,YUL
TIJ,YVR
TIJ,YYZ
TIJ,ZIH
TLC,ACA
TLC,AGU
TLC,BJX
TLC,CME
TLC,CUN
TLC,CUU
TLC,GDL
TLC,HAV
TLC,IAH
TLC,LAP
TLC,MEX
TLC,MTY
TLC,PVR
TLC,SJD
TLC,TIJ
TLC,VER
TLC,VSA
TLC,YVR
TLC,YYZ
TLC,ZIH
YYZ,ACA
YYZ,AGU
YYZ,BJX
YYZ,BOG
YYZ,CEN
YYZ,CJS
YYZ,CME
YYZ,CPE
YYZ,CTM
YYZ,CUL
YYZ,CUN
YYZ,CUU
YYZ,CZM
YYZ,GDL
YYZ,GUA
YYZ,HAV
YYZ,HMO
YYZ,HUX
YYZ,IAH
YYZ,LAS
YYZ,LAX
YYZ,LIM
YYZ,MEX
YYZ,MIA
YYZ,MID
YYZ,MTT
YYZ,MUD
YYZ,MZT
YYZ,OAX
YYZ,PQM
YYZ,PVR
YYZ,PXM
YYZ,SJD
YYZ,SJO
YYZ,SLP
YYZ,SNU
YYZ,TAM
YYZ,TGZ
YYZ,TIJ
YYZ,TLC
YYZ,TRC
YYZ,VER
YYZ,VRA
YYZ,VSA
YYZ,ZIH
TRC,ACA
TRC,AGU
TRC,BJX
TRC,BOG
TRC,CEN
TRC,CJS
TRC,CME
TRC,CPE
TRC,CUL
TRC,CUN
TRC,CUU
TRC,CZM
TRC,GDL
TRC,GUA
TRC,HAV
TRC,HMO
TRC,HUX
TRC,IAH
TRC,JFK
TRC,LAP
TRC,LAS
TRC,LAX
TRC,LIM
TRC,MCO
TRC,MEX
TRC,MIA
TRC,MID
TRC,MTT
TRC,MTY
TRC,MZT
TRC,OAX
TRC,PQM
TRC,PVR
TRC,PXM
TRC,QRO
TRC,SAT
TRC,SJD
TRC,SJO
TRC,SLP
TRC,SNU
TRC,TAM
TRC,TGZ
TRC,TIJ
TRC,VER
TRC,VRA
TRC,VSA
TRC,YUL
TRC,YVR
TRC,YYZ
TRC,ZIH
TGZ,ACA
TGZ,AGU
TGZ,BJX
TGZ,BOG
TGZ,CEN
TGZ,CJS
TGZ,CME
TGZ,CPE
TGZ,CTM
TGZ,CUL
TGZ,CUN
TGZ,CUU
TGZ,CZM
TGZ,DFW
TGZ,GDL
TGZ,GUA
TGZ,HAV
TGZ,HMO
TGZ,HUX
TGZ,IAH
TGZ,JFK
TGZ,LAP
TGZ,LAS
TGZ,LAX
TGZ,LIM
TGZ,MCO
TGZ,MEX
TGZ,MIA
TGZ,MID
TGZ,MTT
TGZ,MTY
TGZ,MZT
TGZ,OAX
TGZ,ORD
TGZ,PQM
TGZ,PVR
TGZ,PXM
TGZ,REX
TGZ,SAT
TGZ,SJD
TGZ,SJO
TGZ,SLP
TGZ,SNU
TGZ,TAM
TGZ,TIJ
TGZ,TRC
TGZ,VER
TGZ,VRA
TGZ,VSA
TGZ,YUL
TGZ,YVR
TGZ,YYZ
TGZ,ZIH
YVR,ACA
YVR,AGU
YVR,BJX
YVR,BOG
YVR,CEN
YVR,CJS
YVR,CME
YVR,CTM
YVR,CUL
YVR,CUN
YVR,CUU
YVR,CZM
YVR,GDL
YVR,GUA
YVR,HAV
YVR,HMO
YVR,HUX
YVR,MCO
YVR,MEX
YVR,MIA
YVR,MID
YVR,MTY
YVR,MZT
YVR,OAX
YVR,PQM
YVR,PVR
YVR,PXM
YVR,SJD
YVR,SJO
YVR,SNU
YVR,TAM
YVR,TGZ
YVR,TIJ
YVR,TLC
YVR,TRC
YVR,VER
YVR,VRA
YVR,VSA
YVR,ZIH
VRA,ACA
VRA,AGU
VRA,BJX
VRA,CUN
VRA,GDL
VRA,GUA
VRA,IAH
VRA,JFK
VRA,LAX
VRA,LIM
VRA,MEX
VRA,MIA
VRA,MID
VRA,MTT
VRA,MTY
VRA,OAX
VRA,REX
VRA,SJO
VRA,SLP
VRA,TAM
VRA,TGZ
VRA,TIJ
VRA,TRC
VRA,VER
VRA,VSA
VRA,YUL
VRA,YVR
VRA,YYZ
VRA,ZIH
VER,ACA
VER,AGU
VER,BJX
VER,BOG
VER,CEN
VER,CJS
VER,CME
VER,CPE
VER,CTM
VER,CUL
VER,CUN
VER,CUU
VER,CZM
VER,DFW
VER,GDL
VER,GUA
VER,HAV
VER,HMO
VER,HUX
VER,IAH
VER,JFK
VER,LAP
VER,LAX
VER,LIM
VER,MEX
VER,MIA
VER,MID
VER,MTT
VER,MTY
VER,MZT
VER,OAX
VER,ORD
VER,PQM
VER,PVR
VER,PXM
VER,REX
VER,SAT
VER,SJD
VER,SJO
VER,SLP
VER,SNU
VER,TAM
VER,TGZ
VER,TIJ
VER,TLC
VER,TRC
VER,VRA
VER,VSA
VER,YUL
VER,YVR
VER,YYZ
VER,ZIH
VSA,ACA
VSA,AGU
VSA,BJX
VSA,BOG
VSA,CEN
VSA,CJS
VSA,CME
VSA,CPE
VSA,CTM
VSA,CUL
VSA,CUN
VSA,CUU
VSA,CZM
VSA,DFW
VSA,GDL
VSA,GUA
VSA,HAV
VSA,HMO
VSA,HUX
VSA,IAH
VSA,JFK
VSA,LAP
VSA,LAS
VSA,LAX
VSA,LIM
VSA,MCO
VSA,MEX
VSA,MIA
VSA,MID
VSA,MTT
VSA,MTY
VSA,MZT
VSA,OAX
VSA,ORD
VSA,PQM
VSA,PVR
VSA,PXM
VSA,REX
VSA,SAT
VSA,SJD
VSA,SJO
VSA,SLP
VSA,SNU
VSA,TAM
VSA,TGZ
VSA,TIJ
VSA,TLC
VSA,TRC
VSA,VER
VSA,VRA
VSA,YUL
VSA,YVR
VSA,YYZ
VSA,ZIH
ZIH,AGU
ZIH,BJX
ZIH,BOG
ZIH,CEN
ZIH,CJS
ZIH,CME
ZIH,CPE
ZIH,CTM
ZIH,CUL
ZIH,CUN
ZIH,CUU
ZIH,DFW
ZIH,GDL
ZIH,GUA
ZIH,HMO
ZIH,HUX
ZIH,IAH
ZIH,JFK
ZIH,LAX
ZIH,LIM
ZIH,MEX
ZIH,MIA
ZIH,MID
ZIH,MTT
ZIH,MTY
ZIH,MZT
ZIH,OAX
ZIH,ORD
ZIH,PVR
ZIH,REX
ZIH,SAT
ZIH,SJD
ZIH,SJO
ZIH,SLP
ZIH,SNU
ZIH,TAM
ZIH,TGZ
ZIH,TIJ
ZIH,TLC
ZIH,TRC
ZIH,VER
ZIH,VRA
ZIH,VSA
ZIH,YUL
ZIH,YVR
ZIH,YYZ
