PAP,HYA
PAP,PBI
PAP,ACK
PAP,BGI
PAP,ATL
PAP,BOS
PAP,POS
PAP,NAS
PAP,FLL
PAP,GND
PAP,EWR
PAP,NYC
PAP,DCA
PAP,BOG
PAP,GYE
PAP,TPA
PAP,MBJ
PAP,SYR
PAP,WAS
PAP,ROC
PAP,SXM
PAP,POP
PAP,MDE
PAP,JFK
PAP,PVD
PAP,IAD
PAP,BWI
PAP,BUF
PAP,RIC
PAP,UVF
PAP,AUA
PAP,BDA
PAP,JAX
PAP,BQN
PAP,MVY
PAP,GCM
PAP,STI
PAP,SJU
PAP,STT
PAP,CHS
PAP,HPN
PAP,CLT
PAP,CUN
PAP,BNA
PAP,STX
PAP,HAV
PAP,PWM
PAP,MCO
PAP,BTV
PAP,PLS
PAP,SDQ
PAP,PUJ
PAP,PHL
PAP,PIT
PAP,SRQ
PAP,LGA
PAP,LRM
PAP,SAV
PAP,ANU
PAP,SNU
PAP,KIN
PAP,DAB
PAP,ALB
PAP,RSW
PAP,RDU
HYA,PAP
HYA,PBI
HYA,ACK
HYA,BGI
HYA,ATL
HYA,BOS
HYA,POS
HYA,NAS
HYA,FLL
HYA,GND
HYA,EWR
HYA,NYC
HYA,DCA
HYA,BOG
HYA,GYE
HYA,TPA
HYA,MBJ
HYA,SYR
HYA,WAS
HYA,ROC
HYA,SXM
HYA,POP
HYA,MDE
HYA,JFK
HYA,PVD
HYA,IAD
HYA,BWI
HYA,BUF
HYA,RIC
HYA,UVF
HYA,AUA
HYA,BDA
HYA,JAX
HYA,BQN
HYA,MVY
HYA,GCM
HYA,STI
HYA,SJU
HYA,STT
HYA,CHS
HYA,HPN
HYA,CLT
HYA,CUN
HYA,BNA
HYA,STX
HYA,HAV
HYA,PWM
HYA,MCO
HYA,BTV
HYA,PLS
HYA,SDQ
HYA,PUJ
HYA,PHL
HYA,PIT
HYA,SRQ
HYA,LGA
HYA,LRM
HYA,SAV
HYA,ANU
HYA,SNU
HYA,KIN
HYA,DAB
HYA,ALB
HYA,RSW
HYA,RDU
PBI,PAP
PBI,HYA
PBI,ACK
PBI,BGI
PBI,ATL
PBI,BOS
PBI,POS
PBI,NAS
PBI,FLL
PBI,GND
PBI,EWR
PBI,NYC
PBI,DCA
PBI,BOG
PBI,GYE
PBI,TPA
PBI,MBJ
PBI,SYR
PBI,WAS
PBI,ROC
PBI,SXM
PBI,POP
PBI,MDE
PBI,JFK
PBI,PVD
PBI,IAD
PBI,BWI
PBI,BUF
PBI,RIC
PBI,UVF
PBI,AUA
PBI,BDA
PBI,JAX
PBI,BQN
PBI,MVY
PBI,GCM
PBI,STI
PBI,SJU
PBI,STT
PBI,CHS
PBI,HPN
PBI,CLT
PBI,CUN
PBI,BNA
PBI,STX
PBI,HAV
PBI,PWM
PBI,MCO
PBI,BTV
PBI,PLS
PBI,SDQ
PBI,PUJ
PBI,PHL
PBI,PIT
PBI,SRQ
PBI,LGA
PBI,LRM
PBI,SAV
PBI,ANU
PBI,SNU
PBI,KIN
PBI,DAB
PBI,ALB
PBI,RSW
PBI,RDU
ACK,PAP
ACK,HYA
ACK,PBI
ACK,BGI
ACK,ATL
ACK,BOS
ACK,POS
ACK,NAS
ACK,FLL
ACK,GND
ACK,EWR
ACK,NYC
ACK,DCA
ACK,BOG
ACK,GYE
ACK,TPA
ACK,MBJ
ACK,SYR
ACK,WAS
ACK,ROC
ACK,SXM
ACK,POP
ACK,MDE
ACK,JFK
ACK,PVD
ACK,IAD
ACK,BWI
ACK,BUF
ACK,RIC
ACK,UVF
ACK,AUA
ACK,BDA
ACK,JAX
ACK,BQN
ACK,MVY
ACK,GCM
ACK,STI
ACK,SJU
ACK,STT
ACK,CHS
ACK,HPN
ACK,CLT
ACK,CUN
ACK,BNA
ACK,STX
ACK,HAV
ACK,PWM
ACK,MCO
ACK,BTV
ACK,PLS
ACK,SDQ
ACK,PUJ
ACK,PHL
ACK,PIT
ACK,SRQ
ACK,LGA
ACK,LRM
ACK,SAV
ACK,ANU
ACK,SNU
ACK,KIN
ACK,DAB
ACK,ALB
ACK,RSW
ACK,RDU
BGI,PAP
BGI,HYA
BGI,PBI
BGI,ACK
BGI,ATL
BGI,BOS
BGI,POS
BGI,NAS
BGI,FLL
BGI,GND
BGI,EWR
BGI,NYC
BGI,DCA
BGI,BOG
BGI,GYE
BGI,TPA
BGI,MBJ
BGI,SYR
BGI,WAS
BGI,ROC
BGI,SXM
BGI,POP
BGI,MDE
BGI,JFK
BGI,PVD
BGI,IAD
BGI,BWI
BGI,BUF
BGI,RIC
BGI,UVF
BGI,AUA
BGI,BDA
BGI,JAX
BGI,BQN
BGI,MVY
BGI,GCM
BGI,STI
BGI,SJU
BGI,STT
BGI,CHS
BGI,HPN
BGI,CLT
BGI,CUN
BGI,BNA
BGI,STX
BGI,HAV
BGI,PWM
BGI,MCO
BGI,BTV
BGI,PLS
BGI,SDQ
BGI,PUJ
BGI,PHL
BGI,PIT
BGI,SRQ
BGI,LGA
BGI,LRM
BGI,SAV
BGI,ANU
BGI,SNU
BGI,KIN
BGI,DAB
BGI,ALB
BGI,RSW
BGI,RDU
ATL,PAP
ATL,HYA
ATL,PBI
ATL,ACK
ATL,BGI
ATL,BOS
ATL,POS
ATL,NAS
ATL,FLL
ATL,GND
ATL,EWR
ATL,NYC
ATL,DCA
ATL,BOG
ATL,GYE
ATL,TPA
ATL,MBJ
ATL,SYR
ATL,WAS
ATL,ROC
ATL,SXM
ATL,POP
ATL,MDE
ATL,JFK
ATL,PVD
ATL,IAD
ATL,BWI
ATL,BUF
ATL,RIC
ATL,UVF
ATL,AUA
ATL,BDA
ATL,JAX
ATL,BQN
ATL,MVY
ATL,GCM
ATL,STI
ATL,SJU
ATL,STT
ATL,CHS
ATL,HPN
ATL,CLT
ATL,CUN
ATL,BNA
ATL,STX
ATL,HAV
ATL,PWM
ATL,MCO
ATL,BTV
ATL,PLS
ATL,SDQ
ATL,PUJ
ATL,PHL
ATL,PIT
ATL,SRQ
ATL,LGA
ATL,LRM
ATL,SAV
ATL,ANU
ATL,SNU
ATL,KIN
ATL,DAB
ATL,ALB
ATL,RSW
ATL,RDU
BOS,PAP
BOS,HYA
BOS,PBI
BOS,ACK
BOS,BGI
BOS,ATL
BOS,POS
BOS,NAS
BOS,FLL
BOS,GND
BOS,EWR
BOS,NYC
BOS,DCA
BOS,BOG
BOS,GYE
BOS,TPA
BOS,MBJ
BOS,SYR
BOS,WAS
BOS,ROC
BOS,SXM
BOS,POP
BOS,MDE
BOS,JFK
BOS,PVD
BOS,IAD
BOS,BWI
BOS,BUF
BOS,RIC
BOS,UVF
BOS,AUA
BOS,BDA
BOS,JAX
BOS,BQN
BOS,MVY
BOS,GCM
BOS,STI
BOS,SJU
BOS,STT
BOS,CHS
BOS,HPN
BOS,CLT
BOS,CUN
BOS,BNA
BOS,STX
BOS,HAV
BOS,PWM
BOS,MCO
BOS,BTV
BOS,PLS
BOS,SDQ
BOS,PUJ
BOS,PHL
BOS,PIT
BOS,SRQ
BOS,LGA
BOS,LRM
BOS,SAV
BOS,ANU
BOS,SNU
BOS,KIN
BOS,DAB
BOS,ALB
BOS,RSW
BOS,RDU
POS,PAP
POS,HYA
POS,PBI
POS,ACK
POS,BGI
POS,ATL
POS,BOS
POS,NAS
POS,FLL
POS,GND
POS,EWR
POS,NYC
POS,DCA
POS,BOG
POS,GYE
POS,TPA
POS,MBJ
POS,SYR
POS,WAS
POS,ROC
POS,SXM
POS,POP
POS,MDE
POS,JFK
POS,PVD
POS,IAD
POS,BWI
POS,BUF
POS,RIC
POS,UVF
POS,AUA
POS,BDA
POS,JAX
POS,BQN
POS,MVY
POS,GCM
POS,STI
POS,SJU
POS,STT
POS,CHS
POS,HPN
POS,CLT
POS,CUN
POS,BNA
POS,STX
POS,HAV
POS,PWM
POS,MCO
POS,BTV
POS,PLS
POS,SDQ
POS,PUJ
POS,PHL
POS,PIT
POS,SRQ
POS,LGA
POS,LRM
POS,SAV
POS,ANU
POS,SNU
POS,KIN
POS,DAB
POS,ALB
POS,RSW
POS,RDU
NAS,PAP
NAS,HYA
NAS,PBI
NAS,ACK
NAS,BGI
NAS,ATL
NAS,BOS
NAS,POS
NAS,FLL
NAS,GND
NAS,EWR
NAS,NYC
NAS,DCA
NAS,BOG
NAS,GYE
NAS,TPA
NAS,MBJ
NAS,SYR
NAS,WAS
NAS,ROC
NAS,SXM
NAS,POP
NAS,MDE
NAS,JFK
NAS,PVD
NAS,IAD
NAS,BWI
NAS,BUF
NAS,RIC
NAS,UVF
NAS,AUA
NAS,BDA
NAS,JAX
NAS,BQN
NAS,MVY
NAS,GCM
NAS,STI
NAS,SJU
NAS,STT
NAS,CHS
NAS,HPN
NAS,CLT
NAS,CUN
NAS,BNA
NAS,STX
NAS,HAV
NAS,PWM
NAS,MCO
NAS,BTV
NAS,PLS
NAS,SDQ
NAS,PUJ
NAS,PHL
NAS,PIT
NAS,SRQ
NAS,LGA
NAS,LRM
NAS,SAV
NAS,ANU
NAS,SNU
NAS,KIN
NAS,DAB
NAS,ALB
NAS,RSW
NAS,RDU
FLL,PAP
FLL,HYA
FLL,PBI
FLL,ACK
FLL,BGI
FLL,ATL
FLL,BOS
FLL,POS
FLL,NAS
FLL,GND
FLL,EWR
FLL,NYC
FLL,DCA
FLL,BOG
FLL,GYE
FLL,TPA
FLL,MBJ
FLL,SYR
FLL,WAS
FLL,ROC
FLL,SXM
FLL,POP
FLL,MDE
FLL,JFK
FLL,PVD
FLL,IAD
FLL,BWI
FLL,BUF
FLL,RIC
FLL,UVF
FLL,AUA
FLL,BDA
FLL,JAX
FLL,BQN
FLL,MVY
FLL,GCM
FLL,STI
FLL,SJU
FLL,STT
FLL,CHS
FLL,HPN
FLL,CLT
FLL,CUN
FLL,BNA
FLL,STX
FLL,HAV
FLL,PWM
FLL,MCO
FLL,BTV
FLL,PLS
FLL,SDQ
FLL,PUJ
FLL,PHL
FLL,PIT
FLL,SRQ
FLL,LGA
FLL,LRM
FLL,SAV
FLL,ANU
FLL,SNU
FLL,KIN
FLL,DAB
FLL,ALB
FLL,RSW
FLL,RDU
GND,PAP
GND,HYA
GND,PBI
GND,ACK
GND,BGI
GND,ATL
GND,BOS
GND,POS
GND,NAS
GND,FLL
GND,EWR
GND,NYC
GND,DCA
GND,BOG
GND,GYE
GND,TPA
GND,MBJ
GND,SYR
GND,WAS
GND,ROC
GND,SXM
GND,POP
GND,MDE
GND,JFK
GND,PVD
GND,IAD
GND,BWI
GND,BUF
GND,RIC
GND,UVF
GND,AUA
GND,BDA
GND,JAX
GND,BQN
GND,MVY
GND,GCM
GND,STI
GND,SJU
GND,STT
GND,CHS
GND,HPN
GND,CLT
GND,CUN
GND,BNA
GND,STX
GND,HAV
GND,PWM
GND,MCO
GND,BTV
GND,PLS
GND,SDQ
GND,PUJ
GND,PHL
GND,PIT
GND,SRQ
GND,LGA
GND,LRM
GND,SAV
GND,ANU
GND,SNU
GND,KIN
GND,DAB
GND,ALB
GND,RSW
GND,RDU
EWR,PAP
EWR,HYA
EWR,PBI
EWR,ACK
EWR,BGI
EWR,ATL
EWR,BOS
EWR,POS
EWR,NAS
EWR,FLL
EWR,GND
EWR,NYC
EWR,DCA
EWR,BOG
EWR,GYE
EWR,TPA
EWR,MBJ
EWR,SYR
EWR,WAS
EWR,ROC
EWR,SXM
EWR,POP
EWR,MDE
EWR,JFK
EWR,PVD
EWR,IAD
EWR,BWI
EWR,BUF
EWR,RIC
EWR,UVF
EWR,AUA
EWR,BDA
EWR,JAX
EWR,BQN
EWR,MVY
EWR,GCM
EWR,STI
EWR,SJU
EWR,STT
EWR,CHS
EWR,HPN
EWR,CLT
EWR,CUN
EWR,BNA
EWR,STX
EWR,HAV
EWR,PWM
EWR,MCO
EWR,BTV
EWR,PLS
EWR,SDQ
EWR,PUJ
EWR,PHL
EWR,PIT
EWR,SRQ
EWR,LGA
EWR,LRM
EWR,SAV
EWR,ANU
EWR,SNU
EWR,KIN
EWR,DAB
EWR,ALB
EWR,RSW
EWR,RDU
NYC,PAP
NYC,HYA
NYC,PBI
NYC,ACK
NYC,BGI
NYC,ATL
NYC,BOS
NYC,POS
NYC,NAS
NYC,FLL
NYC,GND
NYC,EWR
NYC,DCA
NYC,BOG
NYC,GYE
NYC,TPA
NYC,MBJ
NYC,SYR
NYC,WAS
NYC,ROC
NYC,SXM
NYC,POP
NYC,MDE
NYC,JFK
NYC,PVD
NYC,IAD
NYC,BWI
NYC,BUF
NYC,RIC
NYC,UVF
NYC,AUA
NYC,BDA
NYC,JAX
NYC,BQN
NYC,MVY
NYC,GCM
NYC,STI
NYC,SJU
NYC,STT
NYC,CHS
NYC,HPN
NYC,CLT
NYC,CUN
NYC,BNA
NYC,STX
NYC,HAV
NYC,PWM
NYC,MCO
NYC,BTV
NYC,PLS
NYC,SDQ
NYC,PUJ
NYC,PHL
NYC,PIT
NYC,SRQ
NYC,LGA
NYC,LRM
NYC,SAV
NYC,ANU
NYC,SNU
NYC,KIN
NYC,DAB
NYC,ALB
NYC,RSW
NYC,RDU
DCA,PAP
DCA,HYA
DCA,PBI
DCA,ACK
DCA,BGI
DCA,ATL
DCA,BOS
DCA,POS
DCA,NAS
DCA,FLL
DCA,GND
DCA,EWR
DCA,NYC
DCA,BOG
DCA,GYE
DCA,TPA
DCA,MBJ
DCA,SYR
DCA,WAS
DCA,ROC
DCA,SXM
DCA,POP
DCA,MDE
DCA,JFK
DCA,PVD
DCA,IAD
DCA,BWI
DCA,BUF
DCA,RIC
DCA,UVF
DCA,AUA
DCA,BDA
DCA,JAX
DCA,BQN
DCA,MVY
DCA,GCM
DCA,STI
DCA,SJU
DCA,STT
DCA,CHS
DCA,HPN
DCA,CLT
DCA,CUN
DCA,BNA
DCA,STX
DCA,HAV
DCA,PWM
DCA,MCO
DCA,BTV
DCA,PLS
DCA,SDQ
DCA,PUJ
DCA,PHL
DCA,PIT
DCA,SRQ
DCA,LGA
DCA,LRM
DCA,SAV
DCA,ANU
DCA,SNU
DCA,KIN
DCA,DAB
DCA,ALB
DCA,RSW
DCA,RDU
BOG,PAP
BOG,HYA
BOG,PBI
BOG,ACK
BOG,BGI
BOG,ATL
BOG,BOS
BOG,POS
BOG,NAS
BOG,FLL
BOG,GND
BOG,EWR
BOG,NYC
BOG,DCA
BOG,GYE
BOG,TPA
BOG,MBJ
BOG,SYR
BOG,WAS
BOG,ROC
BOG,SXM
BOG,POP
BOG,MDE
BOG,JFK
BOG,PVD
BOG,IAD
BOG,BWI
BOG,BUF
BOG,RIC
BOG,UVF
BOG,AUA
BOG,BDA
BOG,JAX
BOG,BQN
BOG,MVY
BOG,GCM
BOG,STI
BOG,SJU
BOG,STT
BOG,CHS
BOG,HPN
BOG,CLT
BOG,CUN
BOG,BNA
BOG,STX
BOG,HAV
BOG,PWM
BOG,MCO
BOG,BTV
BOG,PLS
BOG,SDQ
BOG,PUJ
BOG,PHL
BOG,PIT
BOG,SRQ
BOG,LGA
BOG,LRM
BOG,SAV
BOG,ANU
BOG,SNU
BOG,KIN
BOG,DAB
BOG,ALB
BOG,RSW
BOG,RDU
GYE,PAP
GYE,HYA
GYE,PBI
GYE,ACK
GYE,BGI
GYE,ATL
GYE,BOS
GYE,POS
GYE,NAS
GYE,FLL
GYE,GND
GYE,EWR
GYE,NYC
GYE,DCA
GYE,BOG
GYE,TPA
GYE,MBJ
GYE,SYR
GYE,WAS
GYE,ROC
GYE,SXM
GYE,POP
GYE,MDE
GYE,JFK
GYE,PVD
GYE,IAD
GYE,BWI
GYE,BUF
GYE,RIC
GYE,UVF
GYE,AUA
GYE,BDA
GYE,JAX
GYE,BQN
GYE,MVY
GYE,GCM
GYE,STI
GYE,SJU
GYE,STT
GYE,CHS
GYE,HPN
GYE,CLT
GYE,CUN
GYE,BNA
GYE,STX
GYE,HAV
GYE,PWM
GYE,MCO
GYE,BTV
GYE,PLS
GYE,SDQ
GYE,PUJ
GYE,PHL
GYE,PIT
GYE,SRQ
GYE,LGA
GYE,LRM
GYE,SAV
GYE,ANU
GYE,SNU
GYE,KIN
GYE,DAB
GYE,ALB
GYE,RSW
GYE,RDU
TPA,PAP
TPA,HYA
TPA,PBI
TPA,ACK
TPA,BGI
TPA,ATL
TPA,BOS
TPA,POS
TPA,NAS
TPA,FLL
TPA,GND
TPA,EWR
TPA,NYC
TPA,DCA
TPA,BOG
TPA,GYE
TPA,MBJ
TPA,SYR
TPA,WAS
TPA,ROC
TPA,SXM
TPA,POP
TPA,MDE
TPA,JFK
TPA,PVD
TPA,IAD
TPA,BWI
TPA,BUF
TPA,RIC
TPA,UVF
TPA,AUA
TPA,BDA
TPA,JAX
TPA,BQN
TPA,MVY
TPA,GCM
TPA,STI
TPA,SJU
TPA,STT
TPA,CHS
TPA,HPN
TPA,CLT
TPA,CUN
TPA,BNA
TPA,STX
TPA,HAV
TPA,PWM
TPA,MCO
TPA,BTV
TPA,PLS
TPA,SDQ
TPA,PUJ
TPA,PHL
TPA,PIT
TPA,SRQ
TPA,LGA
TPA,LRM
TPA,SAV
TPA,ANU
TPA,SNU
TPA,KIN
TPA,DAB
TPA,ALB
TPA,RSW
TPA,RDU
MBJ,PAP
MBJ,HYA
MBJ,PBI
MBJ,ACK
MBJ,BGI
MBJ,ATL
MBJ,BOS
MBJ,POS
MBJ,NAS
MBJ,FLL
MBJ,GND
MBJ,EWR
MBJ,NYC
MBJ,DCA
MBJ,BOG
MBJ,GYE
MBJ,TPA
MBJ,SYR
MBJ,WAS
MBJ,ROC
MBJ,SXM
MBJ,POP
MBJ,MDE
MBJ,JFK
MBJ,PVD
MBJ,IAD
MBJ,BWI
MBJ,BUF
MBJ,RIC
MBJ,UVF
MBJ,AUA
MBJ,BDA
MBJ,JAX
MBJ,BQN
MBJ,MVY
MBJ,GCM
MBJ,STI
MBJ,SJU
MBJ,STT
MBJ,CHS
MBJ,HPN
MBJ,CLT
MBJ,CUN
MBJ,BNA
MBJ,STX
MBJ,HAV
MBJ,PWM
MBJ,MCO
MBJ,BTV
MBJ,PLS
MBJ,SDQ
MBJ,PUJ
MBJ,PHL
MBJ,PIT
MBJ,SRQ
MBJ,LGA
MBJ,LRM
MBJ,SAV
MBJ,ANU
MBJ,SNU
MBJ,KIN
MBJ,DAB
MBJ,ALB
MBJ,RSW
MBJ,RDU
SYR,PAP
SYR,HYA
SYR,PBI
SYR,ACK
SYR,BGI
SYR,ATL
SYR,BOS
SYR,POS
SYR,NAS
SYR,FLL
SYR,GND
SYR,EWR
SYR,NYC
SYR,DCA
SYR,BOG
SYR,GYE
SYR,TPA
SYR,MBJ
SYR,WAS
SYR,ROC
SYR,SXM
SYR,POP
SYR,MDE
SYR,JFK
SYR,PVD
SYR,IAD
SYR,BWI
SYR,BUF
SYR,RIC
SYR,UVF
SYR,AUA
SYR,BDA
SYR,JAX
SYR,BQN
SYR,MVY
SYR,GCM
SYR,STI
SYR,SJU
SYR,STT
SYR,CHS
SYR,HPN
SYR,CLT
SYR,CUN
SYR,BNA
SYR,STX
SYR,HAV
SYR,PWM
SYR,MCO
SYR,BTV
SYR,PLS
SYR,SDQ
SYR,PUJ
SYR,PHL
SYR,PIT
SYR,SRQ
SYR,LGA
SYR,LRM
SYR,SAV
SYR,ANU
SYR,SNU
SYR,KIN
SYR,DAB
SYR,ALB
SYR,RSW
SYR,RDU
WAS,PAP
WAS,HYA
WAS,PBI
WAS,ACK
WAS,BGI
WAS,ATL
WAS,BOS
WAS,POS
WAS,NAS
WAS,FLL
WAS,GND
WAS,EWR
WAS,NYC
WAS,DCA
WAS,BOG
WAS,GYE
WAS,TPA
WAS,MBJ
WAS,SYR
WAS,ROC
WAS,SXM
WAS,POP
WAS,MDE
WAS,JFK
WAS,PVD
WAS,IAD
WAS,BWI
WAS,BUF
WAS,RIC
WAS,UVF
WAS,AUA
WAS,BDA
WAS,JAX
WAS,BQN
WAS,MVY
WAS,GCM
WAS,STI
WAS,SJU
WAS,STT
WAS,CHS
WAS,HPN
WAS,CLT
WAS,CUN
WAS,BNA
WAS,STX
WAS,HAV
WAS,PWM
WAS,MCO
WAS,BTV
WAS,PLS
WAS,SDQ
WAS,PUJ
WAS,PHL
WAS,PIT
WAS,SRQ
WAS,LGA
WAS,LRM
WAS,SAV
WAS,ANU
WAS,SNU
WAS,KIN
WAS,DAB
WAS,ALB
WAS,RSW
WAS,RDU
ROC,PAP
ROC,HYA
ROC,PBI
ROC,ACK
ROC,BGI
ROC,ATL
ROC,BOS
ROC,POS
ROC,NAS
ROC,FLL
ROC,GND
ROC,EWR
ROC,NYC
ROC,DCA
ROC,BOG
ROC,GYE
ROC,TPA
ROC,MBJ
ROC,SYR
ROC,WAS
ROC,SXM
ROC,POP
ROC,MDE
ROC,JFK
ROC,PVD
ROC,IAD
ROC,BWI
ROC,BUF
ROC,RIC
ROC,UVF
ROC,AUA
ROC,BDA
ROC,JAX
ROC,BQN
ROC,MVY
ROC,GCM
ROC,STI
ROC,SJU
ROC,STT
ROC,CHS
ROC,HPN
ROC,CLT
ROC,CUN
ROC,BNA
ROC,STX
ROC,HAV
ROC,PWM
ROC,MCO
ROC,BTV
ROC,PLS
ROC,SDQ
ROC,PUJ
ROC,PHL
ROC,PIT
ROC,SRQ
ROC,LGA
ROC,LRM
ROC,SAV
ROC,ANU
ROC,SNU
ROC,KIN
ROC,DAB
ROC,ALB
ROC,RSW
ROC,RDU
SXM,PAP
SXM,HYA
SXM,PBI
SXM,ACK
SXM,BGI
SXM,ATL
SXM,BOS
SXM,POS
SXM,NAS
SXM,FLL
SXM,GND
SXM,EWR
SXM,NYC
SXM,DCA
SXM,BOG
SXM,GYE
SXM,TPA
SXM,MBJ
SXM,SYR
SXM,WAS
SXM,ROC
SXM,POP
SXM,MDE
SXM,JFK
SXM,PVD
SXM,IAD
SXM,BWI
SXM,BUF
SXM,RIC
SXM,UVF
SXM,AUA
SXM,BDA
SXM,JAX
SXM,BQN
SXM,MVY
SXM,GCM
SXM,STI
SXM,SJU
SXM,STT
SXM,CHS
SXM,HPN
SXM,CLT
SXM,CUN
SXM,BNA
SXM,STX
SXM,HAV
SXM,PWM
SXM,MCO
SXM,BTV
SXM,PLS
SXM,SDQ
SXM,PUJ
SXM,PHL
SXM,PIT
SXM,SRQ
SXM,LGA
SXM,LRM
SXM,SAV
SXM,ANU
SXM,SNU
SXM,KIN
SXM,DAB
SXM,ALB
SXM,RSW
SXM,RDU
POP,PAP
POP,HYA
POP,PBI
POP,ACK
POP,BGI
POP,ATL
POP,BOS
POP,POS
POP,NAS
POP,FLL
POP,GND
POP,EWR
POP,NYC
POP,DCA
POP,BOG
POP,GYE
POP,TPA
POP,MBJ
POP,SYR
POP,WAS
POP,ROC
POP,SXM
POP,MDE
POP,JFK
POP,PVD
POP,IAD
POP,BWI
POP,BUF
POP,RIC
POP,UVF
POP,AUA
POP,BDA
POP,JAX
POP,BQN
POP,MVY
POP,GCM
POP,STI
POP,SJU
POP,STT
POP,CHS
POP,HPN
POP,CLT
POP,CUN
POP,BNA
POP,STX
POP,HAV
POP,PWM
POP,MCO
POP,BTV
POP,PLS
POP,SDQ
POP,PUJ
POP,PHL
POP,PIT
POP,SRQ
POP,LGA
POP,LRM
POP,SAV
POP,ANU
POP,SNU
POP,KIN
POP,DAB
POP,ALB
POP,RSW
POP,RDU
MDE,PAP
MDE,HYA
MDE,PBI
MDE,ACK
MDE,BGI
MDE,ATL
MDE,BOS
MDE,POS
MDE,NAS
MDE,FLL
MDE,GND
MDE,EWR
MDE,NYC
MDE,DCA
MDE,BOG
MDE,GYE
MDE,TPA
MDE,MBJ
MDE,SYR
MDE,WAS
MDE,ROC
MDE,SXM
MDE,POP
MDE,JFK
MDE,PVD
MDE,IAD
MDE,BWI
MDE,BUF
MDE,RIC
MDE,UVF
MDE,AUA
MDE,BDA
MDE,JAX
MDE,BQN
MDE,MVY
MDE,GCM
MDE,STI
MDE,SJU
MDE,STT
MDE,CHS
MDE,HPN
MDE,CLT
MDE,CUN
MDE,BNA
MDE,STX
MDE,HAV
MDE,PWM
MDE,MCO
MDE,BTV
MDE,PLS
MDE,SDQ
MDE,PUJ
MDE,PHL
MDE,PIT
MDE,SRQ
MDE,LGA
MDE,LRM
MDE,SAV
MDE,ANU
MDE,SNU
MDE,KIN
MDE,DAB
MDE,ALB
MDE,RSW
MDE,RDU
JFK,PAP
JFK,HYA
JFK,PBI
JFK,ACK
JFK,BGI
JFK,ATL
JFK,BOS
JFK,POS
JFK,NAS
JFK,FLL
JFK,GND
JFK,EWR
JFK,NYC
JFK,DCA
JFK,BOG
JFK,GYE
JFK,TPA
JFK,MBJ
JFK,SYR
JFK,WAS
JFK,ROC
JFK,SXM
JFK,POP
JFK,MDE
JFK,PVD
JFK,IAD
JFK,BWI
JFK,BUF
JFK,RIC
JFK,UVF
JFK,AUA
JFK,BDA
JFK,JAX
JFK,BQN
JFK,MVY
JFK,GCM
JFK,STI
JFK,SJU
JFK,STT
JFK,CHS
JFK,HPN
JFK,CLT
JFK,CUN
JFK,BNA
JFK,STX
JFK,HAV
JFK,PWM
JFK,MCO
JFK,BTV
JFK,PLS
JFK,SDQ
JFK,PUJ
JFK,PHL
JFK,PIT
JFK,SRQ
JFK,LGA
JFK,LRM
JFK,SAV
JFK,ANU
JFK,SNU
JFK,KIN
JFK,DAB
JFK,ALB
JFK,RSW
JFK,RDU
PVD,PAP
PVD,HYA
PVD,PBI
PVD,ACK
PVD,BGI
PVD,ATL
PVD,BOS
PVD,POS
PVD,NAS
PVD,FLL
PVD,GND
PVD,EWR
PVD,NYC
PVD,DCA
PVD,BOG
PVD,GYE
PVD,TPA
PVD,MBJ
PVD,SYR
PVD,WAS
PVD,ROC
PVD,SXM
PVD,POP
PVD,MDE
PVD,JFK
PVD,IAD
PVD,BWI
PVD,BUF
PVD,RIC
PVD,UVF
PVD,AUA
PVD,BDA
PVD,JAX
PVD,BQN
PVD,MVY
PVD,GCM
PVD,STI
PVD,SJU
PVD,STT
PVD,CHS
PVD,HPN
PVD,CLT
PVD,CUN
PVD,BNA
PVD,STX
PVD,HAV
PVD,PWM
PVD,MCO
PVD,BTV
PVD,PLS
PVD,SDQ
PVD,PUJ
PVD,PHL
PVD,PIT
PVD,SRQ
PVD,LGA
PVD,LRM
PVD,SAV
PVD,ANU
PVD,SNU
PVD,KIN
PVD,DAB
PVD,ALB
PVD,RSW
PVD,RDU
IAD,PAP
IAD,HYA
IAD,PBI
IAD,ACK
IAD,BGI
IAD,ATL
IAD,BOS
IAD,POS
IAD,NAS
IAD,FLL
IAD,GND
IAD,EWR
IAD,NYC
IAD,DCA
IAD,BOG
IAD,GYE
IAD,TPA
IAD,MBJ
IAD,SYR
IAD,WAS
IAD,ROC
IAD,SXM
IAD,POP
IAD,MDE
IAD,JFK
IAD,PVD
IAD,BWI
IAD,BUF
IAD,RIC
IAD,UVF
IAD,AUA
IAD,BDA
IAD,JAX
IAD,BQN
IAD,MVY
IAD,GCM
IAD,STI
IAD,SJU
IAD,STT
IAD,CHS
IAD,HPN
IAD,CLT
IAD,CUN
IAD,BNA
IAD,STX
IAD,HAV
IAD,PWM
IAD,MCO
IAD,BTV
IAD,PLS
IAD,SDQ
IAD,PUJ
IAD,PHL
IAD,PIT
IAD,SRQ
IAD,LGA
IAD,LRM
IAD,SAV
IAD,ANU
IAD,SNU
IAD,KIN
IAD,DAB
IAD,ALB
IAD,RSW
IAD,RDU
BWI,PAP
BWI,HYA
BWI,PBI
BWI,ACK
BWI,BGI
BWI,ATL
BWI,BOS
BWI,POS
BWI,NAS
BWI,FLL
BWI,GND
BWI,EWR
BWI,NYC
BWI,DCA
BWI,BOG
BWI,GYE
BWI,TPA
BWI,MBJ
BWI,SYR
BWI,WAS
BWI,ROC
BWI,SXM
BWI,POP
BWI,MDE
BWI,JFK
BWI,PVD
BWI,IAD
BWI,BUF
BWI,RIC
BWI,UVF
BWI,AUA
BWI,BDA
BWI,JAX
BWI,BQN
BWI,MVY
BWI,GCM
BWI,STI
BWI,SJU
BWI,STT
BWI,CHS
BWI,HPN
BWI,CLT
BWI,CUN
BWI,BNA
BWI,STX
BWI,HAV
BWI,PWM
BWI,MCO
BWI,BTV
BWI,PLS
BWI,SDQ
BWI,PUJ
BWI,PHL
BWI,PIT
BWI,SRQ
BWI,LGA
BWI,LRM
BWI,SAV
BWI,ANU
BWI,SNU
BWI,KIN
BWI,DAB
BWI,ALB
BWI,RSW
BWI,RDU
BUF,PAP
BUF,HYA
BUF,PBI
BUF,ACK
BUF,BGI
BUF,ATL
BUF,BOS
BUF,POS
BUF,NAS
BUF,FLL
BUF,GND
BUF,EWR
BUF,NYC
BUF,DCA
BUF,BOG
BUF,GYE
BUF,TPA
BUF,MBJ
BUF,SYR
BUF,WAS
BUF,ROC
BUF,SXM
BUF,POP
BUF,MDE
BUF,JFK
BUF,PVD
BUF,IAD
BUF,BWI
BUF,RIC
BUF,UVF
BUF,AUA
BUF,BDA
BUF,JAX
BUF,BQN
BUF,MVY
BUF,GCM
BUF,STI
BUF,SJU
BUF,STT
BUF,CHS
BUF,HPN
BUF,CLT
BUF,CUN
BUF,BNA
BUF,STX
BUF,HAV
BUF,PWM
BUF,MCO
BUF,BTV
BUF,PLS
BUF,SDQ
BUF,PUJ
BUF,PHL
BUF,PIT
BUF,SRQ
BUF,LGA
BUF,LRM
BUF,SAV
BUF,ANU
BUF,SNU
BUF,KIN
BUF,DAB
BUF,ALB
BUF,RSW
BUF,RDU
RIC,PAP
RIC,HYA
RIC,PBI
RIC,ACK
RIC,BGI
RIC,ATL
RIC,BOS
RIC,POS
RIC,NAS
RIC,FLL
RIC,GND
RIC,EWR
RIC,NYC
RIC,DCA
RIC,BOG
RIC,GYE
RIC,TPA
RIC,MBJ
RIC,SYR
RIC,WAS
RIC,ROC
RIC,SXM
RIC,POP
RIC,MDE
RIC,JFK
RIC,PVD
RIC,IAD
RIC,BWI
RIC,BUF
RIC,UVF
RIC,AUA
RIC,BDA
RIC,JAX
RIC,BQN
RIC,MVY
RIC,GCM
RIC,STI
RIC,SJU
RIC,STT
RIC,CHS
RIC,HPN
RIC,CLT
RIC,CUN
RIC,BNA
RIC,STX
RIC,HAV
RIC,PWM
RIC,MCO
RIC,BTV
RIC,PLS
RIC,SDQ
RIC,PUJ
RIC,PHL
RIC,PIT
RIC,SRQ
RIC,LGA
RIC,LRM
RIC,SAV
RIC,ANU
RIC,SNU
RIC,KIN
RIC,DAB
RIC,ALB
RIC,RSW
RIC,RDU
UVF,PAP
UVF,HYA
UVF,PBI
UVF,ACK
UVF,BGI
UVF,ATL
UVF,BOS
UVF,POS
UVF,NAS
UVF,FLL
UVF,GND
UVF,EWR
UVF,NYC
UVF,DCA
UVF,BOG
UVF,GYE
UVF,TPA
UVF,MBJ
UVF,SYR
UVF,WAS
UVF,ROC
UVF,SXM
UVF,POP
UVF,MDE
UVF,JFK
UVF,PVD
UVF,IAD
UVF,BWI
UVF,BUF
UVF,RIC
UVF,AUA
UVF,BDA
UVF,JAX
UVF,BQN
UVF,MVY
UVF,GCM
UVF,STI
UVF,SJU
UVF,STT
UVF,CHS
UVF,HPN
UVF,CLT
UVF,CUN
UVF,BNA
UVF,STX
UVF,HAV
UVF,PWM
UVF,MCO
UVF,BTV
UVF,PLS
UVF,SDQ
UVF,PUJ
UVF,PHL
UVF,PIT
UVF,SRQ
UVF,LGA
UVF,LRM
UVF,SAV
UVF,ANU
UVF,SNU
UVF,KIN
UVF,DAB
UVF,ALB
UVF,RSW
UVF,RDU
AUA,PAP
AUA,HYA
AUA,PBI
AUA,ACK
AUA,BGI
AUA,ATL
AUA,BOS
AUA,POS
AUA,NAS
AUA,FLL
AUA,GND
AUA,EWR
AUA,NYC
AUA,DCA
AUA,BOG
AUA,GYE
AUA,TPA
AUA,MBJ
AUA,SYR
AUA,WAS
AUA,ROC
AUA,SXM
AUA,POP
AUA,MDE
AUA,JFK
AUA,PVD
AUA,IAD
AUA,BWI
AUA,BUF
AUA,RIC
AUA,UVF
AUA,BDA
AUA,JAX
AUA,BQN
AUA,MVY
AUA,GCM
AUA,STI
AUA,SJU
AUA,STT
AUA,CHS
AUA,HPN
AUA,CLT
AUA,CUN
AUA,BNA
AUA,STX
AUA,HAV
AUA,PWM
AUA,MCO
AUA,BTV
AUA,PLS
AUA,SDQ
AUA,PUJ
AUA,PHL
AUA,PIT
AUA,SRQ
AUA,LGA
AUA,LRM
AUA,SAV
AUA,ANU
AUA,SNU
AUA,KIN
AUA,DAB
AUA,ALB
AUA,RSW
AUA,RDU
BDA,PAP
BDA,HYA
BDA,PBI
BDA,ACK
BDA,BGI
BDA,ATL
BDA,BOS
BDA,POS
BDA,NAS
BDA,FLL
BDA,GND
BDA,EWR
BDA,NYC
BDA,DCA
BDA,BOG
BDA,GYE
BDA,TPA
BDA,MBJ
BDA,SYR
BDA,WAS
BDA,ROC
BDA,SXM
BDA,POP
BDA,MDE
BDA,JFK
BDA,PVD
BDA,IAD
BDA,BWI
BDA,BUF
BDA,RIC
BDA,UVF
BDA,AUA
BDA,JAX
BDA,BQN
BDA,MVY
BDA,GCM
BDA,STI
BDA,SJU
BDA,STT
BDA,CHS
BDA,HPN
BDA,CLT
BDA,CUN
BDA,BNA
BDA,STX
BDA,HAV
BDA,PWM
BDA,MCO
BDA,BTV
BDA,PLS
BDA,SDQ
BDA,PUJ
BDA,PHL
BDA,PIT
BDA,SRQ
BDA,LGA
BDA,LRM
BDA,SAV
BDA,ANU
BDA,SNU
BDA,KIN
BDA,DAB
BDA,ALB
BDA,RSW
BDA,RDU
JAX,PAP
JAX,HYA
JAX,PBI
JAX,ACK
JAX,BGI
JAX,ATL
JAX,BOS
JAX,POS
JAX,NAS
JAX,FLL
JAX,GND
JAX,EWR
JAX,NYC
JAX,DCA
JAX,BOG
JAX,GYE
JAX,TPA
JAX,MBJ
JAX,SYR
JAX,WAS
JAX,ROC
JAX,SXM
JAX,POP
JAX,MDE
JAX,JFK
JAX,PVD
JAX,IAD
JAX,BWI
JAX,BUF
JAX,RIC
JAX,UVF
JAX,AUA
JAX,BDA
JAX,BQN
JAX,MVY
JAX,GCM
JAX,STI
JAX,SJU
JAX,STT
JAX,CHS
JAX,HPN
JAX,CLT
JAX,CUN
JAX,BNA
JAX,STX
JAX,HAV
JAX,PWM
JAX,MCO
JAX,BTV
JAX,PLS
JAX,SDQ
JAX,PUJ
JAX,PHL
JAX,PIT
JAX,SRQ
JAX,LGA
JAX,LRM
JAX,SAV
JAX,ANU
JAX,SNU
JAX,KIN
JAX,DAB
JAX,ALB
JAX,RSW
JAX,RDU
BQN,PAP
BQN,HYA
BQN,PBI
BQN,ACK
BQN,BGI
BQN,ATL
BQN,BOS
BQN,POS
BQN,NAS
BQN,FLL
BQN,GND
BQN,EWR
BQN,NYC
BQN,DCA
BQN,BOG
BQN,GYE
BQN,TPA
BQN,MBJ
BQN,SYR
BQN,WAS
BQN,ROC
BQN,SXM
BQN,POP
BQN,MDE
BQN,JFK
BQN,PVD
BQN,IAD
BQN,BWI
BQN,BUF
BQN,RIC
BQN,UVF
BQN,AUA
BQN,BDA
BQN,JAX
BQN,MVY
BQN,GCM
BQN,STI
BQN,SJU
BQN,STT
BQN,CHS
BQN,HPN
BQN,CLT
BQN,CUN
BQN,BNA
BQN,STX
BQN,HAV
BQN,PWM
BQN,MCO
BQN,BTV
BQN,PLS
BQN,SDQ
BQN,PUJ
BQN,PHL
BQN,PIT
BQN,SRQ
BQN,LGA
BQN,LRM
BQN,SAV
BQN,ANU
BQN,SNU
BQN,KIN
BQN,DAB
BQN,ALB
BQN,RSW
BQN,RDU
MVY,PAP
MVY,HYA
MVY,PBI
MVY,ACK
MVY,BGI
MVY,ATL
MVY,BOS
MVY,POS
MVY,NAS
MVY,FLL
MVY,GND
MVY,EWR
MVY,NYC
MVY,DCA
MVY,BOG
MVY,GYE
MVY,TPA
MVY,MBJ
MVY,SYR
MVY,WAS
MVY,ROC
MVY,SXM
MVY,POP
MVY,MDE
MVY,JFK
MVY,PVD
MVY,IAD
MVY,BWI
MVY,BUF
MVY,RIC
MVY,UVF
MVY,AUA
MVY,BDA
MVY,JAX
MVY,BQN
MVY,GCM
MVY,STI
MVY,SJU
MVY,STT
MVY,CHS
MVY,HPN
MVY,CLT
MVY,CUN
MVY,BNA
MVY,STX
MVY,HAV
MVY,PWM
MVY,MCO
MVY,BTV
MVY,PLS
MVY,SDQ
MVY,PUJ
MVY,PHL
MVY,PIT
MVY,SRQ
MVY,LGA
MVY,LRM
MVY,SAV
MVY,ANU
MVY,SNU
MVY,KIN
MVY,DAB
MVY,ALB
MVY,RSW
MVY,RDU
GCM,PAP
GCM,HYA
GCM,PBI
GCM,ACK
GCM,BGI
GCM,ATL
GCM,BOS
GCM,POS
GCM,NAS
GCM,FLL
GCM,GND
GCM,EWR
GCM,NYC
GCM,DCA
GCM,BOG
GCM,GYE
GCM,TPA
GCM,MBJ
GCM,SYR
GCM,WAS
GCM,ROC
GCM,SXM
GCM,POP
GCM,MDE
GCM,JFK
GCM,PVD
GCM,IAD
GCM,BWI
GCM,BUF
GCM,RIC
GCM,UVF
GCM,AUA
GCM,BDA
GCM,JAX
GCM,BQN
GCM,MVY
GCM,STI
GCM,SJU
GCM,STT
GCM,CHS
GCM,HPN
GCM,CLT
GCM,CUN
GCM,BNA
GCM,STX
GCM,HAV
GCM,PWM
GCM,MCO
GCM,BTV
GCM,PLS
GCM,SDQ
GCM,PUJ
GCM,PHL
GCM,PIT
GCM,SRQ
GCM,LGA
GCM,LRM
GCM,SAV
GCM,ANU
GCM,SNU
GCM,KIN
GCM,DAB
GCM,ALB
GCM,RSW
GCM,RDU
STI,PAP
STI,HYA
STI,PBI
STI,ACK
STI,BGI
STI,ATL
STI,BOS
STI,POS
STI,NAS
STI,FLL
STI,GND
STI,EWR
STI,NYC
STI,DCA
STI,BOG
STI,GYE
STI,TPA
STI,MBJ
STI,SYR
STI,WAS
STI,ROC
STI,SXM
STI,POP
STI,MDE
STI,JFK
STI,PVD
STI,IAD
STI,BWI
STI,BUF
STI,RIC
STI,UVF
STI,AUA
STI,BDA
STI,JAX
STI,BQN
STI,MVY
STI,GCM
STI,SJU
STI,STT
STI,CHS
STI,HPN
STI,CLT
STI,CUN
STI,BNA
STI,STX
STI,HAV
STI,PWM
STI,MCO
STI,BTV
STI,PLS
STI,SDQ
STI,PUJ
STI,PHL
STI,PIT
STI,SRQ
STI,LGA
STI,LRM
STI,SAV
STI,ANU
STI,SNU
STI,KIN
STI,DAB
STI,ALB
STI,RSW
STI,RDU
SJU,PAP
SJU,HYA
SJU,PBI
SJU,ACK
SJU,BGI
SJU,ATL
SJU,BOS
SJU,POS
SJU,NAS
SJU,FLL
SJU,GND
SJU,EWR
SJU,NYC
SJU,DCA
SJU,BOG
SJU,GYE
SJU,TPA
SJU,MBJ
SJU,SYR
SJU,WAS
SJU,ROC
SJU,SXM
SJU,POP
SJU,MDE
SJU,JFK
SJU,PVD
SJU,IAD
SJU,BWI
SJU,BUF
SJU,RIC
SJU,UVF
SJU,AUA
SJU,BDA
SJU,JAX
SJU,BQN
SJU,MVY
SJU,GCM
SJU,STI
SJU,STT
SJU,CHS
SJU,HPN
SJU,CLT
SJU,CUN
SJU,BNA
SJU,STX
SJU,HAV
SJU,PWM
SJU,MCO
SJU,BTV
SJU,PLS
SJU,SDQ
SJU,PUJ
SJU,PHL
SJU,PIT
SJU,SRQ
SJU,LGA
SJU,LRM
SJU,SAV
SJU,ANU
SJU,SNU
SJU,KIN
SJU,DAB
SJU,ALB
SJU,RSW
SJU,RDU
STT,PAP
STT,HYA
STT,PBI
STT,ACK
STT,BGI
STT,ATL
STT,BOS
STT,POS
STT,NAS
STT,FLL
STT,GND
STT,EWR
STT,NYC
STT,DCA
STT,BOG
STT,GYE
STT,TPA
STT,MBJ
STT,SYR
STT,WAS
STT,ROC
STT,SXM
STT,POP
STT,MDE
STT,JFK
STT,PVD
STT,IAD
STT,BWI
STT,BUF
STT,RIC
STT,UVF
STT,AUA
STT,BDA
STT,JAX
STT,BQN
STT,MVY
STT,GCM
STT,STI
STT,SJU
STT,CHS
STT,HPN
STT,CLT
STT,CUN
STT,BNA
STT,STX
STT,HAV
STT,PWM
STT,MCO
STT,BTV
STT,PLS
STT,SDQ
STT,PUJ
STT,PHL
STT,PIT
STT,SRQ
STT,LGA
STT,LRM
STT,SAV
STT,ANU
STT,SNU
STT,KIN
STT,DAB
STT,ALB
STT,RSW
STT,RDU
CHS,PAP
CHS,HYA
CHS,PBI
CHS,ACK
CHS,BGI
CHS,ATL
CHS,BOS
CHS,POS
CHS,NAS
CHS,FLL
CHS,GND
CHS,EWR
CHS,NYC
CHS,DCA
CHS,BOG
CHS,GYE
CHS,TPA
CHS,MBJ
CHS,SYR
CHS,WAS
CHS,ROC
CHS,SXM
CHS,POP
CHS,MDE
CHS,JFK
CHS,PVD
CHS,IAD
CHS,BWI
CHS,BUF
CHS,RIC
CHS,UVF
CHS,AUA
CHS,BDA
CHS,JAX
CHS,BQN
CHS,MVY
CHS,GCM
CHS,STI
CHS,SJU
CHS,STT
CHS,HPN
CHS,CLT
CHS,CUN
CHS,BNA
CHS,STX
CHS,HAV
CHS,PWM
CHS,MCO
CHS,BTV
CHS,PLS
CHS,SDQ
CHS,PUJ
CHS,PHL
CHS,PIT
CHS,SRQ
CHS,LGA
CHS,LRM
CHS,SAV
CHS,ANU
CHS,SNU
CHS,KIN
CHS,DAB
CHS,ALB
CHS,RSW
CHS,RDU
HPN,PAP
HPN,HYA
HPN,PBI
HPN,ACK
HPN,BGI
HPN,ATL
HPN,BOS
HPN,POS
HPN,NAS
HPN,FLL
HPN,GND
HPN,EWR
HPN,NYC
HPN,DCA
HPN,BOG
HPN,GYE
HPN,TPA
HPN,MBJ
HPN,SYR
HPN,WAS
HPN,ROC
HPN,SXM
HPN,POP
HPN,MDE
HPN,JFK
HPN,PVD
HPN,IAD
HPN,BWI
HPN,BUF
HPN,RIC
HPN,UVF
HPN,AUA
HPN,BDA
HPN,JAX
HPN,BQN
HPN,MVY
HPN,GCM
HPN,STI
HPN,SJU
HPN,STT
HPN,CHS
HPN,CLT
HPN,CUN
HPN,BNA
HPN,STX
HPN,HAV
HPN,PWM
HPN,MCO
HPN,BTV
HPN,PLS
HPN,SDQ
HPN,PUJ
HPN,PHL
HPN,PIT
HPN,SRQ
HPN,LGA
HPN,LRM
HPN,SAV
HPN,ANU
HPN,SNU
HPN,KIN
HPN,DAB
HPN,ALB
HPN,RSW
HPN,RDU
CLT,PAP
CLT,HYA
CLT,PBI
CLT,ACK
CLT,BGI
CLT,ATL
CLT,BOS
CLT,POS
CLT,NAS
CLT,FLL
CLT,GND
CLT,EWR
CLT,NYC
CLT,DCA
CLT,BOG
CLT,GYE
CLT,TPA
CLT,MBJ
CLT,SYR
CLT,WAS
CLT,ROC
CLT,SXM
CLT,POP
CLT,MDE
CLT,JFK
CLT,PVD
CLT,IAD
CLT,BWI
CLT,BUF
CLT,RIC
CLT,UVF
CLT,AUA
CLT,BDA
CLT,JAX
CLT,BQN
CLT,MVY
CLT,GCM
CLT,STI
CLT,SJU
CLT,STT
CLT,CHS
CLT,HPN
CLT,CUN
CLT,BNA
CLT,STX
CLT,HAV
CLT,PWM
CLT,MCO
CLT,BTV
CLT,PLS
CLT,SDQ
CLT,PUJ
CLT,PHL
CLT,PIT
CLT,SRQ
CLT,LGA
CLT,LRM
CLT,SAV
CLT,ANU
CLT,SNU
CLT,KIN
CLT,DAB
CLT,ALB
CLT,RSW
CLT,RDU
CUN,PAP
CUN,HYA
CUN,PBI
CUN,ACK
CUN,BGI
CUN,ATL
CUN,BOS
CUN,POS
CUN,NAS
CUN,FLL
CUN,GND
CUN,EWR
CUN,NYC
CUN,DCA
CUN,BOG
CUN,GYE
CUN,TPA
CUN,MBJ
CUN,SYR
CUN,WAS
CUN,ROC
CUN,SXM
CUN,POP
CUN,MDE
CUN,JFK
CUN,PVD
CUN,IAD
CUN,BWI
CUN,BUF
CUN,RIC
CUN,UVF
CUN,AUA
CUN,BDA
CUN,JAX
CUN,BQN
CUN,MVY
CUN,GCM
CUN,STI
CUN,SJU
CUN,STT
CUN,CHS
CUN,HPN
CUN,CLT
CUN,BNA
CUN,STX
CUN,HAV
CUN,PWM
CUN,MCO
CUN,BTV
CUN,PLS
CUN,SDQ
CUN,PUJ
CUN,PHL
CUN,PIT
CUN,SRQ
CUN,LGA
CUN,LRM
CUN,SAV
CUN,ANU
CUN,SNU
CUN,KIN
CUN,DAB
CUN,ALB
CUN,RSW
CUN,RDU
BNA,PAP
BNA,HYA
BNA,PBI
BNA,ACK
BNA,BGI
BNA,ATL
BNA,BOS
BNA,POS
BNA,NAS
BNA,FLL
BNA,GND
BNA,EWR
BNA,NYC
BNA,DCA
BNA,BOG
BNA,GYE
BNA,TPA
BNA,MBJ
BNA,SYR
BNA,WAS
BNA,ROC
BNA,SXM
BNA,POP
BNA,MDE
BNA,JFK
BNA,PVD
BNA,IAD
BNA,BWI
BNA,BUF
BNA,RIC
BNA,UVF
BNA,AUA
BNA,BDA
BNA,JAX
BNA,BQN
BNA,MVY
BNA,GCM
BNA,STI
BNA,SJU
BNA,STT
BNA,CHS
BNA,HPN
BNA,CLT
BNA,CUN
BNA,STX
BNA,HAV
BNA,PWM
BNA,MCO
BNA,BTV
BNA,PLS
BNA,SDQ
BNA,PUJ
BNA,PHL
BNA,PIT
BNA,SRQ
BNA,LGA
BNA,LRM
BNA,SAV
BNA,ANU
BNA,SNU
BNA,KIN
BNA,DAB
BNA,ALB
BNA,RSW
BNA,RDU
STX,PAP
STX,HYA
STX,PBI
STX,ACK
STX,BGI
STX,ATL
STX,BOS
STX,POS
STX,NAS
STX,FLL
STX,GND
STX,EWR
STX,NYC
STX,DCA
STX,BOG
STX,GYE
STX,TPA
STX,MBJ
STX,SYR
STX,WAS
STX,ROC
STX,SXM
STX,POP
STX,MDE
STX,JFK
STX,PVD
STX,IAD
STX,BWI
STX,BUF
STX,RIC
STX,UVF
STX,AUA
STX,BDA
STX,JAX
STX,BQN
STX,MVY
STX,GCM
STX,STI
STX,SJU
STX,STT
STX,CHS
STX,HPN
STX,CLT
STX,CUN
STX,BNA
STX,HAV
STX,PWM
STX,MCO
STX,BTV
STX,PLS
STX,SDQ
STX,PUJ
STX,PHL
STX,PIT
STX,SRQ
STX,LGA
STX,LRM
STX,SAV
STX,ANU
STX,SNU
STX,KIN
STX,DAB
STX,ALB
STX,RSW
STX,RDU
HAV,PAP
HAV,HYA
HAV,PBI
HAV,ACK
HAV,BGI
HAV,ATL
HAV,BOS
HAV,POS
HAV,NAS
HAV,FLL
HAV,GND
HAV,EWR
HAV,NYC
HAV,DCA
HAV,BOG
HAV,GYE
HAV,TPA
HAV,MBJ
HAV,SYR
HAV,WAS
HAV,ROC
HAV,SXM
HAV,POP
HAV,MDE
HAV,JFK
HAV,PVD
HAV,IAD
HAV,BWI
HAV,BUF
HAV,RIC
HAV,UVF
HAV,AUA
HAV,BDA
HAV,JAX
HAV,BQN
HAV,MVY
HAV,GCM
HAV,STI
HAV,SJU
HAV,STT
HAV,CHS
HAV,HPN
HAV,CLT
HAV,CUN
HAV,BNA
HAV,STX
HAV,PWM
HAV,MCO
HAV,BTV
HAV,PLS
HAV,SDQ
HAV,PUJ
HAV,PHL
HAV,PIT
HAV,SRQ
HAV,LGA
HAV,LRM
HAV,SAV
HAV,ANU
HAV,SNU
HAV,KIN
HAV,DAB
HAV,ALB
HAV,RSW
HAV,RDU
PWM,PAP
PWM,HYA
PWM,PBI
PWM,ACK
PWM,BGI
PWM,ATL
PWM,BOS
PWM,POS
PWM,NAS
PWM,FLL
PWM,GND
PWM,EWR
PWM,NYC
PWM,DCA
PWM,BOG
PWM,GYE
PWM,TPA
PWM,MBJ
PWM,SYR
PWM,WAS
PWM,ROC
PWM,SXM
PWM,POP
PWM,MDE
PWM,JFK
PWM,PVD
PWM,IAD
PWM,BWI
PWM,BUF
PWM,RIC
PWM,UVF
PWM,AUA
PWM,BDA
PWM,JAX
PWM,BQN
PWM,MVY
PWM,GCM
PWM,STI
PWM,SJU
PWM,STT
PWM,CHS
PWM,HPN
PWM,CLT
PWM,CUN
PWM,BNA
PWM,STX
PWM,HAV
PWM,MCO
PWM,BTV
PWM,PLS
PWM,SDQ
PWM,PUJ
PWM,PHL
PWM,PIT
PWM,SRQ
PWM,LGA
PWM,LRM
PWM,SAV
PWM,ANU
PWM,SNU
PWM,KIN
PWM,DAB
PWM,ALB
PWM,RSW
PWM,RDU
MCO,PAP
MCO,HYA
MCO,PBI
MCO,ACK
MCO,BGI
MCO,ATL
MCO,BOS
MCO,POS
MCO,NAS
MCO,FLL
MCO,GND
MCO,EWR
MCO,NYC
MCO,DCA
MCO,BOG
MCO,GYE
MCO,TPA
MCO,MBJ
MCO,SYR
MCO,WAS
MCO,ROC
MCO,SXM
MCO,POP
MCO,MDE
MCO,JFK
MCO,PVD
MCO,IAD
MCO,BWI
MCO,BUF
MCO,RIC
MCO,UVF
MCO,AUA
MCO,BDA
MCO,JAX
MCO,BQN
MCO,MVY
MCO,GCM
MCO,STI
MCO,SJU
MCO,STT
MCO,CHS
MCO,HPN
MCO,CLT
MCO,CUN
MCO,BNA
MCO,STX
MCO,HAV
MCO,PWM
MCO,BTV
MCO,PLS
MCO,SDQ
MCO,PUJ
MCO,PHL
MCO,PIT
MCO,SRQ
MCO,LGA
MCO,LRM
MCO,SAV
MCO,ANU
MCO,SNU
MCO,KIN
MCO,DAB
MCO,ALB
MCO,RSW
MCO,RDU
BTV,PAP
BTV,HYA
BTV,PBI
BTV,ACK
BTV,BGI
BTV,ATL
BTV,BOS
BTV,POS
BTV,NAS
BTV,FLL
BTV,GND
BTV,EWR
BTV,NYC
BTV,DCA
BTV,BOG
BTV,GYE
BTV,TPA
BTV,MBJ
BTV,SYR
BTV,WAS
BTV,ROC
BTV,SXM
BTV,POP
BTV,MDE
BTV,JFK
BTV,PVD
BTV,IAD
BTV,BWI
BTV,BUF
BTV,RIC
BTV,UVF
BTV,AUA
BTV,BDA
BTV,JAX
BTV,BQN
BTV,MVY
BTV,GCM
BTV,STI
BTV,SJU
BTV,STT
BTV,CHS
BTV,HPN
BTV,CLT
BTV,CUN
BTV,BNA
BTV,STX
BTV,HAV
BTV,PWM
BTV,MCO
BTV,PLS
BTV,SDQ
BTV,PUJ
BTV,PHL
BTV,PIT
BTV,SRQ
BTV,LGA
BTV,LRM
BTV,SAV
BTV,ANU
BTV,SNU
BTV,KIN
BTV,DAB
BTV,ALB
BTV,RSW
BTV,RDU
PLS,PAP
PLS,HYA
PLS,PBI
PLS,ACK
PLS,BGI
PLS,ATL
PLS,BOS
PLS,POS
PLS,NAS
PLS,FLL
PLS,GND
PLS,EWR
PLS,NYC
PLS,DCA
PLS,BOG
PLS,GYE
PLS,TPA
PLS,MBJ
PLS,SYR
PLS,WAS
PLS,ROC
PLS,SXM
PLS,POP
PLS,MDE
PLS,JFK
PLS,PVD
PLS,IAD
PLS,BWI
PLS,BUF
PLS,RIC
PLS,UVF
PLS,AUA
PLS,BDA
PLS,JAX
PLS,BQN
PLS,MVY
PLS,GCM
PLS,STI
PLS,SJU
PLS,STT
PLS,CHS
PLS,HPN
PLS,CLT
PLS,CUN
PLS,BNA
PLS,STX
PLS,HAV
PLS,PWM
PLS,MCO
PLS,BTV
PLS,SDQ
PLS,PUJ
PLS,PHL
PLS,PIT
PLS,SRQ
PLS,LGA
PLS,LRM
PLS,SAV
PLS,ANU
PLS,SNU
PLS,KIN
PLS,DAB
PLS,ALB
PLS,RSW
PLS,RDU
SDQ,PAP
SDQ,HYA
SDQ,PBI
SDQ,ACK
SDQ,BGI
SDQ,ATL
SDQ,BOS
SDQ,POS
SDQ,NAS
SDQ,FLL
SDQ,GND
SDQ,EWR
SDQ,NYC
SDQ,DCA
SDQ,BOG
SDQ,GYE
SDQ,TPA
SDQ,MBJ
SDQ,SYR
SDQ,WAS
SDQ,ROC
SDQ,SXM
SDQ,POP
SDQ,MDE
SDQ,JFK
SDQ,PVD
SDQ,IAD
SDQ,BWI
SDQ,BUF
SDQ,RIC
SDQ,UVF
SDQ,AUA
SDQ,BDA
SDQ,JAX
SDQ,BQN
SDQ,MVY
SDQ,GCM
SDQ,STI
SDQ,SJU
SDQ,STT
SDQ,CHS
SDQ,HPN
SDQ,CLT
SDQ,CUN
SDQ,BNA
SDQ,STX
SDQ,HAV
SDQ,PWM
SDQ,MCO
SDQ,BTV
SDQ,PLS
SDQ,PUJ
SDQ,PHL
SDQ,PIT
SDQ,SRQ
SDQ,LGA
SDQ,LRM
SDQ,SAV
SDQ,ANU
SDQ,SNU
SDQ,KIN
SDQ,DAB
SDQ,ALB
SDQ,RSW
SDQ,RDU
PUJ,PAP
PUJ,HYA
PUJ,PBI
PUJ,ACK
PUJ,BGI
PUJ,ATL
PUJ,BOS
PUJ,POS
PUJ,NAS
PUJ,FLL
PUJ,GND
PUJ,EWR
PUJ,NYC
PUJ,DCA
PUJ,BOG
PUJ,GYE
PUJ,TPA
PUJ,MBJ
PUJ,SYR
PUJ,WAS
PUJ,ROC
PUJ,SXM
PUJ,POP
PUJ,MDE
PUJ,JFK
PUJ,PVD
PUJ,IAD
PUJ,BWI
PUJ,BUF
PUJ,RIC
PUJ,UVF
PUJ,AUA
PUJ,BDA
PUJ,JAX
PUJ,BQN
PUJ,MVY
PUJ,GCM
PUJ,STI
PUJ,SJU
PUJ,STT
PUJ,CHS
PUJ,HPN
PUJ,CLT
PUJ,CUN
PUJ,BNA
PUJ,STX
PUJ,HAV
PUJ,PWM
PUJ,MCO
PUJ,BTV
PUJ,PLS
PUJ,SDQ
PUJ,PHL
PUJ,PIT
PUJ,SRQ
PUJ,LGA
PUJ,LRM
PUJ,SAV
PUJ,ANU
PUJ,SNU
PUJ,KIN
PUJ,DAB
PUJ,ALB
PUJ,RSW
PUJ,RDU
PHL,PAP
PHL,HYA
PHL,PBI
PHL,ACK
PHL,BGI
PHL,ATL
PHL,BOS
PHL,POS
PHL,NAS
PHL,FLL
PHL,GND
PHL,EWR
PHL,NYC
PHL,DCA
PHL,BOG
PHL,GYE
PHL,TPA
PHL,MBJ
PHL,SYR
PHL,WAS
PHL,ROC
PHL,SXM
PHL,POP
PHL,MDE
PHL,JFK
PHL,PVD
PHL,IAD
PHL,BWI
PHL,BUF
PHL,RIC
PHL,UVF
PHL,AUA
PHL,BDA
PHL,JAX
PHL,BQN
PHL,MVY
PHL,GCM
PHL,STI
PHL,SJU
PHL,STT
PHL,CHS
PHL,HPN
PHL,CLT
PHL,CUN
PHL,BNA
PHL,STX
PHL,HAV
PHL,PWM
PHL,MCO
PHL,BTV
PHL,PLS
PHL,SDQ
PHL,PUJ
PHL,PIT
PHL,SRQ
PHL,LGA
PHL,LRM
PHL,SAV
PHL,ANU
PHL,SNU
PHL,KIN
PHL,DAB
PHL,ALB
PHL,RSW
PHL,RDU
PIT,PAP
PIT,HYA
PIT,PBI
PIT,ACK
PIT,BGI
PIT,ATL
PIT,BOS
PIT,POS
PIT,NAS
PIT,FLL
PIT,GND
PIT,EWR
PIT,NYC
PIT,DCA
PIT,BOG
PIT,GYE
PIT,TPA
PIT,MBJ
PIT,SYR
PIT,WAS
PIT,ROC
PIT,SXM
PIT,POP
PIT,MDE
PIT,JFK
PIT,PVD
PIT,IAD
PIT,BWI
PIT,BUF
PIT,RIC
PIT,UVF
PIT,AUA
PIT,BDA
PIT,JAX
PIT,BQN
PIT,MVY
PIT,GCM
PIT,STI
PIT,SJU
PIT,STT
PIT,CHS
PIT,HPN
PIT,CLT
PIT,CUN
PIT,BNA
PIT,STX
PIT,HAV
PIT,PWM
PIT,MCO
PIT,BTV
PIT,PLS
PIT,SDQ
PIT,PUJ
PIT,PHL
PIT,SRQ
PIT,LGA
PIT,LRM
PIT,SAV
PIT,ANU
PIT,SNU
PIT,KIN
PIT,DAB
PIT,ALB
PIT,RSW
PIT,RDU
SRQ,PAP
SRQ,HYA
SRQ,PBI
SRQ,ACK
SRQ,BGI
SRQ,ATL
SRQ,BOS
SRQ,POS
SRQ,NAS
SRQ,FLL
SRQ,GND
SRQ,EWR
SRQ,NYC
SRQ,DCA
SRQ,BOG
SRQ,GYE
SRQ,TPA
SRQ,MBJ
SRQ,SYR
SRQ,WAS
SRQ,ROC
SRQ,SXM
SRQ,POP
SRQ,MDE
SRQ,JFK
SRQ,PVD
SRQ,IAD
SRQ,BWI
SRQ,BUF
SRQ,RIC
SRQ,UVF
SRQ,AUA
SRQ,BDA
SRQ,JAX
SRQ,BQN
SRQ,MVY
SRQ,GCM
SRQ,STI
SRQ,SJU
SRQ,STT
SRQ,CHS
SRQ,HPN
SRQ,CLT
SRQ,CUN
SRQ,BNA
SRQ,STX
SRQ,HAV
SRQ,PWM
SRQ,MCO
SRQ,BTV
SRQ,PLS
SRQ,SDQ
SRQ,PUJ
SRQ,PHL
SRQ,PIT
SRQ,LGA
SRQ,LRM
SRQ,SAV
SRQ,ANU
SRQ,SNU
SRQ,KIN
SRQ,DAB
SRQ,ALB
SRQ,RSW
SRQ,RDU
LGA,PAP
LGA,HYA
LGA,PBI
LGA,ACK
LGA,BGI
LGA,ATL
LGA,BOS
LGA,POS
LGA,NAS
LGA,FLL
LGA,GND
LGA,EWR
LGA,NYC
LGA,DCA
LGA,BOG
LGA,GYE
LGA,TPA
LGA,MBJ
LGA,SYR
LGA,WAS
LGA,ROC
LGA,SXM
LGA,POP
LGA,MDE
LGA,JFK
LGA,PVD
LGA,IAD
LGA,BWI
LGA,BUF
LGA,RIC
LGA,UVF
LGA,AUA
LGA,BDA
LGA,JAX
LGA,BQN
LGA,MVY
LGA,GCM
LGA,STI
LGA,SJU
LGA,STT
LGA,CHS
LGA,HPN
LGA,CLT
LGA,CUN
LGA,BNA
LGA,STX
LGA,HAV
LGA,PWM
LGA,MCO
LGA,BTV
LGA,PLS
LGA,SDQ
LGA,PUJ
LGA,PHL
LGA,PIT
LGA,SRQ
LGA,LRM
LGA,SAV
LGA,ANU
LGA,SNU
LGA,KIN
LGA,DAB
LGA,ALB
LGA,RSW
LGA,RDU
LRM,PAP
LRM,HYA
LRM,PBI
LRM,ACK
LRM,BGI
LRM,ATL
LRM,BOS
LRM,POS
LRM,NAS
LRM,FLL
LRM,GND
LRM,EWR
LRM,NYC
LRM,DCA
LRM,BOG
LRM,GYE
LRM,TPA
LRM,MBJ
LRM,SYR
LRM,WAS
LRM,ROC
LRM,SXM
LRM,POP
LRM,MDE
LRM,JFK
LRM,PVD
LRM,IAD
LRM,BWI
LRM,BUF
LRM,RIC
LRM,UVF
LRM,AUA
LRM,BDA
LRM,JAX
LRM,BQN
LRM,MVY
LRM,GCM
LRM,STI
LRM,SJU
LRM,STT
LRM,CHS
LRM,HPN
LRM,CLT
LRM,CUN
LRM,BNA
LRM,STX
LRM,HAV
LRM,PWM
LRM,MCO
LRM,BTV
LRM,PLS
LRM,SDQ
LRM,PUJ
LRM,PHL
LRM,PIT
LRM,SRQ
LRM,LGA
LRM,SAV
LRM,ANU
LRM,SNU
LRM,KIN
LRM,DAB
LRM,ALB
LRM,RSW
LRM,RDU
SAV,PAP
SAV,HYA
SAV,PBI
SAV,ACK
SAV,BGI
SAV,ATL
SAV,BOS
SAV,POS
SAV,NAS
SAV,FLL
SAV,GND
SAV,EWR
SAV,NYC
SAV,DCA
SAV,BOG
SAV,GYE
SAV,TPA
SAV,MBJ
SAV,SYR
SAV,WAS
SAV,ROC
SAV,SXM
SAV,POP
SAV,MDE
SAV,JFK
SAV,PVD
SAV,IAD
SAV,BWI
SAV,BUF
SAV,RIC
SAV,UVF
SAV,AUA
SAV,BDA
SAV,JAX
SAV,BQN
SAV,MVY
SAV,GCM
SAV,STI
SAV,SJU
SAV,STT
SAV,CHS
SAV,HPN
SAV,CLT
SAV,CUN
SAV,BNA
SAV,STX
SAV,HAV
SAV,PWM
SAV,MCO
SAV,BTV
SAV,PLS
SAV,SDQ
SAV,PUJ
SAV,PHL
SAV,PIT
SAV,SRQ
SAV,LGA
SAV,LRM
SAV,ANU
SAV,SNU
SAV,KIN
SAV,DAB
SAV,ALB
SAV,RSW
SAV,RDU
ANU,PAP
ANU,HYA
ANU,PBI
ANU,ACK
ANU,BGI
ANU,ATL
ANU,BOS
ANU,POS
ANU,NAS
ANU,FLL
ANU,GND
ANU,EWR
ANU,NYC
ANU,DCA
ANU,BOG
ANU,GYE
ANU,TPA
ANU,MBJ
ANU,SYR
ANU,WAS
ANU,ROC
ANU,SXM
ANU,POP
ANU,MDE
ANU,JFK
ANU,PVD
ANU,IAD
ANU,BWI
ANU,BUF
ANU,RIC
ANU,UVF
ANU,AUA
ANU,BDA
ANU,JAX
ANU,BQN
ANU,MVY
ANU,GCM
ANU,STI
ANU,SJU
ANU,STT
ANU,CHS
ANU,HPN
ANU,CLT
ANU,CUN
ANU,BNA
ANU,STX
ANU,HAV
ANU,PWM
ANU,MCO
ANU,BTV
ANU,PLS
ANU,SDQ
ANU,PUJ
ANU,PHL
ANU,PIT
ANU,SRQ
ANU,LGA
ANU,LRM
ANU,SAV
ANU,SNU
ANU,KIN
ANU,DAB
ANU,ALB
ANU,RSW
ANU,RDU
SNU,PAP
SNU,HYA
SNU,PBI
SNU,ACK
SNU,BGI
SNU,ATL
SNU,BOS
SNU,POS
SNU,NAS
SNU,FLL
SNU,GND
SNU,EWR
SNU,NYC
SNU,DCA
SNU,BOG
SNU,GYE
SNU,TPA
SNU,MBJ
SNU,SYR
SNU,WAS
SNU,ROC
SNU,SXM
SNU,POP
SNU,MDE
SNU,JFK
SNU,PVD
SNU,IAD
SNU,BWI
SNU,BUF
SNU,RIC
SNU,UVF
SNU,AUA
SNU,BDA
SNU,JAX
SNU,BQN
SNU,MVY
SNU,GCM
SNU,STI
SNU,SJU
SNU,STT
SNU,CHS
SNU,HPN
SNU,CLT
SNU,CUN
SNU,BNA
SNU,STX
SNU,HAV
SNU,PWM
SNU,MCO
SNU,BTV
SNU,PLS
SNU,SDQ
SNU,PUJ
SNU,PHL
SNU,PIT
SNU,SRQ
SNU,LGA
SNU,LRM
SNU,SAV
SNU,ANU
SNU,KIN
SNU,DAB
SNU,ALB
SNU,RSW
SNU,RDU
KIN,PAP
KIN,HYA
KIN,PBI
KIN,ACK
KIN,BGI
KIN,ATL
KIN,BOS
KIN,POS
KIN,NAS
KIN,FLL
KIN,GND
KIN,EWR
KIN,NYC
KIN,DCA
KIN,BOG
KIN,GYE
KIN,TPA
KIN,MBJ
KIN,SYR
KIN,WAS
KIN,ROC
KIN,SXM
KIN,POP
KIN,MDE
KIN,JFK
KIN,PVD
KIN,IAD
KIN,BWI
KIN,BUF
KIN,RIC
KIN,UVF
KIN,AUA
KIN,BDA
KIN,JAX
KIN,BQN
KIN,MVY
KIN,GCM
KIN,STI
KIN,SJU
KIN,STT
KIN,CHS
KIN,HPN
KIN,CLT
KIN,CUN
KIN,BNA
KIN,STX
KIN,HAV
KIN,PWM
KIN,MCO
KIN,BTV
KIN,PLS
KIN,SDQ
KIN,PUJ
KIN,PHL
KIN,PIT
KIN,SRQ
KIN,LGA
KIN,LRM
KIN,SAV
KIN,ANU
KIN,SNU
KIN,DAB
KIN,ALB
KIN,RSW
KIN,RDU
DAB,PAP
DAB,HYA
DAB,PBI
DAB,ACK
DAB,BGI
DAB,ATL
DAB,BOS
DAB,POS
DAB,NAS
DAB,FLL
DAB,GND
DAB,EWR
DAB,NYC
DAB,DCA
DAB,BOG
DAB,GYE
DAB,TPA
DAB,MBJ
DAB,SYR
DAB,WAS
DAB,ROC
DAB,SXM
DAB,POP
DAB,MDE
DAB,JFK
DAB,PVD
DAB,IAD
DAB,BWI
DAB,BUF
DAB,RIC
DAB,UVF
DAB,AUA
DAB,BDA
DAB,JAX
DAB,BQN
DAB,MVY
DAB,GCM
DAB,STI
DAB,SJU
DAB,STT
DAB,CHS
DAB,HPN
DAB,CLT
DAB,CUN
DAB,BNA
DAB,STX
DAB,HAV
DAB,PWM
DAB,MCO
DAB,BTV
DAB,PLS
DAB,SDQ
DAB,PUJ
DAB,PHL
DAB,PIT
DAB,SRQ
DAB,LGA
DAB,LRM
DAB,SAV
DAB,ANU
DAB,SNU
DAB,KIN
DAB,ALB
DAB,RSW
DAB,RDU
ALB,PAP
ALB,HYA
ALB,PBI
ALB,ACK
ALB,BGI
ALB,ATL
ALB,BOS
ALB,POS
ALB,NAS
ALB,FLL
ALB,GND
ALB,EWR
ALB,NYC
ALB,DCA
ALB,BOG
ALB,GYE
ALB,TPA
ALB,MBJ
ALB,SYR
ALB,WAS
ALB,ROC
ALB,SXM
ALB,POP
ALB,MDE
ALB,JFK
ALB,PVD
ALB,IAD
ALB,BWI
ALB,BUF
ALB,RIC
ALB,UVF
ALB,AUA
ALB,BDA
ALB,JAX
ALB,BQN
ALB,MVY
ALB,GCM
ALB,STI
ALB,SJU
ALB,STT
ALB,CHS
ALB,HPN
ALB,CLT
ALB,CUN
ALB,BNA
ALB,STX
ALB,HAV
ALB,PWM
ALB,MCO
ALB,BTV
ALB,PLS
ALB,SDQ
ALB,PUJ
ALB,PHL
ALB,PIT
ALB,SRQ
ALB,LGA
ALB,LRM
ALB,SAV
ALB,ANU
ALB,SNU
ALB,KIN
ALB,DAB
ALB,RSW
ALB,RDU
RSW,PAP
RSW,HYA
RSW,PBI
RSW,ACK
RSW,BGI
RSW,ATL
RSW,BOS
RSW,POS
RSW,NAS
RSW,FLL
RSW,GND
RSW,EWR
RSW,NYC
RSW,DCA
RSW,BOG
RSW,GYE
RSW,TPA
RSW,MBJ
RSW,SYR
RSW,WAS
RSW,ROC
RSW,SXM
RSW,POP
RSW,MDE
RSW,JFK
RSW,PVD
RSW,IAD
RSW,BWI
RSW,BUF
RSW,RIC
RSW,UVF
RSW,AUA
RSW,BDA
RSW,JAX
RSW,BQN
RSW,MVY
RSW,GCM
RSW,STI
RSW,SJU
RSW,STT
RSW,CHS
RSW,HPN
RSW,CLT
RSW,CUN
RSW,BNA
RSW,STX
RSW,HAV
RSW,PWM
RSW,MCO
RSW,BTV
RSW,PLS
RSW,SDQ
RSW,PUJ
RSW,PHL
RSW,PIT
RSW,SRQ
RSW,LGA
RSW,LRM
RSW,SAV
RSW,ANU
RSW,SNU
RSW,KIN
RSW,DAB
RSW,ALB
RSW,RDU
RDU,PAP
RDU,HYA
RDU,PBI
RDU,ACK
RDU,BGI
RDU,ATL
RDU,BOS
RDU,POS
RDU,NAS
RDU,FLL
RDU,GND
RDU,EWR
RDU,NYC
RDU,DCA
RDU,BOG
RDU,GYE
RDU,TPA
RDU,MBJ
RDU,SYR
RDU,WAS
RDU,ROC
RDU,SXM
RDU,POP
RDU,MDE
RDU,JFK
RDU,PVD
RDU,IAD
RDU,BWI
RDU,BUF
RDU,RIC
RDU,UVF
RDU,AUA
RDU,BDA
RDU,JAX
RDU,BQN
RDU,MVY
RDU,GCM
RDU,STI
RDU,SJU
RDU,STT
RDU,CHS
RDU,HPN
RDU,CLT
RDU,CUN
RDU,BNA
RDU,STX
RDU,HAV
RDU,PWM
RDU,MCO
RDU,BTV
RDU,PLS
RDU,SDQ
RDU,PUJ
RDU,PHL
RDU,PIT
RDU,SRQ
RDU,LGA
RDU,LRM
RDU,SAV
RDU,ANU
RDU,SNU
RDU,KIN
RDU,DAB
RDU,ALB
RDU,RSW
