ASF,AER
AER,ASF
BGY,AER
AER,BGY
BTS,AER
AER,BTS
CEK,AER
AER,CEK
CGN,AER
AER,CGN
CSY,AER
AER,CSY
FKB,AER
AER,FKB
FMM,AER
AER,FMM
GRO,AER
AER,GRO
IKT,AER
AER,IKT
KEJ,AER
AER,KEJ
KJA,AER
AER,KJA
KLV,AER
AER,KLV
KUF,AER
AER,KUF
KVX,AER
KZN,AER
AER,KZN
LED,AER
AER,LED
LEJ,AER
AER,LEJ
NBC,AER
AER,NBC
OVB,AER
AER,OVB
PEE,AER
AER,PEE
PSA,AER
AER,PSA
SGC,AER
AER,SGC
SVX,AER
AER,SVX
TXL,AER
AER,TXL
UUD,AER
AER,UUD
VKO,AER
AER,VKO
VOG,AER
AER,VOG
XIK,AER
AER,XIK
XWC,AER
BGY,ASF
ASF,BGY
BTS,ASF
ASF,BTS
ASF,CGN
CSY,ASF
ASF,CSY
GRO,ASF
ASF,GRO
IKT,ASF
ASF,IKT
KJA,ASF
ASF,KJA
KLV,ASF
ASF,KLV
KRR,ASF
ASF,KRR
KUF,ASF
ASF,KUF
KVX,ASF
ASF,KVX
LED,ASF
ASF,LED
LEJ,ASF
ASF,LEJ
OVB,ASF
ASF,OVB
PEE,ASF
ASF,PEE
SGC,ASF
ASF,SGC
SVX,ASF
ASF,SVX
TXL,ASF
ASF,TXL
UUD,ASF
ASF,UUD
VKO,ASF
ASF,VKO
XIK,ASF
ASF,XIK
XWC,ASF
ASF,XWC
MCX,AYT
AYT,MCX
OVB,AYT
VKO,AYT
AYT,VKO
CEK,BGY
BGY,CEK
CSY,BGY
BGY,CSY
IGT,BGY
KEJ,BGY
BGY,KEJ
KJA,BGY
BGY,KJA
KRR,BGY
BGY,KRR
KUF,BGY
BGY,KUF
KVX,BGY
BGY,KVX
LED,BGY
BGY,LED
MCX,BGY
BGY,MCX
NBC,BGY
OGZ,BGY
BGY,OGZ
OVB,BGY
BGY,OVB
PEE,BGY
BGY,PEE
ROV,BGY
BGY,ROV
SGC,BGY
BGY,SGC
SVX,BGY
BGY,SVX
TBS,BGY
BGY,TBS
UUD,BGY
BGY,UUD
VKO,BGY
BGY,VKO
VOG,BGY
BGY,VOG
XIK,BGY
BGY,XIK
CEK,BTS
BTS,CEK
CSY,BTS
BTS,CSY
IGT,BTS
BTS,IGT
BTS,IKT
BTS,KJA
KRR,BTS
BTS,KRR
MCX,BTS
BTS,MCX
OGZ,BTS
BTS,OGZ
BTS,OVB
PEE,BTS
BTS,PEE
ROV,BTS
BTS,ROV
SGC,BTS
BTS,SGC
SVX,BTS
BTS,SVX
TBS,BTS
VKO,BTS
BTS,VKO
VOG,BTS
BTS,VOG
XWC,BTS
BTS,XWC
CGN,CEK
CEK,CGN
FKB,CEK
CEK,FKB
FMM,CEK
CEK,FMM
GRO,CEK
CEK,GRO
IGT,CEK
CEK,IGT
KGD,CEK
CEK,KGD
KLV,CEK
CEK,KLV
KRR,CEK
CEK,KRR
LCA,CEK
CEK,LCA
LWN,CEK
CEK,LWN
MCX,CEK
CEK,MCX
MRV,CEK
CEK,MRV
OGZ,CEK
CEK,OGZ
PSA,CEK
CEK,PSA
ROV,CEK
CEK,ROV
TBS,CEK
CEK,TBS
TIV,CEK
CEK,TIV
VKO,CEK
CEK,VKO
VOG,CEK
CEK,VOG
XIK,CEK
CEK,XIK
XWC,CEK
CEK,XWC
CSY,CGN
KEJ,CGN
CGN,KEJ
KJA,CGN
CGN,KJA
KRR,CGN
CGN,KRR
KUF,CGN
LED,CGN
CGN,LED
MCX,CGN
CGN,MCX
OGZ,CGN
CGN,OGZ
OVB,CGN
CGN,OVB
PEE,CGN
CGN,PEE
ROV,CGN
CGN,ROV
SGC,CGN
CGN,SGC
SVX,CGN
CGN,SVX
VKO,CGN
CGN,VKO
VOG,CGN
CGN,VOG
FMM,CSY
CSY,FMM
GRO,CSY
CSY,GRO
IGT,CSY
CSY,IGT
KJA,CSY
CSY,KJA
KRR,CSY
CSY,KRR
LCA,CSY
CSY,LCA
LED,CSY
CSY,LED
MCX,CSY
CSY,MCX
MRV,CSY
CSY,MRV
OGZ,CSY
CSY,OGZ
OVB,CSY
CSY,OVB
CSY,PEE
ROV,CSY
CSY,ROV
SGC,CSY
CSY,SGC
SVX,CSY
CSY,SVX
TBS,CSY
CSY,TBS
VKO,CSY
CSY,VKO
VOG,CSY
CSY,VOG
XIK,CSY
CSY,XIK
KGD,FCO
FCO,KGD
VKO,FCO
FCO,VKO
OVB,FKB
FKB,OVB
SVX,FKB
FKB,SVX
VKO,FKB
FKB,VKO
KJA,FMM
KRR,FMM
KUF,FMM
FMM,KUF
KVX,FMM
FMM,KVX
MCX,FMM
FMM,MCX
OGZ,FMM
OVB,FMM
FMM,OVB
PEE,FMM
FMM,PEE
ROV,FMM
FMM,ROV
SGC,FMM
FMM,SGC
SVX,FMM
FMM,SVX
FMM,TBS
VKO,FMM
FMM,VKO
VOG,FMM
FMM,VOG
IKT,GRO
KEJ,GRO
KJA,GRO
KRR,GRO
GRO,KRR
KUF,GRO
GRO,KUF
KVX,GRO
GRO,KVX
LED,GRO
GRO,LED
MCX,GRO
GRO,MCX
OVB,GRO
PEE,GRO
GRO,PEE
ROV,GRO
GRO,ROV
SGC,GRO
GRO,SGC
SVX,GRO
GRO,SVX
GRO,TBS
UUD,GRO
VKO,GRO
GRO,VKO
VOG,GRO
GRO,VOG
OVB,GZP
VKO,GZP
GZP,VKO
VKO,HEL
HEL,VKO
IKT,IGT
IGT,IKT
KJA,IGT
IGT,KJA
KUF,IGT
IGT,KUF
KVX,IGT
IGT,KVX
LED,IGT
IGT,LED
NBC,IGT
IGT,NBC
OVB,IGT
IGT,OVB
PEE,IGT
IGT,PEE
SGC,IGT
IGT,SGC
SVX,IGT
IGT,SVX
UUD,IGT
IGT,UUD
VKO,IGT
IGT,VKO
IGT,XIK
XWC,IGT
IGT,XWC
NBC,IJK
IJK,NBC
VKO,IJK
IJK,VKO
KGD,IKT
IKT,KGD
KRR,IKT
IKT,KRR
LED,IKT
IKT,LED
LEJ,IKT
IKT,LEJ
MCX,IKT
IKT,MCX
ROV,IKT
IKT,ROV
TIV,IKT
IKT,TIV
VKO,IKT
IKT,VKO
VKO,IST
IST,VKO
KGD,KEJ
KEJ,KGD
KRR,KEJ
KEJ,KRR
LED,KEJ
KEJ,LED
LEJ,KEJ
KEJ,LEJ
MRV,KEJ
KEJ,MRV
OGZ,KEJ
KEJ,OGZ
PSA,KEJ
KEJ,PSA
ROV,KEJ
KEJ,ROV
VKO,KEJ
KEJ,VKO
VOG,KEJ
KEJ,VOG
KJA,KGD
KGD,KJA
LED,KGD
KGD,LED
MCX,KGD
KGD,MCX
MRV,KGD
KGD,MRV
PEE,KGD
KGD,PEE
SVX,KGD
KGD,SVX
TOF,KGD
KGD,TOF
UUD,KGD
KGD,UUD
VKO,KGD
KGD,VKO
KRR,KJA
KJA,KRR
KUF,KJA
KVX,KJA
KJA,KVX
LED,KJA
KJA,LED
LEJ,KJA
KJA,LEJ
LWN,KJA
MCX,KJA
KJA,MCX
MRV,KJA
KJA,MRV
NBC,KJA
KJA,NBC
OGZ,KJA
KJA,OGZ
ROV,KJA
KJA,ROV
SVX,KJA
KJA,SVX
TXL,KJA
KJA,TXL
VKO,KJA
KJA,VKO
VOG,KJA
KJA,VOG
OVB,KLV
KLV,OVB
PEE,KLV
KLV,PEE
SVX,KLV
KLV,SVX
VKO,KLV
KLV,VKO
KUF,KRR
KRR,KUF
KVX,KRR
KRR,KVX
LED,KRR
KRR,LED
LEJ,KRR
KRR,LEJ
MCX,KRR
KRR,MCX
OVB,KRR
KRR,OVB
PEE,KRR
KRR,PEE
SGC,KRR
KRR,SGC
SVX,KRR
KRR,SVX
TBS,KRR
KRR,TBS
TOF,KRR
KRR,TOF
TXL,KRR
KRR,TXL
UUD,KRR
KRR,UUD
VKO,KRR
KRR,VKO
XIK,KRR
KRR,XIK
XWC,KRR
KRR,XWC
LCA,KUF
KUF,LCA
MCX,KUF
KUF,MCX
OGZ,KUF
KUF,OGZ
KUF,OVB
PEE,KUF
ROV,KUF
KUF,ROV
SGC,KUF
KUF,SGC
KUF,SVX
TBS,KUF
KUF,TBS
VKO,KUF
KUF,VKO
XIK,KUF
KUF,XIK
LCA,KVX
KVX,LCA
LED,KVX
KVX,LED
MCX,KVX
KVX,MCX
OGZ,KVX
KVX,OGZ
OVB,KVX
KVX,OVB
ROV,KVX
KVX,ROV
SGC,KVX
KVX,SGC
SVX,KVX
TBS,KVX
KVX,TBS
VKO,KVX
KVX,VKO
VOG,KVX
XIK,KVX
KVX,XIK
MRV,KZN
KZN,MRV
TBS,KZN
KZN,TBS
NBC,LCA
OVB,LCA
LCA,OVB
PEE,LCA
LCA,PEE
ROV,LCA
LCA,ROV
SGC,LCA
LCA,SGC
SVX,LCA
LCA,SVX
VKO,LCA
LCA,VKO
VOG,LCA
LCA,VOG
LWN,LED
LED,LWN
MCX,LED
LED,MCX
MRV,LED
LED,MRV
NBC,LED
LED,NBC
OGZ,LED
LED,OGZ
OVB,LED
LED,OVB
PEE,LED
LED,PEE
PSA,LED
LED,PSA
ROV,LED
LED,ROV
SAW,LED
LED,SAW
SGC,LED
LED,SGC
STN,LED
LED,STN
SVX,LED
LED,SVX
TBS,LED
LED,TBS
TOF,LED
LED,TOF
TXL,LED
LED,TXL
UUD,LED
LED,UUD
VKO,LED
LED,VKO
VOG,LED
LED,VOG
XAA,LED
LED,XAA
OVB,LEJ
LEJ,OVB
PEE,LEJ
LEJ,PEE
ROV,LEJ
SGC,LEJ
LEJ,SGC
SVX,LEJ
LEJ,SVX
UUD,LEJ
LEJ,UUD
VKO,LEJ
LEJ,VKO
LWN,OVB
PEE,LWN
LWN,PEE
SGC,LWN
LWN,SGC
SVX,LWN
LWN,SVX
LWN,UUD
VKO,LWN
LWN,VKO
XAA,LWN
LWN,XAA
NBC,MCX
MCX,NBC
OVB,MCX
MCX,OVB
PEE,MCX
MCX,PEE
ROV,MCX
MCX,ROV
SGC,MCX
MCX,SGC
SVX,MCX
MCX,SVX
TXL,MCX
MCX,TXL
UUD,MCX
MCX,UUD
VKO,MCX
MCX,VKO
VOG,MCX
MCX,VOG
XIK,MCX
MCX,XIK
XWC,MCX
MCX,XWC
NBC,MRV
MRV,NBC
OVB,MRV
MRV,OVB
PEE,MRV
MRV,PEE
SGC,MRV
MRV,SGC
SVX,MRV
MRV,SVX
TXL,MRV
MRV,TXL
UUD,MRV
MRV,UUD
VKO,MRV
MRV,VKO
OGZ,NBC
NBC,OGZ
ROV,NBC
NBC,ROV
SGC,NBC
SVX,NBC
NBC,SVX
TBS,NBC
NBC,TBS
VKO,NBC
NBC,VKO
VOG,NBC
NBC,VOG
NBC,XIK
OVB,OGZ
OGZ,OVB
PEE,OGZ
OGZ,PEE
ROV,OGZ
SGC,OGZ
OGZ,SGC
SVX,OGZ
OGZ,SVX
UUD,OGZ
OGZ,UUD
VKO,OGZ
OGZ,VKO
VOG,OGZ
OGZ,VOG
XIK,OGZ
OGZ,XIK
XWC,OGZ
PMO,OVB
OVB,PMO
PSA,OVB
OVB,PSA
OVB,REU
ROV,OVB
OVB,ROV
SAW,OVB
OVB,SAW
SVX,OVB
OVB,SVX
SZG,OVB
OVB,SZG
TIV,OVB
OVB,TIV
TSF,OVB
OVB,TSF
TXL,OVB
OVB,TXL
OVB,VAR
VKO,OVB
OVB,VKO
VOG,OVB
OVB,VOG
XIK,OVB
OVB,XIK
XWC,OVB
PSA,PEE
PEE,PSA
ROV,PEE
PEE,ROV
TBS,PEE
PEE,TBS
TIV,PEE
PEE,TIV
VKO,PEE
PEE,VKO
VOG,PEE
PEE,VOG
XIK,PEE
PEE,XIK
XWC,PEE
PEE,XWC
VKO,PMO
PMO,VKO
SVX,PSA
PSA,SVX
UUD,PSA
PSA,UUD
VKO,PSA
PSA,VKO
ZMS,PSA
PSA,ZMS
VKO,REU
REU,VKO
SGC,ROV
ROV,SGC
SVX,ROV
ROV,SVX
TBS,ROV
ROV,TBS
TOF,ROV
ROV,TOF
UUD,ROV
ROV,UUD
VKO,ROV
ROV,VKO
ROV,VOG
XIK,ROV
ROV,XIK
XWC,ROV
ROV,XWC
VKO,SAW
SAW,VKO
TBS,SGC
SGC,TBS
VKO,SGC
SGC,VKO
VOG,SGC
SGC,VOG
XIK,SGC
SGC,XIK
XWC,SGC
SGC,XWC
SVX,STN
STN,SVX
VKO,STN
STN,VKO
TBS,SVX
SVX,TBS
TIV,SVX
SVX,TIV
TXL,SVX
SVX,TXL
UUD,SVX
SVX,UUD
VKO,SVX
SVX,VKO
VOG,SVX
XIK,SVX
SVX,XIK
XWC,SVX
SVX,XWC
VKO,SZG
SZG,VKO
VKO,TBS
TBS,VKO
VKO,TIV
TIV,VKO
VKO,TOF
TOF,VKO
VKO,TSF
TSF,VKO
VKO,TXL
TXL,VKO
VKO,UUD
UUD,VKO
VOG,UUD
UUD,VOG
VKO,VAR
VAR,VKO
VOG,VKO
VKO,VOG
XAA,VKO
VKO,XAA
XIK,VKO
VKO,XIK
XWC,VKO
VKO,XWC
ZMS,VKO
VKO,ZMS
XIK,VOG
VOG,XIK
CGN,CSY
FMM,KRR
REU,OVB
KJA,LWN
OVB,XWC
TBS,GRO
CGN,ASF
GZP,OVB
KJA,BTS
OVB,KUF
BGY,IGT
LCA,NBC
SVX,KUF
KVX,SVX
IKT,BTS
GRO,UUD
CGN,KUF
FMM,KJA
PEE,CSY
OVB,BTS
KJA,KUF
KVX,VOG
FMM,OGZ
BGY,NBC
VAR,OVB
AYT,OVB
VOG,ROV
KUF,PEE
UUD,LWN
OVB,LWN
GRO,KJA
SVX,VOG
GRO,OVB
LEJ,ROV
GRO,KEJ
NBC,SGC
BTS,TBS
TBS,FMM
XIK,IGT
AER,KVX
GRO,IKT
OGZ,ROV
AER,XWC
XIK,NBC
OGZ,XWC
