SHE,TIA
SHE,DXB
SHE,CAI
SHE,ADL
SHE,SOF
SHE,BRU
SHE,CPH
SHE,STR
SHE,DME
SHE,CDG
SHE,DVO
SHE,AMS
SHE,PNH
SHE,LPQ
SHE,OTP
SHE,MLE
SHE,PEN
SHE,SFO
SHE,DAC
SHE,MDL
SHE,JNB
SHE,KTM
SHE,ARN
SHE,ZRH
SHE,LCA
SHE,JED
SHE,CMB
SHE,HDY
SHE,ADB
SHE,BWN
SHE,BCN
SHE,SMI
SHE,SIN
SHE,AKL
SHE,TLV
SHE,FCO
SHE,AMD
SHE,BPN
SHE,LHR
SHE,HAN
DLC,TIA
DLC,DXB
DLC,CAI
DLC,ADL
DLC,SOF
DLC,BRU
DLC,CPH
DLC,STR
DLC,DME
DLC,CDG
DLC,MNL
DLC,AMS
DLC,PNH
DLC,LPQ
DLC,OTP
DLC,MLE
DLC,PEN
DLC,SFO
DLC,DAC
DLC,MDL
DLC,JNB
DLC,KTM
DLC,ARN
DLC,ZRH
DLC,LCA
DLC,JED
DLC,CMB
DLC,HDY
DLC,ADB
DLC,BWN
DLC,BCN
DLC,SMI
DLC,SIN
DLC,AKL
DLC,TLV
DLC,FCO
DLC,AMD
DLC,BPN
DLC,LHR
DLC,HAN
DLC,KHH
CAN,TIA
CAN,CAI
CAN,AYQ
CAN,SOF
CAN,BRU
CAN,CPH
CAN,STR
CAN,DME
CAN,CDG
CAN,KLO
CAN,OTP
CAN,MLE
CAN,PEN
CAN,DAC
CAN,ARN
CAN,ZRH
CAN,LCA
CAN,JED
CAN,HDY
CAN,ADB
CAN,BCN
CAN,SMI
CAN,SIN
CAN,TLV
CAN,FCO
CAN,ATQ
CAN,PKU
CAN,LHR
HRB,TIA
HRB,DXB
HRB,CAI
HRB,ADL
HRB,SOF
HRB,BRU
HRB,CPH
HRB,STR
HRB,DME
HRB,CDG
HRB,DVO
HRB,AMS
HRB,PNH
HRB,LPQ
HRB,OTP
HRB,MLE
HRB,PEN
HRB,SFO
HRB,MDL
HRB,JNB
HRB,KTM
HRB,ARN
HRB,ZRH
HRB,LCA
HRB,JED
HRB,CMB
HRB,HDY
HRB,ADB
HRB,BWN
HRB,BCN
HRB,SMI
HRB,SIN
HRB,AKL
HRB,TLV
HRB,FCO
HRB,AMD
HRB,BPN
HRB,LHR
HRB,HAN
HAK,TIA
HAK,DXB
HAK,CAI
HAK,ADL
HAK,SOF
HAK,BRU
HAK,CPH
HAK,STR
HAK,DME
HAK,CDG
HAK,DVO
HAK,AMS
HAK,PNH
HAK,LPQ
HAK,OTP
HAK,MLE
HAK,PEN
HAK,SFO
HAK,DAC
HAK,MDL
HAK,JNB
HAK,KTM
HAK,ARN
HAK,ZRH
HAK,LCA
HAK,JED
HAK,CMB
HAK,HDY
HAK,ADB
HAK,BWN
HAK,BCN
HAK,SMI
HAK,SIN
HAK,AKL
HAK,TLV
HAK,FCO
HAK,AMD
HAK,BPN
HAK,LHR
HAK,HAN
HGH,TIA
HGH,DXB
HGH,CAI
HGH,ADL
HGH,SOF
HGH,BRU
HGH,CPH
HGH,STR
HGH,DME
HGH,CDG
HGH,DVO
HGH,AMS
HGH,PNH
HGH,LPQ
HGH,OTP
HGH,MLE
HGH,PEN
HGH,SFO
HGH,DAC
HGH,MDL
HGH,JNB
HGH,KTM
HGH,ARN
HGH,ZRH
HGH,LCA
HGH,JED
HGH,CMB
HGH,HDY
HGH,ADB
HGH,BWN
HGH,BCN
HGH,SMI
HGH,SIN
HGH,AKL
HGH,TLV
HGH,FCO
HGH,AMD
HGH,BPN
HGH,LHR
HGH,HAN
TNA,TIA
TNA,DXB
TNA,CAI
TNA,ADL
TNA,SOF
TNA,BRU
TNA,CPH
TNA,STR
TNA,DME
TNA,CDG
TNA,DVO
TNA,PNH
TNA,LPQ
TNA,OTP
TNA,MLE
TNA,PEN
TNA,SFO
TNA,DAC
TNA,MDL
TNA,JNB
TNA,KTM
TNA,ARN
TNA,ZRH
TNA,LCA
TNA,CMB
TNA,HDY
TNA,ADB
TNA,BWN
TNA,BCN
TNA,SMI
TNA,SIN
TNA,AKL
TNA,TLV
TNA,FCO
TNA,AMD
TNA,BPN
TNA,LHR
TNA,HAN
KHN,TIA
KHN,CAI
KHN,OOL
KHN,SOF
KHN,BRU
KHN,CPH
KHN,STR
KHN,DME
KHN,CDG
KHN,MNL
KHN,OTP
KHN,MLE
KHN,PEN
KHN,DAC
KHN,ARN
KHN,ZRH
KHN,LCA
KHN,HDY
KHN,ADB
KHN,BCN
KHN,SMI
KHN,SIN
KHN,TLV
KHN,FCO
KHN,ATQ
KHN,PKU
KHN,LHR
NKG,TIA
NKG,DXB
NKG,CAI
NKG,ADL
NKG,SOF
NKG,BRU
NKG,CPH
NKG,STR
NKG,DME
NKG,CDG
NKG,DVO
NKG,AMS
NKG,PNH
NKG,LPQ
NKG,OTP
NKG,MLE
NKG,PEN
NKG,SFO
NKG,DAC
NKG,MDL
NKG,JNB
NKG,KTM
NKG,ARN
NKG,ZRH
NKG,LCA
NKG,JED
NKG,CMB
NKG,HDY
NKG,ADB
NKG,BWN
NKG,BCN
NKG,SMI
NKG,SIN
NKG,AKL
NKG,TLV
NKG,FCO
NKG,AMD
NKG,BPN
NKG,LHR
NKG,HAN
NNG,TIA
NNG,CAI
NNG,OOL
NNG,SOF
NNG,BRU
NNG,CPH
NNG,STR
NNG,DME
NNG,CDG
NNG,MNL
NNG,OTP
NNG,MLE
NNG,PEN
NNG,DAC
NNG,ARN
NNG,ZRH
NNG,LCA
NNG,HDY
NNG,ADB
NNG,BCN
NNG,SMI
NNG,SIN
NNG,TLV
NNG,FCO
NNG,CJB
NNG,PKU
NNG,LHR
NNG,HAN
NNG,CAN
NGB,TIA
NGB,DXB
NGB,CAI
NGB,ADL
NGB,SOF
NGB,BRU
NGB,CPH
NGB,STR
NGB,DME
NGB,CDG
NGB,DVO
NGB,AMS
NGB,PNH
NGB,LPQ
NGB,OTP
NGB,MLE
NGB,PEN
NGB,SFO
NGB,DAC
NGB,MDL
NGB,JNB
NGB,KTM
NGB,ARN
NGB,ZRH
NGB,LCA
NGB,CMB
NGB,HDY
NGB,ADB
NGB,BWN
NGB,BCN
NGB,SMI
NGB,SIN
NGB,AKL
NGB,TLV
NGB,FCO
NGB,AMD
NGB,BPN
NGB,LHR
NGB,HAN
TAO,TIA
TAO,DXB
TAO,CAI
TAO,ADL
TAO,SOF
TAO,BRU
TAO,CPH
TAO,STR
TAO,DME
TAO,CDG
TAO,DVO
TAO,AMS
TAO,PNH
TAO,LPQ
TAO,OTP
TAO,MLE
TAO,PEN
TAO,SFO
TAO,DAC
TAO,MDL
TAO,JNB
TAO,KTM
TAO,ARN
TAO,ZRH
TAO,LCA
TAO,JED
TAO,CMB
TAO,HDY
TAO,ADB
TAO,BWN
TAO,BCN
TAO,SMI
TAO,SIN
TAO,AKL
TAO,TLV
TAO,FCO
TAO,AMD
TAO,BPN
TAO,LHR
TAO,HAN
JJN,TIA
JJN,DXB
JJN,CAI
JJN,ADL
JJN,SOF
JJN,BRU
JJN,CPH
JJN,STR
JJN,DME
JJN,CDG
JJN,DVO
JJN,AMS
JJN,PNH
JJN,LPQ
JJN,OTP
JJN,MLE
JJN,PEN
JJN,SFO
JJN,DAC
JJN,MDL
JJN,JNB
JJN,KTM
JJN,ARN
JJN,ZRH
JJN,LCA
JJN,CMB
JJN,HDY
JJN,ADB
JJN,BWN
JJN,BCN
JJN,SMI
JJN,SIN
JJN,AKL
JJN,TLV
JJN,FCO
JJN,AMD
JJN,BPN
JJN,LHR
JJN,HAN
JJN,HGH
JJN,KHH
SZX,TIA
SZX,CAI
SZX,OOL
SZX,SOF
SZX,BRU
SZX,CPH
SZX,STR
SZX,DME
SZX,CDG
SZX,KLO
SZX,OTP
SZX,MLE
SZX,PEN
SZX,DAC
SZX,ARN
SZX,ZRH
SZX,LCA
SZX,JED
SZX,HDY
SZX,ADB
SZX,BCN
SZX,SMI
SZX,SIN
SZX,TLV
SZX,FCO
SZX,ATQ
SZX,PKU
SZX,LHR
SZX,HAN
SZX,TPE
TSN,TIA
TSN,DXB
TSN,CAI
TSN,ADL
TSN,SOF
TSN,BRU
TSN,CPH
TSN,STR
TSN,DME
TSN,CDG
TSN,DVO
TSN,AMS
TSN,PNH
TSN,LPQ
TSN,OTP
TSN,MLE
TSN,PEN
TSN,SFO
TSN,DAC
TSN,MDL
TSN,JNB
TSN,KTM
TSN,ARN
TSN,ZRH
TSN,LCA
TSN,JED
TSN,CMB
TSN,HDY
TSN,ADB
TSN,BWN
TSN,BCN
TSN,SMI
TSN,SIN
TSN,AKL
TSN,TLV
TSN,FCO
TSN,AMD
TSN,BPN
TSN,LHR
TSN,HAN
WUX,TIA
WUX,DXB
WUX,CAI
WUX,ADL
WUX,SOF
WUX,BRU
WUX,CPH
WUX,STR
WUX,DME
WUX,CDG
WUX,DVO
WUX,AMS
WUX,PNH
WUX,LPQ
WUX,OTP
WUX,MLE
WUX,PEN
WUX,SFO
WUX,DAC
WUX,MDL
WUX,JNB
WUX,KTM
WUX,ARN
WUX,ZRH
WUX,LCA
WUX,CMB
WUX,HDY
WUX,ADB
WUX,BWN
WUX,BCN
WUX,SMI
WUX,SIN
WUX,AKL
WUX,TLV
WUX,FCO
WUX,AMD
WUX,BPN
WUX,LHR
WUX,HAN
XIY,TIA
XIY,DXB
XIY,CAI
XIY,ADL
XIY,SOF
XIY,BRU
XIY,CPH
XIY,STR
XIY,DME
XIY,CDG
XIY,DVO
XIY,AMS
XIY,PNH
XIY,LPQ
XIY,OTP
XIY,MLE
XIY,PEN
XIY,SFO
XIY,DAC
XIY,MDL
XIY,JNB
XIY,KTM
XIY,ARN
XIY,ZRH
XIY,LCA
XIY,JED
XIY,CMB
XIY,HDY
XIY,ADB
XIY,BWN
XIY,BCN
XIY,SMI
XIY,SIN
XIY,AKL
XIY,TLV
XIY,FCO
XIY,AMD
XIY,BPN
XIY,LHR
XIY,HAN
CGO,TIA
CGO,DXB
CGO,CAI
CGO,ADL
CGO,SOF
CGO,BRU
CGO,CPH
CGO,STR
CGO,DME
CGO,CDG
CGO,DVO
CGO,AMS
CGO,PNH
CGO,LPQ
CGO,OTP
CGO,MLE
CGO,PEN
CGO,SFO
CGO,DAC
CGO,MDL
CGO,JNB
CGO,KTM
CGO,ARN
CGO,ZRH
CGO,LCA
CGO,CMB
CGO,HDY
CGO,ADB
CGO,BWN
CGO,BCN
CGO,SMI
CGO,SIN
CGO,AKL
CGO,TLV
CGO,FCO
CGO,AMD
CGO,BPN
CGO,LHR
CGO,HAN
CKG,SIN
TIA,OOL
TIA,KLO
TIA,ICN
TIA,PEN
TIA,KIX
TIA,HDY
TIA,SIN
TIA,PKU
TIA,HAN
TIA,DLC
TIA,MFM
TIA,KHH
TIA,HKG
CAI,OOL
CAI,KLO
CAI,ICN
CAI,PEN
CAI,KIX
CAI,HDY
CAI,SIN
CAI,PKU
CAI,HAN
CAI,DLC
CAI,MFM
CAI,KHH
CAI,HKG
ADL,BKK
ADL,ATH
ADL,SIN
ADL,NKG
ADL,KHH
ADL,HKG
AYQ,ICN
AYQ,KIX
AYQ,JED
AYQ,BKK
AYQ,ATH
AYQ,SIN
AYQ,ATQ
AYQ,DLC
AYQ,KHH
BNE,BKK
BNE,ATH
BNE,SIN
BNE,NKG
BNE,KHH
BNE,HKG
OOL,TIA
OOL,CAI
OOL,SOF
OOL,BRU
OOL,CPH
OOL,STR
OOL,DME
OOL,CDG
OOL,DVO
OOL,ICN
OOL,PNH
OOL,LPQ
OOL,OTP
OOL,MLE
OOL,PEN
OOL,DAC
OOL,KIX
OOL,ARN
OOL,ZRH
OOL,LCA
OOL,JED
OOL,HDY
OOL,ADB
OOL,BCN
OOL,SMI
OOL,SIN
OOL,TLV
OOL,FCO
OOL,ATQ
OOL,PKU
OOL,LHR
OOL,HAN
OOL,DLC
OOL,MFM
OOL,KHH
OOL,HKG
HBA,ICN
HBA,KIX
HBA,JED
HBA,BKK
HBA,ATH
HBA,SIN
HBA,ATQ
HBA,DLC
HBA,KHH
HBA,HKG
CNS,BKK
CNS,ATH
CNS,SIN
CNS,NKG
CNS,KHH
CNS,HKG
CBR,BKK
CBR,ATH
CBR,SIN
CBR,NKG
CBR,KHH
CBR,HKG
LST,ICN
LST,KIX
LST,JED
LST,BKK
LST,ATH
LST,SIN
LST,ATQ
LST,DLC
LST,KHH
MEL,TIA
MEL,CAI
MEL,SOF
MEL,BRU
MEL,CPH
MEL,STR
MEL,DME
MEL,CDG
MEL,KLO
MEL,ICN
MEL,PNH
MEL,LPQ
MEL,OTP
MEL,MLE
MEL,PEN
MEL,DAC
MEL,MDL
MEL,KIX
MEL,ARN
MEL,ZRH
MEL,LCA
MEL,JED
MEL,CJM
MEL,ADB
MEL,BCN
MEL,SMI
MEL,SIN
MEL,TLV
MEL,FCO
MEL,ATQ
MEL,BPN
MEL,LHR
MEL,HAN
MEL,DLC
MEL,MFM
MEL,KHH
MEL,HKG
PER,TIA
PER,CAI
PER,SOF
PER,BRU
PER,CPH
PER,STR
PER,DME
PER,CDG
PER,KLO
PER,ICN
PER,PNH
PER,LPQ
PER,OTP
PER,MLE
PER,PEN
PER,DAC
PER,MDL
PER,KIX
PER,ARN
PER,ZRH
PER,LCA
PER,JED
PER,CJM
PER,ADB
PER,BCN
PER,SMI
PER,SIN
PER,TLV
PER,FCO
PER,ATQ
PER,PKU
PER,LHR
PER,HAN
PER,DLC
PER,MFM
PER,KHH
PER,HKG
SYD,TIA
SYD,CAI
SYD,SOF
SYD,BRU
SYD,CPH
SYD,STR
SYD,DME
SYD,CDG
SYD,KLO
SYD,ICN
SYD,PNH
SYD,LPQ
SYD,OTP
SYD,MLE
SYD,PEN
SYD,DAC
SYD,MDL
SYD,KIX
SYD,ARN
SYD,ZRH
SYD,LCA
SYD,JED
SYD,CJM
SYD,ADB
SYD,BWN
SYD,BCN
SYD,SMI
SYD,SIN
SYD,TLV
SYD,FCO
SYD,ATQ
SYD,BPN
SYD,LHR
SYD,HAN
SYD,DLC
SYD,MFM
SYD,KHH
SYD,HKG
MCY,ICN
MCY,KIX
MCY,JED
MCY,BKK
MCY,ATH
MCY,SIN
MCY,ATQ
MCY,DLC
MCY,KHH
SOF,OOL
SOF,KLO
SOF,ICN
SOF,PEN
SOF,KIX
SOF,HDY
SOF,SIN
SOF,PKU
SOF,HAN
SOF,DLC
SOF,MFM
SOF,KHH
SOF,HKG
BRU,OOL
BRU,KLO
BRU,ICN
BRU,PEN
BRU,KIX
BRU,HDY
BRU,SIN
BRU,PKU
BRU,HAN
BRU,DLC
BRU,MFM
BRU,KHH
BRU,HKG
CPH,OOL
CPH,KLO
CPH,ICN
CPH,PEN
CPH,KIX
CPH,HDY
CPH,SIN
CPH,PKU
CPH,HAN
CPH,DLC
CPH,MFM
CPH,KHH
CPH,HKG
STR,OOL
STR,KLO
STR,ICN
STR,PEN
STR,KIX
STR,HDY
STR,SIN
STR,PKU
STR,HAN
STR,DLC
STR,MFM
STR,KHH
STR,HKG
TXL,ADL
TXL,DVO
TXL,ICN
TXL,PNH
TXL,LPQ
TXL,MLE
TXL,PEN
TXL,DAC
TXL,MDL
TXL,JNB
TXL,KTM
TXL,HIJ
TXL,CMB
TXL,HDY
TXL,BWN
TXL,SIN
TXL,AKL
TXL,AMD
TXL,BPN
TXL,HAN
TXL,PEK
TXL,MFM
TXL,KHH
TXL,HKG
DUS,OOL
DUS,KLO
DUS,ICN
DUS,PEN
DUS,KIX
DUS,HDY
DUS,SIN
DUS,PKU
DUS,HAN
DUS,DLC
DUS,MFM
DUS,KHH
DUS,HKG
FRA,OOL
FRA,KLO
FRA,ICN
FRA,PEN
FRA,KIX
FRA,HDY
FRA,SIN
FRA,PKU
FRA,HAN
FRA,DLC
FRA,MFM
FRA,KHH
FRA,HKG
MUC,OOL
MUC,KLO
MUC,ICN
MUC,PEN
MUC,KIX
MUC,HDY
MUC,SIN
MUC,PKU
MUC,HAN
MUC,DLC
MUC,MFM
MUC,KHH
MUC,HKG
DME,OOL
DME,KLO
DME,ICN
DME,PEN
DME,KIX
DME,HDY
DME,SIN
DME,PKU
DME,HAN
DME,DLC
DME,MFM
DME,KHH
DME,HKG
CDG,OOL
CDG,KLO
CDG,ICN
CDG,PEN
CDG,KIX
CDG,HDY
CDG,SIN
CDG,PKU
CDG,HAN
CDG,DLC
CDG,MFM
CDG,KHH
CDG,HKG
KLO,TIA
KLO,CAI
KLO,OOL
KLO,SOF
KLO,BRU
KLO,CPH
KLO,STR
KLO,DME
KLO,CDG
KLO,ICN
KLO,OTP
KLO,MLE
KLO,PEN
KLO,DAC
KLO,KIX
KLO,ARN
KLO,ZRH
KLO,LCA
KLO,JED
KLO,HDY
KLO,ADB
KLO,BCN
KLO,SMI
KLO,SIN
KLO,TLV
KLO,FCO
KLO,ATQ
KLO,PKU
KLO,LHR
KLO,HAN
KLO,CAN
KLO,MFM
KLO,KHH
KLO,HKG
CRK,TIA
CRK,DXB
CRK,CAI
CRK,ADL
CRK,SOF
CRK,BRU
CRK,CPH
CRK,STR
CRK,DME
CRK,CDG
CRK,ICN
CRK,AMS
CRK,PNH
CRK,LPQ
CRK,OTP
CRK,MLE
CRK,PEN
CRK,SFO
CRK,DAC
CRK,MDL
CRK,JNB
CRK,KTM
CRK,HIJ
CRK,ARN
CRK,ZRH
CRK,LCA
CRK,JED
CRK,CMB
CRK,HDY
CRK,ADB
CRK,BWN
CRK,BCN
CRK,SMI
CRK,SIN
CRK,AKL
CRK,TLV
CRK,FCO
CRK,AMD
CRK,BPN
CRK,LHR
CRK,HAN
CRK,PEK
CRK,MFM
CRK,KHH
CRK,HKG
MNL,TIA
MNL,CAI
MNL,OOL
MNL,SOF
MNL,BRU
MNL,CPH
MNL,STR
MNL,DME
MNL,CDG
MNL,ICN
MNL,OTP
MNL,MLE
MNL,PEN
MNL,DAC
MNL,KIX
MNL,ARN
MNL,ZRH
MNL,LCA
MNL,JED
MNL,HDY
MNL,ADB
MNL,BCN
MNL,SMI
MNL,SIN
MNL,TLV
MNL,FCO
MNL,ATQ
MNL,PKU
MNL,LHR
MNL,HAN
MNL,CAN
MNL,MFM
MNL,KHH
MNL,HKG
CEB,TIA
CEB,CAI
CEB,OOL
CEB,SOF
CEB,BRU
CEB,CPH
CEB,STR
CEB,DME
CEB,CDG
CEB,ICN
CEB,OTP
CEB,MLE
CEB,PEN
CEB,DAC
CEB,NRT
CEB,ARN
CEB,ZRH
CEB,LCA
CEB,JED
CEB,HDY
CEB,ADB
CEB,BCN
CEB,SMI
CEB,SIN
CEB,TLV
CEB,FCO
CEB,ATQ
CEB,PKU
CEB,LHR
CEB,HAN
CEB,CAN
CEB,MFM
CEB,KHH
CEB,HKG
ICN,TIA
ICN,CAI
ICN,AYQ
ICN,SOF
ICN,BRU
ICN,CPH
ICN,STR
ICN,DME
ICN,CDG
ICN,KLO
ICN,OTP
ICN,MLE
ICN,PEN
ICN,ARN
ICN,ZRH
ICN,LCA
ICN,JED
ICN,KBV
ICN,ADB
ICN,BWN
ICN,BCN
ICN,SMI
ICN,SIN
ICN,TLV
ICN,FCO
ICN,ATQ
ICN,BPN
ICN,LHR
ICN,HAN
ICN,CAN
ICN,TPE
OTP,OOL
OTP,KLO
OTP,ICN
OTP,PEN
OTP,KIX
OTP,HDY
OTP,SIN
OTP,PKU
OTP,HAN
OTP,DLC
OTP,MFM
OTP,KHH
OTP,HKG
MLE,OOL
MLE,TXL
MLE,KLO
MLE,ICN
MLE,PEN
MLE,HNL
MLE,KIX
MLE,HDY
MLE,ATH
MLE,SIN
MLE,PKU
MLE,HAN
MLE,CAN
MLE,MFM
MLE,KHH
MLE,HKG
PEN,TIA
PEN,CAI
PEN,OOL
PEN,SOF
PEN,BRU
PEN,CPH
PEN,STR
PEN,DME
PEN,CDG
PEN,KLO
PEN,ICN
PEN,OTP
PEN,MLE
PEN,KCH
PEN,DAC
PEN,KIX
PEN,ARN
PEN,ZRH
PEN,LCA
PEN,JED
PEN,HDY
PEN,ADB
PEN,BCN
PEN,SMI
PEN,SIN
PEN,TLV
PEN,FCO
PEN,ATQ
PEN,PKU
PEN,LHR
PEN,HAN
PEN,DLC
PEN,MFM
PEN,KHH
PEN,HKG
KCH,TIA
KCH,DXB
KCH,CAI
KCH,ADL
KCH,SOF
KCH,BRU
KCH,CPH
KCH,STR
KCH,DME
KCH,CDG
KCH,DVO
KCH,ICN
KCH,AMS
KCH,PNH
KCH,LPQ
KCH,OTP
KCH,MLE
KCH,SFO
KCH,DAC
KCH,MDL
KCH,JNB
KCH,KTM
KCH,HIJ
KCH,ARN
KCH,ZRH
KCH,LCA
KCH,JED
KCH,CMB
KCH,HDY
KCH,ADB
KCH,BWN
KCH,BCN
KCH,SMI
KCH,SIN
KCH,AKL
KCH,TLV
KCH,FCO
KCH,AMD
KCH,PKU
KCH,LHR
KCH,HAN
KCH,PEK
KCH,MFM
KCH,KHH
KCH,HKG
KUA,TIA
KUA,DXB
KUA,CAI
KUA,ADL
KUA,SOF
KUA,BRU
KUA,CPH
KUA,STR
KUA,DME
KUA,CDG
KUA,DVO
KUA,ICN
KUA,AMS
KUA,PNH
KUA,LPQ
KUA,OTP
KUA,MLE
KUA,SFO
KUA,DAC
KUA,MDL
KUA,JNB
KUA,KTM
KUA,HIJ
KUA,ARN
KUA,ZRH
KUA,LCA
KUA,CMB
KUA,BKK
KUA,ADB
KUA,BCN
KUA,SMI
KUA,SIN
KUA,AKL
KUA,TLV
KUA,FCO
KUA,AMD
KUA,PKU
KUA,LHR
KUA,HAN
KUA,PEK
KUA,MFM
KUA,KHH
KUA,HKG
KUL,TIA
KUL,CAI
KUL,OOL
KUL,SOF
KUL,BRU
KUL,CPH
KUL,STR
KUL,DME
KUL,CDG
KUL,KLO
KUL,ICN
KUL,OTP
KUL,MLE
KUL,DAC
KUL,KIX
KUL,ARN
KUL,ZRH
KUL,LCA
KUL,JED
KUL,HDY
KUL,ADB
KUL,BCN
KUL,SMI
KUL,SIN
KUL,TLV
KUL,FCO
KUL,ATQ
KUL,PKU
KUL,LHR
KUL,HAN
KUL,DLC
KUL,MFM
KUL,KHH
KUL,HKG
LGK,TIA
LGK,DXB
LGK,CAI
LGK,ADL
LGK,SOF
LGK,BRU
LGK,CPH
LGK,STR
LGK,DME
LGK,CDG
LGK,DVO
LGK,ICN
LGK,AMS
LGK,REP
LGK,LPQ
LGK,OTP
LGK,MLE
LGK,SFO
LGK,DAC
LGK,MDL
LGK,JNB
LGK,KTM
LGK,HIJ
LGK,ARN
LGK,ZRH
LGK,LCA
LGK,JED
LGK,CMB
LGK,KBV
LGK,ADB
LGK,BCN
LGK,SMI
LGK,SIN
LGK,AKL
LGK,TLV
LGK,FCO
LGK,AMD
LGK,PKU
LGK,LHR
LGK,HAN
LGK,PEK
LGK,MFM
LGK,KHH
LGK,HKG
BKI,OOL
BKI,TXL
BKI,KLO
BKI,MLE
BKI,IPH
BKI,HNL
BKI,DAC
BKI,KIX
BKI,JED
BKI,HDY
BKI,ATH
BKI,SIN
BKI,ATQ
BKI,PKU
BKI,HAN
BKI,DLC
BKI,MFM
BKI,KHH
BKI,HKG
IPH,TIA
IPH,DXB
IPH,CAI
IPH,ADL
IPH,SOF
IPH,BRU
IPH,CPH
IPH,STR
IPH,DME
IPH,CDG
IPH,DVO
IPH,ICN
IPH,AMS
IPH,PNH
IPH,LPQ
IPH,OTP
IPH,MLE
IPH,SFO
IPH,DAC
IPH,MDL
IPH,JNB
IPH,KTM
IPH,HIJ
IPH,ARN
IPH,ZRH
IPH,LCA
IPH,JED
IPH,CMB
IPH,HDY
IPH,ADB
IPH,BWN
IPH,BCN
IPH,SMI
IPH,SIN
IPH,AKL
IPH,TLV
IPH,FCO
IPH,AMD
IPH,PKU
IPH,LHR
IPH,HAN
IPH,PEK
IPH,MFM
IPH,KHH
IPH,HKG
HNL,DXB
HNL,DVO
HNL,PNH
HNL,LPQ
HNL,MLE
HNL,PEN
HNL,DAC
HNL,RGN
HNL,JNB
HNL,KTM
HNL,KIX
HNL,CMB
HNL,BKK
HNL,BWN
HNL,SIN
HNL,AMD
HNL,BPN
HNL,HAN
HNL,TPE
DAC,OOL
DAC,SOF
DAC,CDG
DAC,KLO
DAC,ICN
DAC,PEN
DAC,HNL
DAC,RGN
DAC,KIX
DAC,JED
DAC,HDY
DAC,ATH
DAC,SIN
DAC,PKU
DAC,HAN
DAC,CAN
DAC,MFM
DAC,KHH
DAC,HKG
KIX,TIA
KIX,CAI
KIX,AYQ
KIX,SOF
KIX,BRU
KIX,CPH
KIX,STR
KIX,DME
KIX,CDG
KIX,KLO
KIX,OTP
KIX,MLE
KIX,PEN
KIX,HNL
KIX,DAC
KIX,ARN
KIX,ZRH
KIX,LCA
KIX,JED
KIX,HDY
KIX,ADB
KIX,BWN
KIX,BCN
KIX,SMI
KIX,SIN
KIX,TLV
KIX,FCO
KIX,ATQ
KIX,BPN
KIX,LHR
KIX,HAN
KIX,KHH
NRT,TIA
NRT,CAI
NRT,AYQ
NRT,SOF
NRT,BRU
NRT,CPH
NRT,STR
NRT,DME
NRT,CDG
NRT,KLO
NRT,OTP
NRT,MLE
NRT,PEN
NRT,DAC
NRT,ARN
NRT,ZRH
NRT,LCA
NRT,JED
NRT,HDY
NRT,ADB
NRT,BWN
NRT,BCN
NRT,SMI
NRT,SIN
NRT,TLV
NRT,FCO
NRT,ATQ
NRT,BPN
NRT,LHR
NRT,HAN
NRT,TPE
CTS,TIA
CTS,DXB
CTS,CAI
CTS,ADL
CTS,SOF
CTS,BRU
CTS,CPH
CTS,STR
CTS,DME
CTS,CDG
CTS,KLO
CTS,AMS
CTS,PNH
CTS,LPQ
CTS,OTP
CTS,MLE
CTS,PEN
CTS,SFO
CTS,DAC
CTS,MDL
CTS,JNB
CTS,KTM
CTS,ARN
CTS,ZRH
CTS,LCA
CTS,JED
CTS,CMB
CTS,BKK
CTS,ADB
CTS,BWN
CTS,BCN
CTS,SMI
CTS,SIN
CTS,AKL
CTS,TLV
CTS,FCO
CTS,AMD
CTS,BPN
CTS,LHR
CTS,DAD
CTS,TPE
ARN,OOL
ARN,KLO
ARN,ICN
ARN,PEN
ARN,KIX
ARN,HDY
ARN,SIN
ARN,PKU
ARN,HAN
ARN,DLC
ARN,MFM
ARN,KHH
ARN,HKG
ZRH,OOL
ZRH,KLO
ZRH,ICN
ZRH,PEN
ZRH,KIX
ZRH,HDY
ZRH,SIN
ZRH,PKU
ZRH,HAN
ZRH,DLC
ZRH,MFM
ZRH,KHH
ZRH,HKG
LCA,OOL
LCA,KLO
LCA,ICN
LCA,PEN
LCA,KIX
LCA,HDY
LCA,SIN
LCA,PKU
LCA,HAN
LCA,DLC
LCA,MFM
LCA,KHH
LCA,HKG
JED,ADL
JED,DVO
JED,ICN
JED,PNH
JED,LPQ
JED,MLE
JED,PEN
JED,MDL
JED,JNB
JED,KTM
JED,HIJ
JED,CMB
JED,HDY
JED,BWN
JED,SIN
JED,AKL
JED,AMD
JED,BPN
JED,HAN
JED,PEK
JED,KHH
JED,HKG
HDY,TIA
HDY,DXB
HDY,CAI
HDY,ADL
HDY,SOF
HDY,BRU
HDY,CPH
HDY,STR
HDY,DME
HDY,CDG
HDY,DVO
HDY,ICN
HDY,AMS
HDY,PNH
HDY,LPQ
HDY,OTP
HDY,MLE
HDY,PEN
HDY,SFO
HDY,DAC
HDY,MDL
HDY,JNB
HDY,KTM
HDY,HIJ
HDY,ARN
HDY,ZRH
HDY,LCA
HDY,JED
HDY,CMB
HDY,BKK
HDY,ADB
HDY,BWN
HDY,BCN
HDY,SMI
HDY,SIN
HDY,AKL
HDY,TLV
HDY,FCO
HDY,AMD
HDY,PKU
HDY,LHR
HDY,HAN
HDY,PEK
HDY,MFM
HDY,KHH
HDY,HKG
KBV,TIA
KBV,DXB
KBV,CAI
KBV,ADL
KBV,SOF
KBV,BRU
KBV,CPH
KBV,STR
KBV,DME
KBV,CDG
KBV,DVO
KBV,ICN
KBV,AMS
KBV,REP
KBV,LPQ
KBV,OTP
KBV,MLE
KBV,PEN
KBV,SFO
KBV,DAC
KBV,MDL
KBV,CPT
KBV,HIJ
KBV,ARN
KBV,ZRH
KBV,LCA
KBV,JED
KBV,CMB
KBV,BKK
KBV,ADB
KBV,BWN
KBV,BCN
KBV,SMI
KBV,SIN
KBV,AKL
KBV,TLV
KBV,FCO
KBV,AMD
KBV,PKU
KBV,LHR
KBV,HAN
KBV,PEK
KBV,MFM
KBV,KHH
KBV,HKG
BKK,TIA
BKK,CAI
BKK,AYQ
BKK,SOF
BKK,BRU
BKK,CPH
BKK,STR
BKK,DME
BKK,CDG
BKK,KLO
BKK,ICN
BKK,OTP
BKK,MLE
BKK,PEN
BKK,DAC
BKK,KIX
BKK,ARN
BKK,ZRH
BKK,LCA
BKK,JED
BKK,HDY
BKK,ADB
BKK,BWN
BKK,BCN
BKK,SMI
BKK,SIN
BKK,TLV
BKK,FCO
BKK,ATQ
BKK,BPN
BKK,LHR
BKK,HAN
BKK,DLC
BKK,MFM
BKK,KHH
BKK,HKG
DMK,TIA
DMK,CAI
DMK,AYQ
DMK,SOF
DMK,BRU
DMK,CPH
DMK,STR
DMK,DME
DMK,CDG
DMK,KLO
DMK,ICN
DMK,OTP
DMK,MLE
DMK,PEN
DMK,DAC
DMK,KIX
DMK,ARN
DMK,ZRH
DMK,LCA
DMK,JED
DMK,HDY
DMK,ADB
DMK,BWN
DMK,BCN
DMK,SMI
DMK,SIN
DMK,TLV
DMK,FCO
DMK,ATQ
DMK,BPN
DMK,LHR
DMK,HAN
DMK,DLC
DMK,MFM
DMK,KHH
DMK,HKG
HKT,TIA
HKT,CAI
HKT,OOL
HKT,SOF
HKT,BRU
HKT,CPH
HKT,STR
HKT,DME
HKT,CDG
HKT,KLO
HKT,ICN
HKT,OTP
HKT,MLE
HKT,PEN
HKT,DAC
HKT,KIX
HKT,ARN
HKT,ZRH
HKT,LCA
HKT,JED
HKT,BKK
HKT,ADB
HKT,BCN
HKT,SMI
HKT,SIN
HKT,TLV
HKT,FCO
HKT,ATQ
HKT,PKU
HKT,LHR
HKT,HAN
HKT,DLC
HKT,MFM
HKT,KHH
HKT,HKG
CNX,TIA
CNX,CAI
CNX,OOL
CNX,SOF
CNX,BRU
CNX,CPH
CNX,STR
CNX,DME
CNX,CDG
CNX,KLO
CNX,ICN
CNX,OTP
CNX,MLE
CNX,PEN
CNX,DAC
CNX,KIX
CNX,ARN
CNX,ZRH
CNX,LCA
CNX,JED
CNX,BKK
CNX,ADB
CNX,BCN
CNX,SMI
CNX,SIN
CNX,TLV
CNX,FCO
CNX,ATQ
CNX,PKU
CNX,LHR
CNX,HAN
CNX,CAN
CNX,MFM
CNX,TPE
CNX,HKG
ADB,OOL
ADB,KLO
ADB,ICN
ADB,PEN
ADB,KIX
ADB,HDY
ADB,SIN
ADB,PKU
ADB,HAN
ADB,DLC
ADB,MFM
ADB,KHH
ADB,HKG
IST,MEL
IST,KLO
IST,ICN
IST,PEN
IST,KIX
IST,HDY
IST,SIN
IST,PKU
IST,HAN
IST,DLC
IST,MFM
IST,KHH
IST,HKG
BWN,ATH
BCN,OOL
BCN,KLO
BCN,ICN
BCN,PEN
BCN,KIX
BCN,HDY
BCN,SIN
BCN,PKU
BCN,HAN
BCN,DLC
BCN,MFM
BCN,KHH
BCN,HKG
SMI,OOL
SMI,KLO
SMI,ICN
SMI,PEN
SMI,KIX
SMI,HDY
SMI,SIN
SMI,PKU
SMI,HAN
SMI,DLC
SMI,MFM
SMI,KHH
SMI,HKG
RHO,OOL
RHO,KLO
RHO,ICN
RHO,PEN
RHO,KIX
RHO,HDY
RHO,SIN
RHO,PKU
RHO,HAN
RHO,DLC
RHO,MFM
RHO,KHH
RHO,HKG
AXD,OOL
AXD,KLO
AXD,ICN
AXD,PEN
AXD,KIX
AXD,HDY
AXD,SIN
AXD,PKU
AXD,HAN
AXD,DLC
AXD,MFM
AXD,KHH
AXD,HKG
CHQ,OOL
CHQ,KLO
CHQ,ICN
CHQ,PEN
CHQ,KIX
CHQ,HDY
CHQ,SIN
CHQ,PKU
CHQ,HAN
CHQ,DLC
CHQ,MFM
CHQ,KHH
CHQ,HKG
CFU,OOL
CFU,KLO
CFU,ICN
CFU,PEN
CFU,KIX
CFU,HDY
CFU,SIN
CFU,PKU
CFU,HAN
CFU,DLC
CFU,MFM
CFU,KHH
CFU,HKG
KGS,OOL
KGS,KLO
KGS,ICN
KGS,PEN
KGS,KIX
KGS,HDY
KGS,SIN
KGS,PKU
KGS,HAN
KGS,DLC
KGS,MFM
KGS,KHH
KGS,HKG
EFL,OOL
EFL,KLO
EFL,ICN
EFL,PEN
EFL,KIX
EFL,HDY
EFL,SIN
EFL,PKU
EFL,HAN
EFL,DLC
EFL,MFM
EFL,KHH
EFL,HKG
IOA,OOL
IOA,KLO
IOA,ICN
IOA,PEN
IOA,KIX
IOA,HDY
IOA,SIN
IOA,PKU
IOA,HAN
IOA,DLC
IOA,MFM
IOA,KHH
IOA,HKG
LXS,OOL
LXS,KLO
LXS,ICN
LXS,PEN
LXS,KIX
LXS,HDY
LXS,SIN
LXS,PKU
LXS,HAN
LXS,DLC
LXS,MFM
LXS,KHH
LXS,HKG
SKG,OOL
SKG,KLO
SKG,ICN
SKG,PEN
SKG,KIX
SKG,HDY
SKG,SIN
SKG,PKU
SKG,HAN
SKG,DLC
SKG,MFM
SKG,KHH
SKG,HKG
KVA,OOL
KVA,KLO
KVA,ICN
KVA,PEN
KVA,KIX
KVA,HDY
KVA,SIN
KVA,PKU
KVA,HAN
KVA,DLC
KVA,MFM
KVA,KHH
KVA,HKG
JMK,OOL
JMK,KLO
JMK,ICN
JMK,PEN
JMK,KIX
JMK,HDY
JMK,SIN
JMK,PKU
JMK,HAN
JMK,DLC
JMK,MFM
JMK,KHH
JMK,HKG
HER,OOL
HER,KLO
HER,ICN
HER,PEN
HER,KIX
HER,HDY
HER,SIN
HER,PKU
HER,HAN
HER,DLC
HER,MFM
HER,KHH
HER,HKG
MJT,OOL
MJT,KLO
MJT,ICN
MJT,PEN
MJT,KIX
MJT,HDY
MJT,SIN
MJT,PKU
MJT,HAN
MJT,DLC
MJT,MFM
MJT,KHH
MJT,HKG
JKH,OOL
JKH,KLO
JKH,ICN
JKH,PEN
JKH,KIX
JKH,HDY
JKH,SIN
JKH,PKU
JKH,HAN
JKH,DLC
JKH,MFM
JKH,KHH
JKH,HKG
JTR,OOL
JTR,KLO
JTR,ICN
JTR,PEN
JTR,KIX
JTR,HDY
JTR,SIN
JTR,PKU
JTR,HAN
JTR,DLC
JTR,MFM
JTR,KHH
JTR,HKG
ATH,ADL
ATH,DVO
ATH,ICN
ATH,PNH
ATH,LPQ
ATH,MLE
ATH,PEN
ATH,DAC
ATH,MDL
ATH,JNB
ATH,KTM
ATH,HIJ
ATH,CMB
ATH,HDY
ATH,BWN
ATH,SIN
ATH,AKL
ATH,AMD
ATH,BPN
ATH,HAN
ATH,PEK
ATH,MFM
ATH,KHH
ATH,HKG
SIN,TIA
SIN,CAI
SIN,ADL
SIN,SOF
SIN,BRU
SIN,CPH
SIN,STR
SIN,DME
SIN,CDG
SIN,DVO
SIN,ICN
SIN,OTP
SIN,MLE
SIN,PEN
SIN,HNL
SIN,DAC
SIN,KIX
SIN,ARN
SIN,ZRH
SIN,LCA
SIN,JED
SIN,CJM
SIN,ADB
SIN,BCN
SIN,SMI
SIN,TLV
SIN,FCO
SIN,ATQ
SIN,PKU
SIN,LHR
SIN,HAN
SIN,DLC
SIN,MFM
SIN,KHH
SIN,HKG
TLV,OOL
TLV,KLO
TLV,ICN
TLV,PEN
TLV,KIX
TLV,HDY
TLV,SIN
TLV,PKU
TLV,HAN
TLV,DLC
TLV,MFM
TLV,KHH
TLV,HKG
FCO,OOL
FCO,KLO
FCO,ICN
FCO,PEN
FCO,KIX
FCO,HDY
FCO,SIN
FCO,PKU
FCO,HAN
FCO,DLC
FCO,MFM
FCO,KHH
FCO,HKG
MXP,OOL
MXP,KLO
MXP,ICN
MXP,PEN
MXP,KIX
MXP,HDY
MXP,SIN
MXP,PKU
MXP,HAN
MXP,DLC
MXP,MFM
MXP,KHH
MXP,HKG
ATQ,ADL
ATQ,DUS
ATQ,DME
ATQ,CDG
ATQ,DVO
ATQ,ICN
ATQ,AMS
ATQ,PNH
ATQ,PEN
ATQ,SFO
ATQ,MDL
ATQ,HIJ
ATQ,HDY
ATQ,IST
ATQ,BWN
ATQ,BCN
ATQ,ATH
ATQ,SIN
ATQ,AKL
ATQ,MXP
ATQ,BPN
ATQ,HAN
ATQ,PEK
ATQ,MFM
ATQ,KHH
ATQ,HKG
BLR,OOL
BLR,KLO
BLR,ICN
BLR,PEN
BLR,HNL
BLR,KIX
BLR,HDY
BLR,ATH
BLR,SIN
BLR,PKU
BLR,HAN
BLR,CAN
BLR,MFM
BLR,KHH
BLR,HKG
TRZ,ADL
TRZ,SOF
TRZ,CDG
TRZ,DVO
TRZ,ICN
TRZ,AMS
TRZ,PNH
TRZ,LPQ
TRZ,PEN
TRZ,HNL
TRZ,MDL
TRZ,HIJ
TRZ,JED
TRZ,HDY
TRZ,BWN
TRZ,ATH
TRZ,SIN
TRZ,AKL
TRZ,BPN
TRZ,HAN
TRZ,PEK
TRZ,MFM
TRZ,KHH
TRZ,HKG
CJB,OOL
CJB,TXL
CJB,KLO
CJB,PEN
CJB,DAC
CJB,KIX
CJB,JED
CJB,HDY
CJB,ATH
CJB,SIN
CJB,PKU
CJB,HAN
CJB,CAN
CJB,MFM
CJB,TPE
CJB,HKG
HYD,OOL
HYD,KLO
HYD,ICN
HYD,PEN
HYD,HNL
HYD,KIX
HYD,HDY
HYD,SIN
HYD,PKU
HYD,HAN
HYD,DLC
HYD,MFM
HYD,KHH
HYD,HKG
MAA,AYQ
MAA,DVO
MAA,ICN
MAA,PEN
MAA,HNL
MAA,DAC
MAA,KIX
MAA,JED
MAA,HDY
MAA,ATH
MAA,SIN
MAA,PKU
MAA,HAN
MAA,DLC
MAA,MFM
MAA,KHH
MAA,HKG
COK,OOL
COK,KLO
COK,ICN
COK,PEN
COK,HNL
COK,KIX
COK,HDY
COK,ATH
COK,SIN
COK,PKU
COK,HAN
COK,CAN
COK,MFM
COK,KHH
COK,HKG
LKO,ADL
LKO,DVO
LKO,ICN
LKO,AMS
LKO,PNH
LKO,LPQ
LKO,PEN
LKO,SFO
LKO,MDL
LKO,HIJ
LKO,HDY
LKO,BWN
LKO,JMK
LKO,SIN
LKO,AKL
LKO,BPN
LKO,HAN
LKO,PEK
LKO,MFM
LKO,KHH
LKO,HKG
TRV,OOL
TRV,TXL
TRV,KLO
TRV,PEN
TRV,KIX
TRV,JED
TRV,HDY
TRV,ATH
TRV,SIN
TRV,PKU
TRV,HAN
TRV,CAN
TRV,MFM
TRV,KHH
TRV,HKG
VTZ,OOL
VTZ,TXL
VTZ,CRK
VTZ,PEN
VTZ,KIX
VTZ,JED
VTZ,HDY
VTZ,ATH
VTZ,SIN
VTZ,PKU
VTZ,HAN
VTZ,CAN
VTZ,MFM
VTZ,TPE
VTZ,HKG
DEL,BKK
PKU,TIA
PKU,CAI
PKU,OOL
PKU,SOF
PKU,BRU
PKU,CPH
PKU,STR
PKU,DME
PKU,CDG
PKU,KLO
PKU,ICN
PKU,OTP
PKU,MLE
PKU,PEN
PKU,DAC
PKU,KIX
PKU,ARN
PKU,ZRH
PKU,LCA
PKU,JED
PKU,HDY
PKU,ADB
PKU,BCN
PKU,SMI
PKU,SIN
PKU,TLV
PKU,FCO
PKU,ATQ
PKU,LHR
PKU,HAN
PKU,DLC
PKU,MFM
PKU,KHH
PKU,HKG
DPS,TIA
DPS,CAI
DPS,OOL
DPS,SOF
DPS,BRU
DPS,CPH
DPS,STR
DPS,DME
DPS,CDG
DPS,KLO
DPS,ICN
DPS,OTP
DPS,MLE
DPS,PEN
DPS,DAC
DPS,KIX
DPS,ARN
DPS,ZRH
DPS,LCA
DPS,JED
DPS,HDY
DPS,ADB
DPS,BCN
DPS,SMI
DPS,SIN
DPS,TLV
DPS,FCO
DPS,ATQ
DPS,LHR
DPS,HAN
DPS,DLC
DPS,MFM
DPS,KHH
DPS,HKG
PLM,TIA
PLM,DXB
PLM,CAI
PLM,ADL
PLM,SOF
PLM,BRU
PLM,CPH
PLM,STR
PLM,DME
PLM,CDG
PLM,DVO
PLM,ICN
PLM,AMS
PLM,PNH
PLM,LPQ
PLM,OTP
PLM,MLE
PLM,PEN
PLM,SFO
PLM,DAC
PLM,MDL
PLM,JNB
PLM,KTM
PLM,HIJ
PLM,ARN
PLM,ZRH
PLM,LCA
PLM,JED
PLM,CMB
PLM,HDY
PLM,ADB
PLM,BWN
PLM,BCN
PLM,SMI
PLM,SIN
PLM,AKL
PLM,TLV
PLM,FCO
PLM,AMD
PLM,LHR
PLM,HAN
PLM,PEK
PLM,MFM
PLM,KHH
PLM,HKG
SUB,TIA
SUB,CAI
SUB,OOL
SUB,SOF
SUB,BRU
SUB,CPH
SUB,STR
SUB,DME
SUB,CDG
SUB,KLO
SUB,ICN
SUB,OTP
SUB,MLE
SUB,PEN
SUB,DAC
SUB,KIX
SUB,ARN
SUB,ZRH
SUB,LCA
SUB,JED
SUB,HDY
SUB,ADB
SUB,BCN
SUB,SMI
SUB,SIN
SUB,TLV
SUB,FCO
SUB,ATQ
SUB,LHR
SUB,HAN
SUB,DLC
SUB,MFM
SUB,KHH
SUB,HKG
CGK,TIA
CGK,CAI
CGK,OOL
CGK,SOF
CGK,BRU
CGK,CPH
CGK,STR
CGK,DME
CGK,CDG
CGK,KLO
CGK,ICN
CGK,OTP
CGK,MLE
CGK,PEN
CGK,DAC
CGK,KIX
CGK,ARN
CGK,ZRH
CGK,LCA
CGK,JED
CGK,HDY
CGK,ADB
CGK,BCN
CGK,SMI
CGK,SIN
CGK,TLV
CGK,FCO
CGK,ATQ
CGK,LHR
CGK,HAN
CGK,DLC
CGK,MFM
CGK,KHH
CGK,HKG
LHR,OOL
LHR,KLO
LHR,ICN
LHR,PEN
LHR,KIX
LHR,HDY
LHR,SIN
LHR,PKU
LHR,HAN
LHR,DLC
LHR,MFM
LHR,KHH
LHR,HKG
MAN,OOL
MAN,KLO
MAN,ICN
MAN,PEN
MAN,KIX
MAN,HDY
MAN,SIN
MAN,PKU
MAN,HAN
MAN,DLC
MAN,MFM
MAN,KHH
MAN,HKG
HAN,TIA
HAN,CAI
HAN,OOL
HAN,SOF
HAN,BRU
HAN,CPH
HAN,STR
HAN,DME
HAN,CDG
HAN,KLO
HAN,ICN
HAN,OTP
HAN,MLE
HAN,PEN
HAN,DAC
HAN,KIX
HAN,ARN
HAN,ZRH
HAN,LCA
HAN,JED
HAN,HDY
HAN,ADB
HAN,BCN
HAN,SMI
HAN,SIN
HAN,TLV
HAN,FCO
HAN,ATQ
HAN,PKU
HAN,LHR
HAN,CAN
HAN,MFM
HAN,KHH
HAN,HKG
SGN,TIA
SGN,CAI
SGN,OOL
SGN,SOF
SGN,BRU
SGN,CPH
SGN,STR
SGN,DME
SGN,CDG
SGN,KLO
SGN,ICN
SGN,OTP
SGN,MLE
SGN,PEN
SGN,DAC
SGN,KIX
SGN,ARN
SGN,ZRH
SGN,LCA
SGN,JED
SGN,HDY
SGN,ADB
SGN,BCN
SGN,SMI
SGN,SIN
SGN,TLV
SGN,FCO
SGN,ATQ
SGN,PKU
SGN,LHR
SGN,CAN
SGN,KHH
SGN,HKG
MFM,TIA
MFM,DXB
MFM,CAI
MFM,ADL
MFM,SOF
MFM,BRU
MFM,CPH
MFM,STR
MFM,DME
MFM,CDG
MFM,DVO
MFM,AMS
MFM,PNH
MFM,LPQ
MFM,OTP
MFM,MLE
MFM,PEN
MFM,SFO
MFM,DAC
MFM,MDL
MFM,JNB
MFM,KTM
MFM,ARN
MFM,ZRH
MFM,LCA
MFM,CMB
MFM,HDY
MFM,ADB
MFM,BWN
MFM,BCN
MFM,SMI
MFM,SIN
MFM,AKL
MFM,TLV
MFM,FCO
MFM,BLR
MFM,BPN
MFM,LHR
MFM,HAN
MFM,SHE
MFM,KHH
KHH,TIA
KHH,DXB
KHH,CAI
KHH,ADL
KHH,SOF
KHH,BRU
KHH,CPH
KHH,STR
KHH,DME
KHH,CDG
KHH,KLO
KHH,AMS
KHH,LPQ
KHH,OTP
KHH,MLE
KHH,PEN
KHH,SFO
KHH,DAC
KHH,RGN
KHH,JNB
KHH,KTM
KHH,KIX
KHH,ARN
KHH,ZRH
KHH,LCA
KHH,CMB
KHH,HDY
KHH,ADB
KHH,BWN
KHH,BCN
KHH,SMI
KHH,SIN
KHH,AKL
KHH,TLV
KHH,FCO
KHH,AMD
KHH,BPN
KHH,LHR
KHH,HAN
KHH,DLC
TPE,TIA
TPE,CAI
TPE,AYQ
TPE,SOF
TPE,BRU
TPE,CPH
TPE,STR
TPE,DME
TPE,CDG
TPE,KLO
TPE,ICN
TPE,OTP
TPE,MLE
TPE,PEN
TPE,DAC
TPE,NRT
TPE,ARN
TPE,ZRH
TPE,LCA
TPE,JED
TPE,HDY
TPE,ADB
TPE,BWN
TPE,BCN
TPE,SMI
TPE,SIN
TPE,TLV
TPE,FCO
TPE,ATQ
TPE,BPN
TPE,LHR
TPE,HAN
TPE,CAN
TPE,HKG
HKG,TIA
HKG,CAI
HKG,OOL
HKG,SOF
HKG,BRU
HKG,CPH
HKG,STR
HKG,DME
HKG,CDG
HKG,KLO
HKG,OTP
HKG,MLE
HKG,PEN
HKG,DAC
HKG,ARN
HKG,ZRH
HKG,LCA
HKG,JED
HKG,HDY
HKG,ADB
HKG,BCN
HKG,SMI
HKG,SIN
HKG,TLV
HKG,FCO
HKG,ATQ
HKG,BPN
HKG,LHR
HKG,HAN
HKG,CAN
HKG,TPE
SHE,TIA
SHE,CAI
SHE,ADL
SHE,SOF
SHE,BRU
SHE,CPH
SHE,STR
SHE,DME
SHE,CDG
SHE,KLO
SHE,OTP
SHE,MLE
SHE,PEN
SHE,DAC
SHE,ARN
SHE,ZRH
SHE,LCA
SHE,JED
SHE,HDY
SHE,ADB
SHE,BCN
SHE,SMI
SHE,SIN
SHE,TLV
SHE,FCO
SHE,ATQ
SHE,PKU
SHE,LHR
SHE,HAN
SHE,JJN
SHE,MFM
PEK,TXL
PEK,CRK
PEK,KCH
PEK,JED
PEK,HDY
PEK,ATH
PEK,ATQ
PEK,PLM
CTU,TXL
CTU,CRK
CTU,KCH
CTU,JED
CTU,HDY
CTU,ATH
CTU,ATQ
CTU,PLM
DLC,TIA
DLC,CAI
DLC,AYQ
DLC,SOF
DLC,BRU
DLC,CPH
DLC,STR
DLC,DME
DLC,CDG
DLC,OTP
DLC,PEN
DLC,ARN
DLC,ZRH
DLC,LCA
DLC,JED
DLC,HDY
DLC,ADB
DLC,BCN
DLC,SMI
DLC,SIN
DLC,TLV
DLC,FCO
DLC,ATQ
DLC,PKU
DLC,LHR
DLC,KHH
FOC,TXL
FOC,CRK
FOC,KCH
FOC,JED
FOC,HDY
FOC,ATH
FOC,ATQ
FOC,PLM
CAN,TIA
CAN,CAI
CAN,OOL
CAN,SOF
CAN,BRU
CAN,CPH
CAN,STR
CAN,DME
CAN,CDG
CAN,KLO
CAN,ICN
CAN,OTP
CAN,MLE
CAN,PEN
CAN,DAC
CAN,ARN
CAN,ZRH
CAN,LCA
CAN,JED
CAN,HDY
CAN,ADB
CAN,BCN
CAN,SMI
CAN,SIN
CAN,TLV
CAN,FCO
CAN,ATQ
CAN,PKU
CAN,LHR
CAN,HAN
CAN,NNG
CAN,TPE
CAN,HKG
HRB,TIA
HRB,CAI
HRB,OOL
HRB,SOF
HRB,BRU
HRB,CPH
HRB,STR
HRB,DME
HRB,CDG
HRB,KLO
HRB,OTP
HRB,MLE
HRB,PEN
HRB,DAC
HRB,ARN
HRB,ZRH
HRB,LCA
HRB,JED
HRB,HDY
HRB,ADB
HRB,BCN
HRB,SMI
HRB,SIN
HRB,TLV
HRB,FCO
HRB,ATQ
HRB,PKU
HRB,LHR
HRB,HAN
HAK,TIA
HAK,CAI
HAK,OOL
HAK,SOF
HAK,BRU
HAK,CPH
HAK,STR
HAK,DME
HAK,CDG
HAK,KLO
HAK,OTP
HAK,PEN
HAK,DAC
HAK,ARN
HAK,ZRH
HAK,LCA
HAK,JED
HAK,HDY
HAK,ADB
HAK,BCN
HAK,SMI
HAK,SIN
HAK,TLV
HAK,FCO
HAK,TRZ
HAK,PKU
HAK,LHR
HAK,HAN
HGH,TIA
HGH,CAI
HGH,AYQ
HGH,SOF
HGH,BRU
HGH,CPH
HGH,STR
HGH,DME
HGH,CDG
HGH,KLO
HGH,OTP
HGH,MLE
HGH,PEN
HGH,DAC
HGH,ARN
HGH,ZRH
HGH,LCA
HGH,JED
HGH,HDY
HGH,ADB
HGH,BCN
HGH,SMI
HGH,SIN
HGH,TLV
HGH,FCO
HGH,ATQ
HGH,PKU
HGH,LHR
HGH,HAN
HGH,JJN
TNA,TIA
TNA,CAI
TNA,OOL
TNA,SOF
TNA,BRU
TNA,CPH
TNA,STR
TNA,DME
TNA,CDG
TNA,KLO
TNA,OTP
TNA,PEN
TNA,DAC
TNA,ARN
TNA,ZRH
TNA,LCA
TNA,HDY
TNA,ADB
TNA,BCN
TNA,SMI
TNA,SIN
TNA,TLV
TNA,FCO
TNA,TRZ
TNA,PKU
TNA,LHR
TNA,HAN
KMG,TXL
KMG,CRK
KMG,KCH
KMG,JED
KMG,HDY
KMG,ATH
KMG,ATQ
KMG,PLM
KHN,TIA
KHN,CAI
KHN,OOL
KHN,SOF
KHN,BRU
KHN,CPH
KHN,STR
KHN,DME
KHN,CDG
KHN,OTP
KHN,MLE
KHN,PEN
KHN,DAC
KHN,ARN
KHN,ZRH
KHN,LCA
KHN,JED
KHN,HDY
KHN,ADB
KHN,BCN
KHN,SMI
KHN,SIN
KHN,TLV
KHN,FCO
KHN,ATQ
KHN,PKU
KHN,LHR
NKG,TIA
NKG,CAI
NKG,ADL
NKG,SOF
NKG,BRU
NKG,CPH
NKG,STR
NKG,DME
NKG,CDG
NKG,KLO
NKG,OTP
NKG,MLE
NKG,PEN
NKG,DAC
NKG,ARN
NKG,ZRH
NKG,LCA
NKG,JED
NKG,HDY
NKG,ADB
NKG,BCN
NKG,SMI
NKG,SIN
NKG,TLV
NKG,FCO
NKG,ATQ
NKG,PKU
NKG,LHR
NKG,HAN
NKG,JJN
NNG,TIA
NNG,CAI
NNG,OOL
NNG,SOF
NNG,BRU
NNG,CPH
NNG,STR
NNG,DME
NNG,CDG
NNG,MNL
NNG,OTP
NNG,KCH
NNG,ARN
NNG,ZRH
NNG,LCA
NNG,ADB
NNG,BCN
NNG,SMI
NNG,SIN
NNG,TLV
NNG,FCO
NNG,CJB
NNG,PKU
NNG,LHR
NNG,HAN
NGB,TIA
NGB,CAI
NGB,OOL
NGB,SOF
NGB,BRU
NGB,CPH
NGB,STR
NGB,DME
NGB,CDG
NGB,KLO
NGB,OTP
NGB,PEN
NGB,DAC
NGB,ARN
NGB,ZRH
NGB,LCA
NGB,HDY
NGB,ADB
NGB,BCN
NGB,SMI
NGB,SIN
NGB,TLV
NGB,FCO
NGB,TRZ
NGB,PKU
NGB,LHR
NGB,HAN
TAO,TIA
TAO,CAI
TAO,ADL
TAO,SOF
TAO,BRU
TAO,CPH
TAO,STR
TAO,DME
TAO,CDG
TAO,KLO
TAO,OTP
TAO,MLE
TAO,PEN
TAO,DAC
TAO,ARN
TAO,ZRH
TAO,LCA
TAO,JED
TAO,HDY
TAO,ADB
TAO,BCN
TAO,SMI
TAO,SIN
TAO,TLV
TAO,FCO
TAO,ATQ
TAO,PKU
TAO,LHR
TAO,HAN
TAO,JJN
JJN,TIA
JJN,CAI
JJN,OOL
JJN,SOF
JJN,BRU
JJN,CPH
JJN,STR
JJN,DME
JJN,CDG
JJN,KLO
JJN,OTP
JJN,PEN
JJN,DAC
JJN,ARN
JJN,ZRH
JJN,LCA
JJN,HDY
JJN,ADB
JJN,BCN
JJN,SMI
JJN,SIN
JJN,TLV
JJN,FCO
JJN,TRZ
JJN,PKU
JJN,LHR
JJN,HAN
XMN,TXL
XMN,CRK
XMN,KCH
XMN,JED
XMN,HDY
XMN,ATH
XMN,ATQ
XMN,PLM
PVG,TXL
PVG,CRK
PVG,KCH
PVG,JED
PVG,HDY
PVG,ATH
PVG,ATQ
PVG,PLM
SZX,TIA
SZX,CAI
SZX,OOL
SZX,SOF
SZX,BRU
SZX,CPH
SZX,STR
SZX,DME
SZX,CDG
SZX,KLO
SZX,OTP
SZX,MLE
SZX,PEN
SZX,DAC
SZX,ARN
SZX,ZRH
SZX,LCA
SZX,JED
SZX,HDY
SZX,ADB
SZX,BCN
SZX,SMI
SZX,SIN
SZX,TLV
SZX,FCO
SZX,ATQ
SZX,PKU
SZX,LHR
SZX,HAN
SZX,TPE
TSN,TIA
TSN,CAI
TSN,ADL
TSN,SOF
TSN,BRU
TSN,CPH
TSN,STR
TSN,DME
TSN,CDG
TSN,KLO
TSN,OTP
TSN,MLE
TSN,PEN
TSN,DAC
TSN,ARN
TSN,ZRH
TSN,LCA
TSN,JED
TSN,HDY
TSN,ADB
TSN,BCN
TSN,SMI
TSN,SIN
TSN,TLV
TSN,FCO
TSN,ATQ
TSN,PKU
TSN,LHR
TSN,HAN
TSN,JJN
TSN,MFM
WUX,TIA
WUX,CAI
WUX,OOL
WUX,SOF
WUX,BRU
WUX,CPH
WUX,STR
WUX,DME
WUX,CDG
WUX,KLO
WUX,OTP
WUX,PEN
WUX,DAC
WUX,ARN
WUX,ZRH
WUX,LCA
WUX,HDY
WUX,ADB
WUX,BCN
WUX,SMI
WUX,SIN
WUX,TLV
WUX,FCO
WUX,TRZ
WUX,PKU
WUX,LHR
WUX,HAN
WUH,TXL
WUH,CRK
WUH,KCH
WUH,JED
WUH,HDY
WUH,ATH
WUH,ATQ
WUH,PLM
XIY,TIA
XIY,CAI
XIY,OOL
XIY,SOF
XIY,BRU
XIY,CPH
XIY,STR
XIY,DME
XIY,CDG
XIY,KLO
XIY,OTP
XIY,MLE
XIY,PEN
XIY,DAC
XIY,ARN
XIY,ZRH
XIY,LCA
XIY,JED
XIY,HDY
XIY,ADB
XIY,BCN
XIY,SMI
XIY,SIN
XIY,TLV
XIY,FCO
XIY,ATQ
XIY,PKU
XIY,LHR
XIY,HAN
CSX,TXL
CSX,CRK
CSX,KCH
CSX,JED
CSX,HDY
CSX,ATH
CSX,ATQ
CSX,PLM
CGO,TIA
CGO,CAI
CGO,OOL
CGO,SOF
CGO,BRU
CGO,CPH
CGO,STR
CGO,DME
CGO,CDG
CGO,KLO
CGO,OTP
CGO,PEN
CGO,DAC
CGO,ARN
CGO,ZRH
CGO,LCA
CGO,HDY
CGO,ADB
CGO,BCN
CGO,SMI
CGO,SIN
CGO,TLV
CGO,FCO
CGO,TRZ
CGO,PKU
CGO,LHR
CGO,HAN
CKG,TXL
CKG,CRK
CKG,KCH
CKG,JED
CKG,HDY
CKG,ATH
CKG,ATQ
CKG,PLM
TIA,OOL
TIA,KLO
TIA,ICN
TIA,PEN
TIA,KIX
TIA,HDY
TIA,SIN
TIA,PKU
TIA,HAN
TIA,DLC
TIA,MFM
TIA,KHH
TIA,HKG
DXB,CRK
DXB,KCH
DXB,HNL
DXB,CTS
DXB,HDY
DXB,PLM
DXB,DLC
DXB,MFM
DXB,KHH
CAI,OOL
CAI,KLO
CAI,ICN
CAI,PEN
CAI,KIX
CAI,HDY
CAI,SIN
CAI,PKU
CAI,HAN
CAI,DLC
CAI,MFM
CAI,KHH
CAI,HKG
ADL,TXL
ADL,CRK
ADL,KCH
ADL,CTS
ADL,JED
ADL,HDY
ADL,ATH
ADL,SIN
ADL,ATQ
ADL,PLM
ADL,DLC
ADL,MFM
ADL,KHH
AYQ,ICN
AYQ,KIX
AYQ,JED
AYQ,BKK
AYQ,ATH
AYQ,SIN
AYQ,ATQ
AYQ,DLC
AYQ,KHH
BNE,TXL
BNE,CRK
BNE,KCH
BNE,CTS
BNE,JED
BNE,HDY
BNE,ATH
BNE,SIN
BNE,ATQ
BNE,PLM
BNE,DLC
BNE,MFM
BNE,KHH
DRW,TXL
DRW,CRK
DRW,KCH
DRW,CTS
DRW,JED
DRW,HDY
DRW,ATH
DRW,ATQ
DRW,PLM
DRW,DLC
DRW,MFM
DRW,KHH
OOL,TIA
OOL,CAI
OOL,SOF
OOL,BRU
OOL,CPH
OOL,STR
OOL,DME
OOL,CDG
OOL,KLO
OOL,ICN
OOL,OTP
OOL,MLE
OOL,PEN
OOL,DAC
OOL,KIX
OOL,ARN
OOL,ZRH
OOL,LCA
OOL,JED
OOL,HDY
OOL,ADB
OOL,BCN
OOL,SMI
OOL,SIN
OOL,TLV
OOL,FCO
OOL,ATQ
OOL,PKU
OOL,LHR
OOL,HAN
OOL,DLC
OOL,MFM
OOL,KHH
OOL,HKG
HBA,ICN
HBA,KIX
HBA,JED
HBA,BKK
HBA,ATH
HBA,SIN
HBA,ATQ
HBA,DLC
HBA,KHH
CNS,TXL
CNS,CRK
CNS,KCH
CNS,CTS
CNS,JED
CNS,HDY
CNS,ATH
CNS,SIN
CNS,ATQ
CNS,PLM
CNS,DLC
CNS,MFM
CNS,KHH
CBR,TXL
CBR,CRK
CBR,KCH
CBR,CTS
CBR,JED
CBR,HDY
CBR,ATH
CBR,SIN
CBR,ATQ
CBR,PLM
CBR,DLC
CBR,MFM
CBR,KHH
LST,ICN
LST,KIX
LST,JED
LST,BKK
LST,ATH
LST,SIN
LST,ATQ
LST,DLC
LST,KHH
MEL,TIA
MEL,CAI
MEL,SOF
MEL,BRU
MEL,CPH
MEL,STR
MEL,DME
MEL,CDG
MEL,KLO
MEL,ICN
MEL,OTP
MEL,MLE
MEL,PEN
MEL,DAC
MEL,KIX
MEL,ARN
MEL,ZRH
MEL,LCA
MEL,JED
MEL,HDY
MEL,ADB
MEL,BCN
MEL,SMI
MEL,SIN
MEL,TLV
MEL,FCO
MEL,ATQ
MEL,PKU
MEL,LHR
MEL,HAN
MEL,DLC
MEL,MFM
MEL,KHH
MEL,HKG
PER,TIA
PER,CAI
PER,SOF
PER,BRU
PER,CPH
PER,STR
PER,DME
PER,CDG
PER,KLO
PER,ICN
PER,OTP
PER,MLE
PER,PEN
PER,DAC
PER,KIX
PER,ARN
PER,ZRH
PER,LCA
PER,JED
PER,HDY
PER,ADB
PER,BCN
PER,SMI
PER,SIN
PER,TLV
PER,FCO
PER,ATQ
PER,PKU
PER,LHR
PER,HAN
PER,DLC
PER,MFM
PER,KHH
PER,HKG
SYD,TIA
SYD,CAI
SYD,SOF
SYD,BRU
SYD,CPH
SYD,STR
SYD,DME
SYD,CDG
SYD,KLO
SYD,ICN
SYD,OTP
SYD,MLE
SYD,PEN
SYD,DAC
SYD,KIX
SYD,ARN
SYD,ZRH
SYD,LCA
SYD,JED
SYD,HDY
SYD,ADB
SYD,BCN
SYD,SMI
SYD,SIN
SYD,TLV
SYD,FCO
SYD,ATQ
SYD,PKU
SYD,LHR
SYD,HAN
SYD,DLC
SYD,MFM
SYD,KHH
SYD,HKG
MCY,ICN
MCY,KIX
MCY,JED
MCY,BKK
MCY,ATH
MCY,SIN
MCY,ATQ
MCY,DLC
MCY,KHH
SOF,OOL
SOF,KLO
SOF,ICN
SOF,PEN
SOF,DAC
SOF,KIX
SOF,HDY
SOF,SIN
SOF,TRZ
SOF,PKU
SOF,HAN
SOF,DLC
SOF,MFM
SOF,KHH
SOF,HKG
BRU,OOL
BRU,KLO
BRU,ICN
BRU,PEN
BRU,KIX
BRU,HDY
BRU,SIN
BRU,PKU
BRU,HAN
BRU,DLC
BRU,MFM
BRU,KHH
BRU,HKG
CPH,OOL
CPH,KLO
CPH,ICN
CPH,PEN
CPH,KIX
CPH,HDY
CPH,SIN
CPH,PKU
CPH,HAN
CPH,DLC
CPH,MFM
CPH,KHH
CPH,HKG
STR,OOL
STR,KLO
STR,ICN
STR,PEN
STR,KIX
STR,HDY
STR,SIN
STR,PKU
STR,HAN
STR,DLC
STR,MFM
STR,KHH
STR,HKG
TXL,OOL
TXL,KLO
TXL,ICN
TXL,MLE
TXL,PEN
TXL,KIX
TXL,HDY
TXL,SIN
TXL,CJB
TXL,PKU
TXL,HAN
TXL,DLC
TXL,MFM
TXL,KHH
TXL,HKG
DUS,OOL
DUS,KLO
DUS,ICN
DUS,PEN
DUS,KIX
DUS,HDY
DUS,SIN
DUS,ATQ
DUS,PKU
DUS,HAN
DUS,DLC
DUS,MFM
DUS,KHH
DUS,HKG
FRA,OOL
FRA,KLO
FRA,ICN
FRA,PEN
FRA,KIX
FRA,HDY
FRA,SIN
FRA,PKU
FRA,HAN
FRA,DLC
FRA,MFM
FRA,KHH
FRA,HKG
MUC,OOL
MUC,KLO
MUC,ICN
MUC,PEN
MUC,KIX
MUC,HDY
MUC,SIN
MUC,PKU
MUC,HAN
MUC,DLC
MUC,MFM
MUC,KHH
MUC,HKG
DME,OOL
DME,KLO
DME,ICN
DME,PEN
DME,KIX
DME,HDY
DME,SIN
DME,ATQ
DME,PKU
DME,HAN
DME,DLC
DME,MFM
DME,KHH
DME,HKG
CDG,OOL
CDG,KLO
CDG,ICN
CDG,PEN
CDG,DAC
CDG,KIX
CDG,HDY
CDG,SIN
CDG,ATQ
CDG,PKU
CDG,HAN
CDG,DLC
CDG,MFM
CDG,KHH
CDG,HKG
DVO,OOL
DVO,TXL
DVO,KCH
DVO,HNL
DVO,JED
DVO,HDY
DVO,ATH
DVO,SIN
DVO,ATQ
DVO,PLM
DVO,HRB
DVO,MFM
KLO,TIA
KLO,CAI
KLO,OOL
KLO,SOF
KLO,BRU
KLO,CPH
KLO,STR
KLO,DME
KLO,CDG
KLO,ICN
KLO,OTP
KLO,MLE
KLO,PEN
KLO,HNL
KLO,DAC
KLO,KIX
KLO,ARN
KLO,ZRH
KLO,LCA
KLO,JED
KLO,HDY
KLO,ADB
KLO,BCN
KLO,SMI
KLO,SIN
KLO,TLV
KLO,FCO
KLO,ATQ
KLO,PKU
KLO,LHR
KLO,HAN
KLO,CAN
KLO,MFM
KLO,KHH
KLO,HKG
CRK,TIA
CRK,CAI
CRK,OOL
CRK,SOF
CRK,BRU
CRK,CPH
CRK,STR
CRK,DME
CRK,CDG
CRK,ICN
CRK,OTP
CRK,MLE
CRK,PEN
CRK,DAC
CRK,KIX
CRK,ARN
CRK,ZRH
CRK,LCA
CRK,JED
CRK,HDY
CRK,ADB
CRK,BCN
CRK,SMI
CRK,SIN
CRK,TLV
CRK,FCO
CRK,ATQ
CRK,PKU
CRK,LHR
CRK,HAN
CRK,CAN
CRK,MFM
CRK,KHH
CRK,HKG
MNL,TIA
MNL,CAI
MNL,OOL
MNL,SOF
MNL,BRU
MNL,CPH
MNL,STR
MNL,DME
MNL,CDG
MNL,ICN
MNL,OTP
MNL,MLE
MNL,PEN
MNL,HNL
MNL,DAC
MNL,KIX
MNL,ARN
MNL,ZRH
MNL,LCA
MNL,JED
MNL,HDY
MNL,ADB
MNL,BCN
MNL,SMI
MNL,SIN
MNL,TLV
MNL,FCO
MNL,ATQ
MNL,PKU
MNL,LHR
MNL,HAN
MNL,DLC
MNL,MFM
MNL,KHH
MNL,HKG
CEB,TIA
CEB,CAI
CEB,OOL
CEB,SOF
CEB,BRU
CEB,CPH
CEB,STR
CEB,DME
CEB,CDG
CEB,ICN
CEB,OTP
CEB,MLE
CEB,PEN
CEB,HNL
CEB,DAC
CEB,NRT
CEB,ARN
CEB,ZRH
CEB,LCA
CEB,JED
CEB,HDY
CEB,ADB
CEB,BCN
CEB,SMI
CEB,SIN
CEB,TLV
CEB,FCO
CEB,ATQ
CEB,PKU
CEB,LHR
CEB,HAN
CEB,CAN
CEB,MFM
CEB,KHH
CEB,HKG
ICN,TIA
ICN,CAI
ICN,AYQ
ICN,SOF
ICN,BRU
ICN,CPH
ICN,STR
ICN,DME
ICN,CDG
ICN,KLO
ICN,OTP
ICN,MLE
ICN,PEN
ICN,DAC
ICN,ARN
ICN,ZRH
ICN,LCA
ICN,JED
ICN,HDY
ICN,ADB
ICN,BCN
ICN,SMI
ICN,SIN
ICN,TLV
ICN,FCO
ICN,ATQ
ICN,PKU
ICN,LHR
ICN,HAN
ICN,TPE
AMS,CRK
AMS,KCH
AMS,CTS
AMS,HDY
AMS,ATQ
AMS,PLM
AMS,DLC
AMS,MFM
AMS,KHH
PNH,OOL
PNH,TXL
PNH,CRK
PNH,KCH
PNH,HNL
PNH,CTS
PNH,JED
PNH,HDY
PNH,ATH
PNH,ATQ
PNH,PLM
PNH,DLC
PNH,MFM
REP,OOL
REP,TXL
REP,CRK
REP,KCH
REP,HNL
REP,CTS
REP,JED
REP,HDY
REP,ATH
REP,ATQ
REP,PLM
REP,DLC
REP,MFM
LPQ,OOL
LPQ,TXL
LPQ,CRK
LPQ,KCH
LPQ,HNL
LPQ,CTS
LPQ,JED
LPQ,HDY
LPQ,ATH
LPQ,TRZ
LPQ,PLM
LPQ,DLC
LPQ,MFM
LPQ,KHH
VTE,OOL
VTE,TXL
VTE,CRK
VTE,KCH
VTE,HNL
VTE,CTS
VTE,JED
VTE,HDY
VTE,ATH
VTE,TRZ
VTE,PLM
VTE,DLC
VTE,MFM
VTE,KHH
OTP,OOL
OTP,KLO
OTP,ICN
OTP,PEN
OTP,KIX
OTP,HDY
OTP,SIN
OTP,PKU
OTP,HAN
OTP,DLC
OTP,MFM
OTP,KHH
OTP,HKG
MLE,OOL
MLE,TXL
MLE,KLO
MLE,ICN
MLE,PEN
MLE,HNL
MLE,KIX
MLE,JED
MLE,HDY
MLE,ATH
MLE,SIN
MLE,PKU
MLE,HAN
MLE,DLC
MLE,MFM
MLE,KHH
MLE,HKG
PEN,TIA
PEN,CAI
PEN,OOL
PEN,SOF
PEN,BRU
PEN,CPH
PEN,STR
PEN,DME
PEN,CDG
PEN,KLO
PEN,ICN
PEN,OTP
PEN,MLE
PEN,HNL
PEN,DAC
PEN,KIX
PEN,ARN
PEN,ZRH
PEN,LCA
PEN,JED
PEN,HDY
PEN,ADB
PEN,BCN
PEN,SMI
PEN,SIN
PEN,TLV
PEN,FCO
PEN,ATQ
PEN,PKU
PEN,LHR
PEN,HAN
PEN,DLC
PEN,MFM
PEN,KHH
PEN,HKG
KCH,TIA
KCH,CAI
KCH,OOL
KCH,SOF
KCH,BRU
KCH,CPH
KCH,STR
KCH,DME
KCH,CDG
KCH,KLO
KCH,ICN
KCH,OTP
KCH,MLE
KCH,PEN
KCH,DAC
KCH,KIX
KCH,ARN
KCH,ZRH
KCH,LCA
KCH,JED
KCH,HDY
KCH,ADB
KCH,BCN
KCH,SMI
KCH,SIN
KCH,TLV
KCH,FCO
KCH,ATQ
KCH,PKU
KCH,LHR
KCH,HAN
KCH,DLC
KCH,MFM
KCH,KHH
KCH,HKG
KUA,TIA
KUA,CAI
KUA,OOL
KUA,SOF
KUA,BRU
KUA,CPH
KUA,STR
KUA,DME
KUA,CDG
KUA,KLO
KUA,OTP
KUA,MLE
KUA,DAC
KUA,KIX
KUA,ARN
KUA,ZRH
KUA,LCA
KUA,BKK
KUA,ADB
KUA,BCN
KUA,SMI
KUA,SIN
KUA,TLV
KUA,FCO
KUA,BLR
KUA,PKU
KUA,LHR
KUA,DLC
KUA,MFM
KUA,KHH
KUA,HKG
KUL,TIA
KUL,CAI
KUL,OOL
KUL,SOF
KUL,BRU
KUL,CPH
KUL,STR
KUL,DME
KUL,CDG
KUL,KLO
KUL,ICN
KUL,OTP
KUL,MLE
KUL,HNL
KUL,DAC
KUL,KIX
KUL,ARN
KUL,ZRH
KUL,LCA
KUL,JED
KUL,HDY
KUL,ADB
KUL,BCN
KUL,SMI
KUL,SIN
KUL,TLV
KUL,FCO
KUL,ATQ
KUL,PKU
KUL,LHR
KUL,HAN
KUL,DLC
KUL,MFM
KUL,KHH
KUL,HKG
LGK,TIA
LGK,CAI
LGK,OOL
LGK,SOF
LGK,BRU
LGK,CPH
LGK,STR
LGK,DME
LGK,CDG
LGK,KLO
LGK,ICN
LGK,OTP
LGK,MLE
LGK,HNL
LGK,DAC
LGK,KIX
LGK,ARN
LGK,ZRH
LGK,LCA
LGK,JED
LGK,HDY
LGK,ADB
LGK,BCN
LGK,SMI
LGK,SIN
LGK,TLV
LGK,FCO
LGK,ATQ
LGK,PKU
LGK,LHR
LGK,HAN
LGK,DLC
LGK,MFM
LGK,KHH
LGK,HKG
BKI,OOL
BKI,TXL
BKI,KLO
BKI,MLE
BKI,HNL
BKI,DAC
BKI,KIX
BKI,JED
BKI,HDY
BKI,ATH
BKI,SIN
BKI,ATQ
BKI,PKU
BKI,HAN
BKI,DLC
BKI,MFM
BKI,KHH
BKI,HKG
IPH,TIA
IPH,CAI
IPH,OOL
IPH,SOF
IPH,BRU
IPH,CPH
IPH,STR
IPH,DME
IPH,CDG
IPH,KLO
IPH,ICN
IPH,OTP
IPH,MLE
IPH,BKI
IPH,DAC
IPH,KIX
IPH,ARN
IPH,ZRH
IPH,LCA
IPH,JED
IPH,HDY
IPH,ADB
IPH,BCN
IPH,SMI
IPH,SIN
IPH,TLV
IPH,FCO
IPH,ATQ
IPH,PKU
IPH,LHR
IPH,HAN
IPH,DLC
IPH,MFM
IPH,KHH
IPH,HKG
HNL,MLE
HNL,BKI
HNL,DAC
HNL,KIX
HNL,SIN
HNL,BLR
SFO,CRK
SFO,KCH
SFO,CTS
SFO,HDY
SFO,ATQ
SFO,PLM
SFO,DLC
SFO,MFM
SFO,KHH
LAX,CRK
LAX,KCH
LAX,CTS
LAX,HDY
LAX,ATQ
LAX,PLM
LAX,DLC
LAX,MFM
LAX,KHH
JFK,CRK
JFK,KCH
JFK,CTS
JFK,HDY
JFK,ATQ
JFK,PLM
JFK,DLC
JFK,MFM
JFK,KHH
IAH,CRK
IAH,KCH
IAH,CTS
IAH,HDY
IAH,ATQ
IAH,PLM
IAH,DLC
IAH,MFM
IAH,KHH
DAC,OOL
DAC,TXL
DAC,KLO
DAC,PEN
DAC,HNL
DAC,KIX
DAC,HDY
DAC,ATH
DAC,SIN
DAC,CJB
DAC,PKU
DAC,HAN
DAC,DLC
DAC,MFM
DAC,KHH
DAC,HKG
MDL,MEL
MDL,TXL
MDL,CRK
MDL,KCH
MDL,CTS
MDL,JED
MDL,HDY
MDL,ATH
MDL,ATQ
MDL,PLM
MDL,DLC
MDL,MFM
RGN,TXL
RGN,CRK
RGN,KCH
RGN,HNL
RGN,DAC
RGN,CTS
RGN,JED
RGN,HDY
RGN,ATH
RGN,ATQ
RGN,PLM
RGN,DLC
RGN,MFM
RGN,KHH
JNB,TXL
JNB,CRK
JNB,KCH
JNB,HNL
JNB,CTS
JNB,JED
JNB,HDY
JNB,ATH
JNB,PLM
JNB,DLC
JNB,MFM
JNB,KHH
CPT,TXL
CPT,CRK
CPT,KCH
CPT,HNL
CPT,CTS
CPT,JED
CPT,HDY
CPT,ATH
CPT,PLM
CPT,DLC
CPT,MFM
CPT,KHH
KTM,TXL
KTM,CRK
KTM,KCH
KTM,HNL
KTM,CTS
KTM,JED
KTM,HDY
KTM,ATH
KTM,PLM
KTM,DLC
KTM,MFM
KTM,KHH
HIJ,TXL
HIJ,CRK
HIJ,KCH
HIJ,JED
HIJ,HDY
HIJ,ATH
HIJ,ATQ
HIJ,PLM
KIX,TIA
KIX,CAI
KIX,AYQ
KIX,SOF
KIX,BRU
KIX,CPH
KIX,STR
KIX,DME
KIX,CDG
KIX,KLO
KIX,OTP
KIX,MLE
KIX,PEN
KIX,HNL
KIX,DAC
KIX,ARN
KIX,ZRH
KIX,LCA
KIX,JED
KIX,HDY
KIX,ADB
KIX,BCN
KIX,SMI
KIX,SIN
KIX,TLV
KIX,FCO
KIX,ATQ
KIX,PKU
KIX,LHR
KIX,HAN
KIX,KHH
HND,TXL
HND,CRK
HND,KCH
HND,JED
HND,HDY
HND,ATH
HND,ATQ
HND,PLM
NRT,TIA
NRT,CAI
NRT,AYQ
NRT,SOF
NRT,BRU
NRT,CPH
NRT,STR
NRT,DME
NRT,CDG
NRT,KLO
NRT,OTP
NRT,MLE
NRT,PEN
NRT,DAC
NRT,ARN
NRT,ZRH
NRT,LCA
NRT,JED
NRT,HDY
NRT,ADB
NRT,BCN
NRT,SMI
NRT,SIN
NRT,TLV
NRT,FCO
NRT,ATQ
NRT,PKU
NRT,LHR
NRT,HAN
NRT,TPE
FUK,TXL
FUK,CRK
FUK,KCH
FUK,JED
FUK,HDY
FUK,ATH
FUK,ATQ
FUK,PLM
NGO,TXL
NGO,CRK
NGO,KCH
NGO,JED
NGO,HDY
NGO,ATH
NGO,ATQ
NGO,PLM
CTS,TIA
CTS,CAI
CTS,AYQ
CTS,SOF
CTS,BRU
CTS,CPH
CTS,STR
CTS,DME
CTS,CDG
CTS,KLO
CTS,OTP
CTS,PEN
CTS,DAC
CTS,ARN
CTS,ZRH
CTS,LCA
CTS,JED
CTS,BKK
CTS,ADB
CTS,BCN
CTS,SMI
CTS,SIN
CTS,TLV
CTS,FCO
CTS,ATQ
CTS,PKU
CTS,LHR
CTS,TPE
ARN,OOL
ARN,KLO
ARN,ICN
ARN,PEN
ARN,KIX
ARN,HDY
ARN,SIN
ARN,PKU
ARN,HAN
ARN,DLC
ARN,MFM
ARN,KHH
ARN,HKG
ZRH,OOL
ZRH,KLO
ZRH,ICN
ZRH,PEN
ZRH,KIX
ZRH,HDY
ZRH,SIN
ZRH,PKU
ZRH,HAN
ZRH,DLC
ZRH,MFM
ZRH,KHH
ZRH,HKG
LCA,OOL
LCA,KLO
LCA,ICN
LCA,PEN
LCA,KIX
LCA,HDY
LCA,SIN
LCA,PKU
LCA,HAN
LCA,DLC
LCA,MFM
LCA,KHH
LCA,HKG
JED,AYQ
JED,KLO
JED,ICN
JED,PEN
JED,DAC
JED,KIX
JED,HDY
JED,SIN
JED,TRZ
JED,PKU
JED,HAN
JED,DLC
JED,TPE
JED,HKG
CMB,TXL
CMB,CRK
CMB,KCH
CMB,HNL
CMB,CTS
CMB,JED
CMB,HDY
CMB,ATH
CMB,PLM
CMB,DLC
CMB,MFM
CMB,KHH
CJM,MEL
CJM,SIN
TST,PER
TST,SIN
HDY,TIA
HDY,CAI
HDY,OOL
HDY,SOF
HDY,BRU
HDY,CPH
HDY,STR
HDY,DME
HDY,CDG
HDY,KLO
HDY,OTP
HDY,MLE
HDY,PEN
HDY,DAC
HDY,KIX
HDY,ARN
HDY,ZRH
HDY,LCA
HDY,JED
HDY,BKK
HDY,ADB
HDY,BCN
HDY,SMI
HDY,SIN
HDY,TLV
HDY,FCO
HDY,ATQ
HDY,PKU
HDY,LHR
HDY,HAN
HDY,DLC
HDY,MFM
HDY,KHH
HDY,HKG
KBV,TIA
KBV,CAI
KBV,OOL
KBV,SOF
KBV,BRU
KBV,CPH
KBV,STR
KBV,DME
KBV,CDG
KBV,KLO
KBV,ICN
KBV,OTP
KBV,MLE
KBV,PEN
KBV,DAC
KBV,KIX
KBV,ARN
KBV,ZRH
KBV,LCA
KBV,JED
KBV,ADB
KBV,BCN
KBV,SMI
KBV,SIN
KBV,TLV
KBV,FCO
KBV,ATQ
KBV,PKU
KBV,LHR
KBV,HAN
KBV,DLC
KBV,MFM
KBV,KHH
KBV,HKG
UNN,MEL
UNN,SIN
ROI,MEL
ROI,SIN
NST,PER
NST,SIN
BKK,TIA
BKK,CAI
BKK,ADL
BKK,SOF
BKK,BRU
BKK,CPH
BKK,STR
BKK,DME
BKK,CDG
BKK,KLO
BKK,ICN
BKK,OTP
BKK,MLE
BKK,PEN
BKK,HNL
BKK,DAC
BKK,KIX
BKK,ARN
BKK,ZRH
BKK,LCA
BKK,JED
BKK,HDY
BKK,ADB
BKK,BCN
BKK,SMI
BKK,SIN
BKK,TLV
BKK,FCO
BKK,ATQ
BKK,PKU
BKK,LHR
BKK,HAN
BKK,DLC
BKK,MFM
BKK,KHH
BKK,HKG
DMK,TIA
DMK,CAI
DMK,ADL
DMK,SOF
DMK,BRU
DMK,CPH
DMK,STR
DMK,DME
DMK,CDG
DMK,KLO
DMK,ICN
DMK,OTP
DMK,MLE
DMK,PEN
DMK,DAC
DMK,KIX
DMK,ARN
DMK,ZRH
DMK,LCA
DMK,JED
DMK,HDY
DMK,ADB
DMK,BCN
DMK,SMI
DMK,SIN
DMK,TLV
DMK,FCO
DMK,ATQ
DMK,PKU
DMK,LHR
DMK,HAN
DMK,DLC
DMK,MFM
DMK,KHH
DMK,HKG
MAQ,MEL
MAQ,SIN
KOP,MEL
KOP,SIN
NNT,MEL
NNT,SIN
PRH,MEL
PRH,SIN
PHS,MEL
PHS,SIN
HKT,TIA
HKT,CAI
HKT,OOL
HKT,SOF
HKT,BRU
HKT,CPH
HKT,STR
HKT,DME
HKT,CDG
HKT,KLO
HKT,ICN
HKT,OTP
HKT,MLE
HKT,PEN
HKT,HNL
HKT,DAC
HKT,KIX
HKT,ARN
HKT,ZRH
HKT,LCA
HKT,JED
HKT,BKK
HKT,ADB
HKT,BCN
HKT,SMI
HKT,SIN
HKT,TLV
HKT,FCO
HKT,ATQ
HKT,PKU
HKT,LHR
HKT,HAN
HKT,DLC
HKT,MFM
HKT,KHH
HKT,HKG
CEI,OOL
CEI,SIN
CNX,TIA
CNX,CAI
CNX,OOL
CNX,SOF
CNX,BRU
CNX,CPH
CNX,STR
CNX,DME
CNX,CDG
CNX,KLO
CNX,ICN
CNX,OTP
CNX,MLE
CNX,PEN
CNX,HNL
CNX,DAC
CNX,KIX
CNX,ARN
CNX,ZRH
CNX,LCA
CNX,JED
CNX,BKK
CNX,ADB
CNX,BCN
CNX,SMI
CNX,SIN
CNX,TLV
CNX,FCO
CNX,ATQ
CNX,PKU
CNX,LHR
CNX,HAN
CNX,DLC
CNX,MFM
CNX,KHH
CNX,HKG
USM,OOL
USM,TXL
USM,CRK
USM,HNL
USM,KIX
USM,JED
USM,ATH
USM,SIN
USM,ATQ
USM,PLM
USM,DLC
USM,MFM
USM,KHH
URT,MEL
URT,SIN
UTH,PER
UTH,SIN
UBP,PER
UBP,SIN
BFV,MEL
BFV,SIN
ADB,OOL
ADB,KLO
ADB,ICN
ADB,PEN
ADB,KIX
ADB,HDY
ADB,SIN
ADB,PKU
ADB,HAN
ADB,DLC
ADB,MFM
ADB,KHH
ADB,HKG
IST,MEL
IST,KLO
IST,ICN
IST,PEN
IST,KIX
IST,HDY
IST,SIN
IST,ATQ
IST,PKU
IST,HAN
IST,DLC
IST,MFM
IST,KHH
IST,HKG
BWN,SYD
BWN,TXL
BWN,CRK
BWN,ICN
BWN,KCH
BWN,HNL
BWN,KIX
BWN,JED
BWN,HDY
BWN,ATH
BWN,ATQ
BWN,PLM
BWN,DLC
BWN,MFM
BWN,KHH
BCN,OOL
BCN,KLO
BCN,ICN
BCN,PEN
BCN,KIX
BCN,HDY
BCN,SIN
BCN,ATQ
BCN,PKU
BCN,HAN
BCN,DLC
BCN,MFM
BCN,KHH
BCN,HKG
SMI,OOL
SMI,KLO
SMI,ICN
SMI,PEN
SMI,KIX
SMI,HDY
SMI,SIN
SMI,PKU
SMI,HAN
SMI,DLC
SMI,MFM
SMI,KHH
SMI,HKG
RHO,OOL
RHO,KLO
RHO,ICN
RHO,PEN
RHO,KIX
RHO,HDY
RHO,SIN
RHO,PKU
RHO,HAN
RHO,DLC
RHO,MFM
RHO,KHH
RHO,HKG
AXD,OOL
AXD,KLO
AXD,ICN
AXD,PEN
AXD,KIX
AXD,HDY
AXD,SIN
AXD,PKU
AXD,HAN
AXD,DLC
AXD,MFM
AXD,KHH
AXD,HKG
CHQ,OOL
CHQ,KLO
CHQ,ICN
CHQ,PEN
CHQ,KIX
CHQ,HDY
CHQ,SIN
CHQ,PKU
CHQ,HAN
CHQ,DLC
CHQ,MFM
CHQ,KHH
CHQ,HKG
CFU,OOL
CFU,KLO
CFU,ICN
CFU,PEN
CFU,KIX
CFU,HDY
CFU,SIN
CFU,PKU
CFU,HAN
CFU,DLC
CFU,MFM
CFU,KHH
CFU,HKG
KGS,OOL
KGS,KLO
KGS,ICN
KGS,PEN
KGS,KIX
KGS,HDY
KGS,SIN
KGS,PKU
KGS,HAN
KGS,DLC
KGS,MFM
KGS,KHH
KGS,HKG
EFL,OOL
EFL,KLO
EFL,ICN
EFL,PEN
EFL,KIX
EFL,HDY
EFL,SIN
EFL,PKU
EFL,HAN
EFL,DLC
EFL,MFM
EFL,KHH
EFL,HKG
IOA,OOL
IOA,KLO
IOA,ICN
IOA,PEN
IOA,KIX
IOA,HDY
IOA,SIN
IOA,PKU
IOA,HAN
IOA,DLC
IOA,MFM
IOA,KHH
IOA,HKG
LXS,OOL
LXS,KLO
LXS,ICN
LXS,PEN
LXS,KIX
LXS,HDY
LXS,SIN
LXS,PKU
LXS,HAN
LXS,DLC
LXS,MFM
LXS,KHH
LXS,HKG
SKG,OOL
SKG,KLO
SKG,ICN
SKG,PEN
SKG,KIX
SKG,HDY
SKG,SIN
SKG,PKU
SKG,HAN
SKG,DLC
SKG,MFM
SKG,KHH
SKG,HKG
KVA,OOL
KVA,KLO
KVA,ICN
KVA,PEN
KVA,KIX
KVA,HDY
KVA,SIN
KVA,PKU
KVA,HAN
KVA,DLC
KVA,MFM
KVA,KHH
KVA,HKG
JMK,OOL
JMK,KLO
JMK,ICN
JMK,PEN
JMK,KIX
JMK,HDY
JMK,SIN
JMK,LKO
JMK,PKU
JMK,HAN
JMK,DLC
JMK,MFM
JMK,KHH
JMK,HKG
HER,OOL
HER,KLO
HER,ICN
HER,PEN
HER,KIX
HER,HDY
HER,SIN
HER,PKU
HER,HAN
HER,DLC
HER,MFM
HER,KHH
HER,HKG
MJT,OOL
MJT,KLO
MJT,ICN
MJT,PEN
MJT,KIX
MJT,HDY
MJT,SIN
MJT,PKU
MJT,HAN
MJT,DLC
MJT,MFM
MJT,KHH
MJT,HKG
JKH,OOL
JKH,KLO
JKH,ICN
JKH,PEN
JKH,KIX
JKH,HDY
JKH,SIN
JKH,LKO
JKH,PKU
JKH,HAN
JKH,DLC
JKH,MFM
JKH,KHH
JKH,HKG
JTR,OOL
JTR,KLO
JTR,ICN
JTR,PEN
JTR,KIX
JTR,HDY
JTR,SIN
JTR,PKU
JTR,HAN
JTR,DLC
JTR,MFM
JTR,KHH
JTR,HKG
ATH,ADL
ATH,KLO
ATH,ICN
ATH,MLE
ATH,PEN
ATH,DAC
ATH,KIX
ATH,HDY
ATH,BWN
ATH,SIN
ATH,ATQ
ATH,PKU
ATH,HAN
ATH,DLC
ATH,MFM
ATH,KHH
ATH,HKG
SIN,TIA
SIN,CAI
SIN,ADL
SIN,SOF
SIN,BRU
SIN,CPH
SIN,STR
SIN,DME
SIN,CDG
SIN,KLO
SIN,ICN
SIN,OTP
SIN,MLE
SIN,PEN
SIN,HNL
SIN,DAC
SIN,KIX
SIN,ARN
SIN,ZRH
SIN,LCA
SIN,JED
SIN,HDY
SIN,ADB
SIN,BCN
SIN,SMI
SIN,TLV
SIN,FCO
SIN,ATQ
SIN,PKU
SIN,LHR
SIN,HAN
SIN,DLC
SIN,MFM
SIN,KHH
SIN,HKG
AKL,TXL
AKL,CRK
AKL,KCH
AKL,CTS
AKL,JED
AKL,HDY
AKL,ATH
AKL,ATQ
AKL,PLM
AKL,DLC
AKL,MFM
AKL,KHH
WLG,TXL
WLG,CRK
WLG,KCH
WLG,CTS
WLG,JED
WLG,HDY
WLG,ATH
WLG,ATQ
WLG,PLM
WLG,HRB
WLG,MFM
WLG,KHH
CHC,TXL
CHC,CRK
CHC,KCH
CHC,CTS
CHC,JED
CHC,HDY
CHC,ATH
CHC,ATQ
CHC,PLM
CHC,DLC
CHC,MFM
CHC,KHH
TLV,OOL
TLV,KLO
TLV,ICN
TLV,PEN
TLV,KIX
TLV,HDY
TLV,SIN
TLV,PKU
TLV,HAN
TLV,DLC
TLV,MFM
TLV,KHH
TLV,HKG
FCO,OOL
FCO,KLO
FCO,ICN
FCO,PEN
FCO,KIX
FCO,HDY
FCO,SIN
FCO,PKU
FCO,HAN
FCO,DLC
FCO,MFM
FCO,KHH
FCO,HKG
MXP,OOL
MXP,KLO
MXP,ICN
MXP,PEN
MXP,KIX
MXP,HDY
MXP,SIN
MXP,ATQ
MXP,PKU
MXP,HAN
MXP,DLC
MXP,MFM
MXP,KHH
MXP,HKG
AMD,TXL
AMD,CRK
AMD,KCH
AMD,HNL
AMD,CTS
AMD,JED
AMD,HDY
AMD,ATH
AMD,PLM
AMD,DLC
AMD,KHH
ATQ,AYQ
ATQ,KLO
ATQ,ICN
ATQ,PEN
ATQ,KIX
ATQ,HDY
ATQ,ATH
ATQ,SIN
ATQ,PKU
ATQ,HAN
ATQ,DLC
ATQ,KHH
ATQ,HKG
BLR,OOL
BLR,TXL
BLR,KLO
BLR,ICN
BLR,PEN
BLR,HNL
BLR,NRT
BLR,HDY
BLR,ATH
BLR,SIN
BLR,PKU
BLR,HAN
BLR,CAN
BLR,MFM
BLR,KHH
BLR,HKG
TRZ,OOL
TRZ,KLO
TRZ,ICN
TRZ,PEN
TRZ,HNL
TRZ,KIX
TRZ,HDY
TRZ,ATH
TRZ,SIN
TRZ,PKU
TRZ,HAN
TRZ,CAN
TRZ,MFM
TRZ,KHH
TRZ,HKG
CJB,OOL
CJB,TXL
CJB,KLO
CJB,PEN
CJB,HNL
CJB,KIX
CJB,JED
CJB,HDY
CJB,ATH
CJB,SIN
CJB,DPS
CJB,HAN
CJB,DLC
CJB,MFM
CJB,KHH
CJB,HKG
HYD,OOL
HYD,TXL
HYD,KLO
HYD,ICN
HYD,PEN
HYD,HNL
HYD,KIX
HYD,JED
HYD,HDY
HYD,ATH
HYD,SIN
HYD,PKU
HYD,HAN
HYD,DLC
HYD,MFM
HYD,KHH
HYD,HKG
CCU,TXL
CCU,CRK
CCU,KCH
CCU,HNL
CCU,CTS
CCU,JED
CCU,HDY
CCU,ATH
CCU,PLM
CCU,DLC
CCU,MFM
CCU,KHH
MAA,AYQ
MAA,TXL
MAA,KLO
MAA,ICN
MAA,PEN
MAA,HNL
MAA,KIX
MAA,JED
MAA,HDY
MAA,ATH
MAA,SIN
MAA,PKU
MAA,HAN
MAA,DLC
MAA,MFM
MAA,KHH
MAA,HKG
COK,OOL
COK,TXL
COK,KLO
COK,PEN
COK,HNL
COK,KIX
COK,HDY
COK,ATH
COK,SIN
COK,PKU
COK,HAN
COK,CAN
COK,MFM
COK,KHH
COK,HKG
LKO,OOL
LKO,KLO
LKO,ICN
LKO,PEN
LKO,KIX
LKO,HDY
LKO,ATH
LKO,SIN
LKO,PKU
LKO,HAN
LKO,CAN
LKO,MFM
LKO,KHH
LKO,HKG
BOM,TXL
BOM,CRK
BOM,KCH
BOM,HNL
BOM,CTS
BOM,JED
BOM,HDY
BOM,ATH
BOM,PLM
BOM,DLC
BOM,MFM
BOM,KHH
TRV,OOL
TRV,TXL
TRV,KLO
TRV,PEN
TRV,HNL
TRV,KIX
TRV,JED
TRV,HDY
TRV,ATH
TRV,SIN
TRV,PKU
TRV,HAN
TRV,DLC
TRV,MFM
TRV,KHH
TRV,HKG
VTZ,OOL
VTZ,KLO
VTZ,PEN
VTZ,BKK
VTZ,SIN
VTZ,DPS
VTZ,HAN
VTZ,CAN
VTZ,TPE
VTZ,HKG
DEL,TXL
DEL,CRK
DEL,KCH
DEL,HNL
DEL,CTS
DEL,JED
DEL,HDY
DEL,ATH
DEL,PLM
DEL,DLC
DEL,MFM
DEL,KHH
BPN,MEL
BPN,TXL
BPN,CRK
BPN,ICN
BPN,HNL
BPN,KIX
BPN,JED
BPN,BKK
BPN,ATH
BPN,ATQ
BPN,DLC
BPN,MFM
BPN,KHH
BPN,HKG
PKU,TIA
PKU,CAI
PKU,OOL
PKU,SOF
PKU,BRU
PKU,CPH
PKU,STR
PKU,DME
PKU,CDG
PKU,KLO
PKU,ICN
PKU,OTP
PKU,MLE
PKU,PEN
PKU,HNL
PKU,DAC
PKU,KIX
PKU,ARN
PKU,ZRH
PKU,LCA
PKU,JED
PKU,HDY
PKU,ADB
PKU,BCN
PKU,SMI
PKU,SIN
PKU,TLV
PKU,FCO
PKU,ATQ
PKU,LHR
PKU,HAN
PKU,DLC
PKU,MFM
PKU,KHH
PKU,HKG
DPS,TIA
DPS,CAI
DPS,OOL
DPS,SOF
DPS,BRU
DPS,CPH
DPS,STR
DPS,DME
DPS,CDG
DPS,KLO
DPS,ICN
DPS,OTP
DPS,MLE
DPS,PEN
DPS,HNL
DPS,DAC
DPS,KIX
DPS,ARN
DPS,ZRH
DPS,LCA
DPS,JED
DPS,HDY
DPS,ADB
DPS,BCN
DPS,SMI
DPS,SIN
DPS,TLV
DPS,FCO
DPS,ATQ
DPS,LHR
DPS,HAN
DPS,DLC
DPS,MFM
DPS,KHH
DPS,HKG
PLM,TIA
PLM,CAI
PLM,OOL
PLM,SOF
PLM,BRU
PLM,CPH
PLM,STR
PLM,DME
PLM,CDG
PLM,KLO
PLM,ICN
PLM,OTP
PLM,MLE
PLM,PEN
PLM,DAC
PLM,KIX
PLM,ARN
PLM,ZRH
PLM,LCA
PLM,JED
PLM,HDY
PLM,ADB
PLM,BCN
PLM,SMI
PLM,SIN
PLM,TLV
PLM,FCO
PLM,ATQ
PLM,LHR
PLM,HAN
PLM,DLC
PLM,MFM
PLM,KHH
PLM,HKG
LOP,MEL
LOP,TXL
LOP,CRK
LOP,ICN
LOP,HNL
LOP,KIX
LOP,JED
LOP,BKK
LOP,ATH
LOP,ATQ
LOP,DLC
LOP,MFM
LOP,KHH
LOP,HKG
MDC,TXL
MDC,CRK
MDC,HNL
MDC,CTS
MDC,JED
MDC,ATH
MDC,ATQ
MDC,DLC
MDC,MFM
KNO,OOL
KNO,TXL
KNO,CRK
KNO,ICN
KNO,HNL
KNO,KIX
KNO,JED
KNO,BKK
KNO,ATH
KNO,ATQ
KNO,DLC
KNO,MFM
KNO,KHH
KNO,HKG
JOG,OOL
JOG,TXL
JOG,CRK
JOG,KUA
JOG,HNL
JOG,JED
JOG,ATH
JOG,ATQ
JOG,DLC
JOG,MFM
SUB,TIA
SUB,CAI
SUB,OOL
SUB,SOF
SUB,BRU
SUB,CPH
SUB,STR
SUB,DME
SUB,CDG
SUB,KLO
SUB,ICN
SUB,OTP
SUB,MLE
SUB,PEN
SUB,HNL
SUB,DAC
SUB,KIX
SUB,ARN
SUB,ZRH
SUB,LCA
SUB,JED
SUB,HDY
SUB,ADB
SUB,BCN
SUB,SMI
SUB,SIN
SUB,TLV
SUB,FCO
SUB,ATQ
SUB,LHR
SUB,HAN
SUB,DLC
SUB,MFM
SUB,KHH
SUB,HKG
BDO,MEL
BDO,TXL
BDO,CRK
BDO,ICN
BDO,HNL
BDO,KIX
BDO,JED
BDO,ATH
BDO,ATQ
BDO,DLC
BDO,MFM
BDO,KHH
BDO,HKG
UPG,TXL
UPG,CRK
UPG,HNL
UPG,CTS
UPG,JED
UPG,ATH
UPG,ATQ
UPG,DLC
UPG,MFM
CGK,TIA
CGK,CAI
CGK,OOL
CGK,SOF
CGK,BRU
CGK,CPH
CGK,STR
CGK,DME
CGK,CDG
CGK,KLO
CGK,ICN
CGK,OTP
CGK,MLE
CGK,PEN
CGK,HNL
CGK,DAC
CGK,KIX
CGK,ARN
CGK,ZRH
CGK,LCA
CGK,JED
CGK,HDY
CGK,ADB
CGK,BCN
CGK,SMI
CGK,SIN
CGK,TLV
CGK,FCO
CGK,ATQ
CGK,LHR
CGK,HAN
CGK,DLC
CGK,MFM
CGK,KHH
CGK,HKG
LHR,OOL
LHR,KLO
LHR,ICN
LHR,PEN
LHR,KIX
LHR,HDY
LHR,SIN
LHR,PKU
LHR,HAN
LHR,DLC
LHR,MFM
LHR,KHH
LHR,HKG
MAN,OOL
MAN,KLO
MAN,ICN
MAN,PEN
MAN,KIX
MAN,HDY
MAN,SIN
MAN,PKU
MAN,HAN
MAN,DLC
MAN,MFM
MAN,KHH
MAN,HKG
HAN,TIA
HAN,CAI
HAN,OOL
HAN,SOF
HAN,BRU
HAN,CPH
HAN,STR
HAN,DME
HAN,CDG
HAN,KLO
HAN,ICN
HAN,OTP
HAN,MLE
HAN,PEN
HAN,HNL
HAN,DAC
HAN,KIX
HAN,ARN
HAN,ZRH
HAN,LCA
HAN,JED
HAN,HDY
HAN,ADB
HAN,BCN
HAN,SMI
HAN,SIN
HAN,TLV
HAN,FCO
HAN,ATQ
HAN,PKU
HAN,LHR
HAN,DLC
HAN,MFM
HAN,KHH
HAN,HKG
SGN,TIA
SGN,CAI
SGN,OOL
SGN,SOF
SGN,BRU
SGN,CPH
SGN,STR
SGN,DME
SGN,CDG
SGN,KLO
SGN,ICN
SGN,OTP
SGN,MLE
SGN,PEN
SGN,HNL
SGN,DAC
SGN,KIX
SGN,ARN
SGN,ZRH
SGN,LCA
SGN,JED
SGN,HDY
SGN,ADB
SGN,BCN
SGN,SMI
SGN,SIN
SGN,TLV
SGN,FCO
SGN,ATQ
SGN,PKU
SGN,LHR
SGN,DLC
SGN,MFM
SGN,KHH
DAD,OOL
DAD,TXL
DAD,CRK
DAD,KCH
DAD,HNL
DAD,CTS
DAD,JED
DAD,HDY
DAD,ATH
DAD,ATQ
DAD,PLM
DAD,DLC
DAD,MFM
MFM,TIA
MFM,CAI
MFM,OOL
MFM,SOF
MFM,BRU
MFM,CPH
MFM,STR
MFM,DME
MFM,CDG
MFM,KLO
MFM,OTP
MFM,MLE
MFM,PEN
MFM,DAC
MFM,ARN
MFM,ZRH
MFM,LCA
MFM,HDY
MFM,ADB
MFM,BCN
MFM,SMI
MFM,SIN
MFM,TLV
MFM,FCO
MFM,ATQ
MFM,PKU
MFM,LHR
MFM,HAN
KHH,TIA
KHH,CAI
KHH,ADL
KHH,SOF
KHH,BRU
KHH,CPH
KHH,STR
KHH,DME
KHH,CDG
KHH,KLO
KHH,OTP
KHH,MLE
KHH,PEN
KHH,DAC
KHH,KIX
KHH,ARN
KHH,ZRH
KHH,LCA
KHH,JED
KHH,HDY
KHH,ADB
KHH,BCN
KHH,SMI
KHH,SIN
KHH,TLV
KHH,FCO
KHH,ATQ
KHH,PKU
KHH,LHR
KHH,HAN
KHH,DLC
KHH,MFM
TPE,TIA
TPE,CAI
TPE,AYQ
TPE,SOF
TPE,BRU
TPE,CPH
TPE,STR
TPE,DME
TPE,CDG
TPE,KLO
TPE,ICN
TPE,OTP
TPE,MLE
TPE,PEN
TPE,HNL
TPE,DAC
TPE,NRT
TPE,ARN
TPE,ZRH
TPE,LCA
TPE,JED
TPE,HDY
TPE,ADB
TPE,BCN
TPE,SMI
TPE,SIN
TPE,TLV
TPE,FCO
TPE,ATQ
TPE,PKU
TPE,LHR
TPE,HAN
TPE,SZX
TPE,HKG
HKG,TIA
HKG,CAI
HKG,ADL
HKG,SOF
HKG,BRU
HKG,CPH
HKG,STR
HKG,DME
HKG,CDG
HKG,KLO
HKG,OTP
HKG,MLE
HKG,PEN
HKG,DAC
HKG,ARN
HKG,ZRH
HKG,LCA
HKG,JED
HKG,HDY
HKG,ADB
HKG,BCN
HKG,SMI
HKG,SIN
HKG,TLV
HKG,FCO
HKG,ATQ
HKG,PKU
HKG,LHR
HKG,HAN
HKG,TPE