IXA,AMD
IXA,ATQ
IXA,IXB
IXA,BKK
IXA,BLR
IXA,BBI
IXA,IXC
IXA,MAA
IXA,CJB
IXA,CMB
IXA,DED
IXA,DEL
IXA,DAC
IXA,DIB
IXA,DMU
IXA,DOH
IXA,DXB
IXA,GOI
IXA,GOP
IXA,GAU
IXA,HBX
IXA,HYD
IXA,IMF
IXA,IDR
IXA,JAI
IXA,IXJ
IXA,JRH
IXA,KTM
IXA,COK
IXA,CCU
IXA,CCJ
IXA,LKO
IXA,IXM
IXA,IXE
IXA,BOM
IXA,MCT
IXA,NAG
IXA,PAT
IXA,IXZ
IXA,PNQ
IXA,RPR
IXA,RJA
IXA,IXR
IXA,SHJ
IXA,SIN
IXA,SXR
IXA,STV
IXA,TRV
IXA,TRZ
IXA,TIR
IXA,TCR
IXA,UDR
IXA,BDQ
IXA,VNS
IXA,VGA
IXA,VTZ
AMD,IXA
AMD,ATQ
AMD,IXB
AMD,BKK
AMD,BLR
AMD,BBI
AMD,IXC
AMD,MAA
AMD,CJB
AMD,CMB
AMD,DED
AMD,DEL
AMD,DAC
AMD,DIB
AMD,DMU
AMD,DOH
AMD,DXB
AMD,GOI
AMD,GOP
AMD,GAU
AMD,HBX
AMD,HYD
AMD,IMF
AMD,IDR
AMD,JAI
AMD,IXJ
AMD,JRH
AMD,KTM
AMD,COK
AMD,CCU
AMD,CCJ
AMD,LKO
AMD,IXM
AMD,IXE
AMD,BOM
AMD,MCT
AMD,NAG
AMD,PAT
AMD,IXZ
AMD,PNQ
AMD,RPR
AMD,RJA
AMD,IXR
AMD,SHJ
AMD,SIN
AMD,SXR
AMD,STV
AMD,TRV
AMD,TRZ
AMD,TIR
AMD,TCR
AMD,UDR
AMD,BDQ
AMD,VNS
AMD,VGA
AMD,VTZ
ATQ,IXA
ATQ,AMD
ATQ,IXB
ATQ,BKK
ATQ,BLR
ATQ,BBI
ATQ,IXC
ATQ,MAA
ATQ,CJB
ATQ,CMB
ATQ,DED
ATQ,DEL
ATQ,DAC
ATQ,DIB
ATQ,DMU
ATQ,DOH
ATQ,DXB
ATQ,GOI
ATQ,GOP
ATQ,GAU
ATQ,HBX
ATQ,HYD
ATQ,IMF
ATQ,IDR
ATQ,JAI
ATQ,IXJ
ATQ,JRH
ATQ,KTM
ATQ,COK
ATQ,CCU
ATQ,CCJ
ATQ,LKO
ATQ,IXM
ATQ,IXE
ATQ,BOM
ATQ,MCT
ATQ,NAG
ATQ,PAT
ATQ,IXZ
ATQ,PNQ
ATQ,RPR
ATQ,RJA
ATQ,IXR
ATQ,SHJ
ATQ,SIN
ATQ,SXR
ATQ,STV
ATQ,TRV
ATQ,TRZ
ATQ,TIR
ATQ,TCR
ATQ,UDR
ATQ,BDQ
ATQ,VNS
ATQ,VGA
ATQ,VTZ
IXB,IXA
IXB,AMD
IXB,ATQ
IXB,BKK
IXB,BLR
IXB,BBI
IXB,IXC
IXB,MAA
IXB,CJB
IXB,CMB
IXB,DED
IXB,DEL
IXB,DAC
IXB,DIB
IXB,DMU
IXB,DOH
IXB,DXB
IXB,GOI
IXB,GOP
IXB,GAU
IXB,HBX
IXB,HYD
IXB,IMF
IXB,IDR
IXB,JAI
IXB,IXJ
IXB,JRH
IXB,KTM
IXB,COK
IXB,CCU
IXB,CCJ
IXB,LKO
IXB,IXM
IXB,IXE
IXB,BOM
IXB,MCT
IXB,NAG
IXB,PAT
IXB,IXZ
IXB,PNQ
IXB,RPR
IXB,RJA
IXB,IXR
IXB,SHJ
IXB,SIN
IXB,SXR
IXB,STV
IXB,TRV
IXB,TRZ
IXB,TIR
IXB,TCR
IXB,UDR
IXB,BDQ
IXB,VNS
IXB,VGA
IXB,VTZ
BKK,IXA
BKK,AMD
BKK,ATQ
BKK,IXB
BKK,BLR
BKK,BBI
BKK,IXC
BKK,MAA
BKK,CJB
BKK,CMB
BKK,DED
BKK,DEL
BKK,DAC
BKK,DIB
BKK,DMU
BKK,DOH
BKK,DXB
BKK,GOI
BKK,GOP
BKK,GAU
BKK,HBX
BKK,HYD
BKK,IMF
BKK,IDR
BKK,JAI
BKK,IXJ
BKK,JRH
BKK,KTM
BKK,COK
BKK,CCU
BKK,CCJ
BKK,LKO
BKK,IXM
BKK,IXE
BKK,BOM
BKK,MCT
BKK,NAG
BKK,PAT
BKK,IXZ
BKK,PNQ
BKK,RPR
BKK,RJA
BKK,IXR
BKK,SHJ
BKK,SIN
BKK,SXR
BKK,STV
BKK,TRV
BKK,TRZ
BKK,TIR
BKK,TCR
BKK,UDR
BKK,BDQ
BKK,VNS
BKK,VGA
BKK,VTZ
BLR,IXA
BLR,AMD
BLR,ATQ
BLR,IXB
BLR,BKK
BLR,BBI
BLR,IXC
BLR,MAA
BLR,CJB
BLR,CMB
BLR,DED
BLR,DEL
BLR,DAC
BLR,DIB
BLR,DMU
BLR,DOH
BLR,DXB
BLR,GOI
BLR,GOP
BLR,GAU
BLR,HBX
BLR,HYD
BLR,IMF
BLR,IDR
BLR,JAI
BLR,IXJ
BLR,JRH
BLR,KTM
BLR,COK
BLR,CCU
BLR,CCJ
BLR,LKO
BLR,IXM
BLR,IXE
BLR,BOM
BLR,MCT
BLR,NAG
BLR,PAT
BLR,IXZ
BLR,PNQ
BLR,RPR
BLR,RJA
BLR,IXR
BLR,SHJ
BLR,SIN
BLR,SXR
BLR,STV
BLR,TRV
BLR,TRZ
BLR,TIR
BLR,TCR
BLR,UDR
BLR,BDQ
BLR,VNS
BLR,VGA
BLR,VTZ
BBI,IXA
BBI,AMD
BBI,ATQ
BBI,IXB
BBI,BKK
BBI,BLR
BBI,IXC
BBI,MAA
BBI,CJB
BBI,CMB
BBI,DED
BBI,DEL
BBI,DAC
BBI,DIB
BBI,DMU
BBI,DOH
BBI,DXB
BBI,GOI
BBI,GOP
BBI,GAU
BBI,HBX
BBI,HYD
BBI,IMF
BBI,IDR
BBI,JAI
BBI,IXJ
BBI,JRH
BBI,KTM
BBI,COK
BBI,CCU
BBI,CCJ
BBI,LKO
BBI,IXM
BBI,IXE
BBI,BOM
BBI,MCT
BBI,NAG
BBI,PAT
BBI,IXZ
BBI,PNQ
BBI,RPR
BBI,RJA
BBI,IXR
BBI,SHJ
BBI,SIN
BBI,SXR
BBI,STV
BBI,TRV
BBI,TRZ
BBI,TIR
BBI,TCR
BBI,UDR
BBI,BDQ
BBI,VNS
BBI,VGA
BBI,VTZ
IXC,IXA
IXC,AMD
IXC,ATQ
IXC,IXB
IXC,BKK
IXC,BLR
IXC,BBI
IXC,MAA
IXC,CJB
IXC,CMB
IXC,DED
IXC,DEL
IXC,DAC
IXC,DIB
IXC,DMU
IXC,DOH
IXC,DXB
IXC,GOI
IXC,GOP
IXC,GAU
IXC,HBX
IXC,HYD
IXC,IMF
IXC,IDR
IXC,JAI
IXC,IXJ
IXC,JRH
IXC,KTM
IXC,COK
IXC,CCU
IXC,CCJ
IXC,LKO
IXC,IXM
IXC,IXE
IXC,BOM
IXC,MCT
IXC,NAG
IXC,PAT
IXC,IXZ
IXC,PNQ
IXC,RPR
IXC,RJA
IXC,IXR
IXC,SHJ
IXC,SIN
IXC,SXR
IXC,STV
IXC,TRV
IXC,TRZ
IXC,TIR
IXC,TCR
IXC,UDR
IXC,BDQ
IXC,VNS
IXC,VGA
IXC,VTZ
MAA,IXA
MAA,AMD
MAA,ATQ
MAA,IXB
MAA,BKK
MAA,BLR
MAA,BBI
MAA,IXC
MAA,CJB
MAA,CMB
MAA,DED
MAA,DEL
MAA,DAC
MAA,DIB
MAA,DMU
MAA,DOH
MAA,DXB
MAA,GOI
MAA,GOP
MAA,GAU
MAA,HBX
MAA,HYD
MAA,IMF
MAA,IDR
MAA,JAI
MAA,IXJ
MAA,JRH
MAA,KTM
MAA,COK
MAA,CCU
MAA,CCJ
MAA,LKO
MAA,IXM
MAA,IXE
MAA,BOM
MAA,MCT
MAA,NAG
MAA,PAT
MAA,IXZ
MAA,PNQ
MAA,RPR
MAA,RJA
MAA,IXR
MAA,SHJ
MAA,SIN
MAA,SXR
MAA,STV
MAA,TRV
MAA,TRZ
MAA,TIR
MAA,TCR
MAA,UDR
MAA,BDQ
MAA,VNS
MAA,VGA
MAA,VTZ
CJB,IXA
CJB,AMD
CJB,ATQ
CJB,IXB
CJB,BKK
CJB,BLR
CJB,BBI
CJB,IXC
CJB,MAA
CJB,CMB
CJB,DED
CJB,DEL
CJB,DAC
CJB,DIB
CJB,DMU
CJB,DOH
CJB,DXB
CJB,GOI
CJB,GOP
CJB,GAU
CJB,HBX
CJB,HYD
CJB,IMF
CJB,IDR
CJB,JAI
CJB,IXJ
CJB,JRH
CJB,KTM
CJB,COK
CJB,CCU
CJB,CCJ
CJB,LKO
CJB,IXM
CJB,IXE
CJB,BOM
CJB,MCT
CJB,NAG
CJB,PAT
CJB,IXZ
CJB,PNQ
CJB,RPR
CJB,RJA
CJB,IXR
CJB,SHJ
CJB,SIN
CJB,SXR
CJB,STV
CJB,TRV
CJB,TRZ
CJB,TIR
CJB,TCR
CJB,UDR
CJB,BDQ
CJB,VNS
CJB,VGA
CJB,VTZ
CMB,IXA
CMB,AMD
CMB,ATQ
CMB,IXB
CMB,BKK
CMB,BLR
CMB,BBI
CMB,IXC
CMB,MAA
CMB,CJB
CMB,DED
CMB,DEL
CMB,DAC
CMB,DIB
CMB,DMU
CMB,DOH
CMB,DXB
CMB,GOI
CMB,GOP
CMB,GAU
CMB,HBX
CMB,HYD
CMB,IMF
CMB,IDR
CMB,JAI
CMB,IXJ
CMB,JRH
CMB,KTM
CMB,COK
CMB,CCU
CMB,CCJ
CMB,LKO
CMB,IXM
CMB,IXE
CMB,BOM
CMB,MCT
CMB,NAG
CMB,PAT
CMB,IXZ
CMB,PNQ
CMB,RPR
CMB,RJA
CMB,IXR
CMB,SHJ
CMB,SIN
CMB,SXR
CMB,STV
CMB,TRV
CMB,TRZ
CMB,TIR
CMB,TCR
CMB,UDR
CMB,BDQ
CMB,VNS
CMB,VGA
CMB,VTZ
DED,IXA
DED,AMD
DED,ATQ
DED,IXB
DED,BKK
DED,BLR
DED,BBI
DED,IXC
DED,MAA
DED,CJB
DED,CMB
DED,DEL
DED,DAC
DED,DIB
DED,DMU
DED,DOH
DED,DXB
DED,GOI
DED,GOP
DED,GAU
DED,HBX
DED,HYD
DED,IMF
DED,IDR
DED,JAI
DED,IXJ
DED,JRH
DED,KTM
DED,COK
DED,CCU
DED,CCJ
DED,LKO
DED,IXM
DED,IXE
DED,BOM
DED,MCT
DED,NAG
DED,PAT
DED,IXZ
DED,PNQ
DED,RPR
DED,RJA
DED,IXR
DED,SHJ
DED,SIN
DED,SXR
DED,STV
DED,TRV
DED,TRZ
DED,TIR
DED,TCR
DED,UDR
DED,BDQ
DED,VNS
DED,VGA
DED,VTZ
DEL,IXA
DEL,AMD
DEL,ATQ
DEL,IXB
DEL,BKK
DEL,BLR
DEL,BBI
DEL,IXC
DEL,MAA
DEL,CJB
DEL,CMB
DEL,DED
DEL,DAC
DEL,DIB
DEL,DMU
DEL,DOH
DEL,DXB
DEL,GOI
DEL,GOP
DEL,GAU
DEL,HBX
DEL,HYD
DEL,IMF
DEL,IDR
DEL,JAI
DEL,IXJ
DEL,JRH
DEL,KTM
DEL,COK
DEL,CCU
DEL,CCJ
DEL,LKO
DEL,IXM
DEL,IXE
DEL,BOM
DEL,MCT
DEL,NAG
DEL,PAT
DEL,IXZ
DEL,PNQ
DEL,RPR
DEL,RJA
DEL,IXR
DEL,SHJ
DEL,SIN
DEL,SXR
DEL,STV
DEL,TRV
DEL,TRZ
DEL,TIR
DEL,TCR
DEL,UDR
DEL,BDQ
DEL,VNS
DEL,VGA
DEL,VTZ
DAC,IXA
DAC,AMD
DAC,ATQ
DAC,IXB
DAC,BKK
DAC,BLR
DAC,BBI
DAC,IXC
DAC,MAA
DAC,CJB
DAC,CMB
DAC,DED
DAC,DEL
DAC,DIB
DAC,DMU
DAC,DOH
DAC,DXB
DAC,GOI
DAC,GOP
DAC,GAU
DAC,HBX
DAC,HYD
DAC,IMF
DAC,IDR
DAC,JAI
DAC,IXJ
DAC,JRH
DAC,KTM
DAC,COK
DAC,CCU
DAC,CCJ
DAC,LKO
DAC,IXM
DAC,IXE
DAC,BOM
DAC,MCT
DAC,NAG
DAC,PAT
DAC,IXZ
DAC,PNQ
DAC,RPR
DAC,RJA
DAC,IXR
DAC,SHJ
DAC,SIN
DAC,SXR
DAC,STV
DAC,TRV
DAC,TRZ
DAC,TIR
DAC,TCR
DAC,UDR
DAC,BDQ
DAC,VNS
DAC,VGA
DAC,VTZ
DIB,IXA
DIB,AMD
DIB,ATQ
DIB,IXB
DIB,BKK
DIB,BLR
DIB,BBI
DIB,IXC
DIB,MAA
DIB,CJB
DIB,CMB
DIB,DED
DIB,DEL
DIB,DAC
DIB,DMU
DIB,DOH
DIB,DXB
DIB,GOI
DIB,GOP
DIB,GAU
DIB,HBX
DIB,HYD
DIB,IMF
DIB,IDR
DIB,JAI
DIB,IXJ
DIB,JRH
DIB,KTM
DIB,COK
DIB,CCU
DIB,CCJ
DIB,LKO
DIB,IXM
DIB,IXE
DIB,BOM
DIB,MCT
DIB,NAG
DIB,PAT
DIB,IXZ
DIB,PNQ
DIB,RPR
DIB,RJA
DIB,IXR
DIB,SHJ
DIB,SIN
DIB,SXR
DIB,STV
DIB,TRV
DIB,TRZ
DIB,TIR
DIB,TCR
DIB,UDR
DIB,BDQ
DIB,VNS
DIB,VGA
DIB,VTZ
DMU,IXA
DMU,AMD
DMU,ATQ
DMU,IXB
DMU,BKK
DMU,BLR
DMU,BBI
DMU,IXC
DMU,MAA
DMU,CJB
DMU,CMB
DMU,DED
DMU,DEL
DMU,DAC
DMU,DIB
DMU,DOH
DMU,DXB
DMU,GOI
DMU,GOP
DMU,GAU
DMU,HBX
DMU,HYD
DMU,IMF
DMU,IDR
DMU,JAI
DMU,IXJ
DMU,JRH
DMU,KTM
DMU,COK
DMU,CCU
DMU,CCJ
DMU,LKO
DMU,IXM
DMU,IXE
DMU,BOM
DMU,MCT
DMU,NAG
DMU,PAT
DMU,IXZ
DMU,PNQ
DMU,RPR
DMU,RJA
DMU,IXR
DMU,SHJ
DMU,SIN
DMU,SXR
DMU,STV
DMU,TRV
DMU,TRZ
DMU,TIR
DMU,TCR
DMU,UDR
DMU,BDQ
DMU,VNS
DMU,VGA
DMU,VTZ
DOH,IXA
DOH,AMD
DOH,ATQ
DOH,IXB
DOH,BKK
DOH,BLR
DOH,BBI
DOH,IXC
DOH,MAA
DOH,CJB
DOH,CMB
DOH,DED
DOH,DEL
DOH,DAC
DOH,DIB
DOH,DMU
DOH,DXB
DOH,GOI
DOH,GOP
DOH,GAU
DOH,HBX
DOH,HYD
DOH,IMF
DOH,IDR
DOH,JAI
DOH,IXJ
DOH,JRH
DOH,KTM
DOH,COK
DOH,CCU
DOH,CCJ
DOH,LKO
DOH,IXM
DOH,IXE
DOH,BOM
DOH,MCT
DOH,NAG
DOH,PAT
DOH,IXZ
DOH,PNQ
DOH,RPR
DOH,RJA
DOH,IXR
DOH,SHJ
DOH,SIN
DOH,SXR
DOH,STV
DOH,TRV
DOH,TRZ
DOH,TIR
DOH,TCR
DOH,UDR
DOH,BDQ
DOH,VNS
DOH,VGA
DOH,VTZ
DXB,IXA
DXB,AMD
DXB,ATQ
DXB,IXB
DXB,BKK
DXB,BLR
DXB,BBI
DXB,IXC
DXB,MAA
DXB,CJB
DXB,CMB
DXB,DED
DXB,DEL
DXB,DAC
DXB,DIB
DXB,DMU
DXB,DOH
DXB,GOI
DXB,GOP
DXB,GAU
DXB,HBX
DXB,HYD
DXB,IMF
DXB,IDR
DXB,JAI
DXB,IXJ
DXB,JRH
DXB,KTM
DXB,COK
DXB,CCU
DXB,CCJ
DXB,LKO
DXB,IXM
DXB,IXE
DXB,BOM
DXB,MCT
DXB,NAG
DXB,PAT
DXB,IXZ
DXB,PNQ
DXB,RPR
DXB,RJA
DXB,IXR
DXB,SHJ
DXB,SIN
DXB,SXR
DXB,STV
DXB,TRV
DXB,TRZ
DXB,TIR
DXB,TCR
DXB,UDR
DXB,BDQ
DXB,VNS
DXB,VGA
DXB,VTZ
GOI,IXA
GOI,AMD
GOI,ATQ
GOI,IXB
GOI,BKK
GOI,BLR
GOI,BBI
GOI,IXC
GOI,MAA
GOI,CJB
GOI,CMB
GOI,DED
GOI,DEL
GOI,DAC
GOI,DIB
GOI,DMU
GOI,DOH
GOI,DXB
GOI,GOP
GOI,GAU
GOI,HBX
GOI,HYD
GOI,IMF
GOI,IDR
GOI,JAI
GOI,IXJ
GOI,JRH
GOI,KTM
GOI,COK
GOI,CCU
GOI,CCJ
GOI,LKO
GOI,IXM
GOI,IXE
GOI,BOM
GOI,MCT
GOI,NAG
GOI,PAT
GOI,IXZ
GOI,PNQ
GOI,RPR
GOI,RJA
GOI,IXR
GOI,SHJ
GOI,SIN
GOI,SXR
GOI,STV
GOI,TRV
GOI,TRZ
GOI,TIR
GOI,TCR
GOI,UDR
GOI,BDQ
GOI,VNS
GOI,VGA
GOI,VTZ
GOP,IXA
GOP,AMD
GOP,ATQ
GOP,IXB
GOP,BKK
GOP,BLR
GOP,BBI
GOP,IXC
GOP,MAA
GOP,CJB
GOP,CMB
GOP,DED
GOP,DEL
GOP,DAC
GOP,DIB
GOP,DMU
GOP,DOH
GOP,DXB
GOP,GOI
GOP,GAU
GOP,HBX
GOP,HYD
GOP,IMF
GOP,IDR
GOP,JAI
GOP,IXJ
GOP,JRH
GOP,KTM
GOP,COK
GOP,CCU
GOP,CCJ
GOP,LKO
GOP,IXM
GOP,IXE
GOP,BOM
GOP,MCT
GOP,NAG
GOP,PAT
GOP,IXZ
GOP,PNQ
GOP,RPR
GOP,RJA
GOP,IXR
GOP,SHJ
GOP,SIN
GOP,SXR
GOP,STV
GOP,TRV
GOP,TRZ
GOP,TIR
GOP,TCR
GOP,UDR
GOP,BDQ
GOP,VNS
GOP,VGA
GOP,VTZ
GAU,IXA
GAU,AMD
GAU,ATQ
GAU,IXB
GAU,BKK
GAU,BLR
GAU,BBI
GAU,IXC
GAU,MAA
GAU,CJB
GAU,CMB
GAU,DED
GAU,DEL
GAU,DAC
GAU,DIB
GAU,DMU
GAU,DOH
GAU,DXB
GAU,GOI
GAU,GOP
GAU,HBX
GAU,HYD
GAU,IMF
GAU,IDR
GAU,JAI
GAU,IXJ
GAU,JRH
GAU,KTM
GAU,COK
GAU,CCU
GAU,CCJ
GAU,LKO
GAU,IXM
GAU,IXE
GAU,BOM
GAU,MCT
GAU,NAG
GAU,PAT
GAU,IXZ
GAU,PNQ
GAU,RPR
GAU,RJA
GAU,IXR
GAU,SHJ
GAU,SIN
GAU,SXR
GAU,STV
GAU,TRV
GAU,TRZ
GAU,TIR
GAU,TCR
GAU,UDR
GAU,BDQ
GAU,VNS
GAU,VGA
GAU,VTZ
HBX,IXA
HBX,AMD
HBX,ATQ
HBX,IXB
HBX,BKK
HBX,BLR
HBX,BBI
HBX,IXC
HBX,MAA
HBX,CJB
HBX,CMB
HBX,DED
HBX,DEL
HBX,DAC
HBX,DIB
HBX,DMU
HBX,DOH
HBX,DXB
HBX,GOI
HBX,GOP
HBX,GAU
HBX,HYD
HBX,IMF
HBX,IDR
HBX,JAI
HBX,IXJ
HBX,JRH
HBX,KTM
HBX,COK
HBX,CCU
HBX,CCJ
HBX,LKO
HBX,IXM
HBX,IXE
HBX,BOM
HBX,MCT
HBX,NAG
HBX,PAT
HBX,IXZ
HBX,PNQ
HBX,RPR
HBX,RJA
HBX,IXR
HBX,SHJ
HBX,SIN
HBX,SXR
HBX,STV
HBX,TRV
HBX,TRZ
HBX,TIR
HBX,TCR
HBX,UDR
HBX,BDQ
HBX,VNS
HBX,VGA
HBX,VTZ
HYD,IXA
HYD,AMD
HYD,ATQ
HYD,IXB
HYD,BKK
HYD,BLR
HYD,BBI
HYD,IXC
HYD,MAA
HYD,CJB
HYD,CMB
HYD,DED
HYD,DEL
HYD,DAC
HYD,DIB
HYD,DMU
HYD,DOH
HYD,DXB
HYD,GOI
HYD,GOP
HYD,GAU
HYD,HBX
HYD,IMF
HYD,IDR
HYD,JAI
HYD,IXJ
HYD,JRH
HYD,KTM
HYD,COK
HYD,CCU
HYD,CCJ
HYD,LKO
HYD,IXM
HYD,IXE
HYD,BOM
HYD,MCT
HYD,NAG
HYD,PAT
HYD,IXZ
HYD,PNQ
HYD,RPR
HYD,RJA
HYD,IXR
HYD,SHJ
HYD,SIN
HYD,SXR
HYD,STV
HYD,TRV
HYD,TRZ
HYD,TIR
HYD,TCR
HYD,UDR
HYD,BDQ
HYD,VNS
HYD,VGA
HYD,VTZ
IMF,IXA
IMF,AMD
IMF,ATQ
IMF,IXB
IMF,BKK
IMF,BLR
IMF,BBI
IMF,IXC
IMF,MAA
IMF,CJB
IMF,CMB
IMF,DED
IMF,DEL
IMF,DAC
IMF,DIB
IMF,DMU
IMF,DOH
IMF,DXB
IMF,GOI
IMF,GOP
IMF,GAU
IMF,HBX
IMF,HYD
IMF,IDR
IMF,JAI
IMF,IXJ
IMF,JRH
IMF,KTM
IMF,COK
IMF,CCU
IMF,CCJ
IMF,LKO
IMF,IXM
IMF,IXE
IMF,BOM
IMF,MCT
IMF,NAG
IMF,PAT
IMF,IXZ
IMF,PNQ
IMF,RPR
IMF,RJA
IMF,IXR
IMF,SHJ
IMF,SIN
IMF,SXR
IMF,STV
IMF,TRV
IMF,TRZ
IMF,TIR
IMF,TCR
IMF,UDR
IMF,BDQ
IMF,VNS
IMF,VGA
IMF,VTZ
IDR,IXA
IDR,AMD
IDR,ATQ
IDR,IXB
IDR,BKK
IDR,BLR
IDR,BBI
IDR,IXC
IDR,MAA
IDR,CJB
IDR,CMB
IDR,DED
IDR,DEL
IDR,DAC
IDR,DIB
IDR,DMU
IDR,DOH
IDR,DXB
IDR,GOI
IDR,GOP
IDR,GAU
IDR,HBX
IDR,HYD
IDR,IMF
IDR,JAI
IDR,IXJ
IDR,JRH
IDR,KTM
IDR,COK
IDR,CCU
IDR,CCJ
IDR,LKO
IDR,IXM
IDR,IXE
IDR,BOM
IDR,MCT
IDR,NAG
IDR,PAT
IDR,IXZ
IDR,PNQ
IDR,RPR
IDR,RJA
IDR,IXR
IDR,SHJ
IDR,SIN
IDR,SXR
IDR,STV
IDR,TRV
IDR,TRZ
IDR,TIR
IDR,TCR
IDR,UDR
IDR,BDQ
IDR,VNS
IDR,VGA
IDR,VTZ
JAI,IXA
JAI,AMD
JAI,ATQ
JAI,IXB
JAI,BKK
JAI,BLR
JAI,BBI
JAI,IXC
JAI,MAA
JAI,CJB
JAI,CMB
JAI,DED
JAI,DEL
JAI,DAC
JAI,DIB
JAI,DMU
JAI,DOH
JAI,DXB
JAI,GOI
JAI,GOP
JAI,GAU
JAI,HBX
JAI,HYD
JAI,IMF
JAI,IDR
JAI,IXJ
JAI,JRH
JAI,KTM
JAI,COK
JAI,CCU
JAI,CCJ
JAI,LKO
JAI,IXM
JAI,IXE
JAI,BOM
JAI,MCT
JAI,NAG
JAI,PAT
JAI,IXZ
JAI,PNQ
JAI,RPR
JAI,RJA
JAI,IXR
JAI,SHJ
JAI,SIN
JAI,SXR
JAI,STV
JAI,TRV
JAI,TRZ
JAI,TIR
JAI,TCR
JAI,UDR
JAI,BDQ
JAI,VNS
JAI,VGA
JAI,VTZ
IXJ,IXA
IXJ,AMD
IXJ,ATQ
IXJ,IXB
IXJ,BKK
IXJ,BLR
IXJ,BBI
IXJ,IXC
IXJ,MAA
IXJ,CJB
IXJ,CMB
IXJ,DED
IXJ,DEL
IXJ,DAC
IXJ,DIB
IXJ,DMU
IXJ,DOH
IXJ,DXB
IXJ,GOI
IXJ,GOP
IXJ,GAU
IXJ,HBX
IXJ,HYD
IXJ,IMF
IXJ,IDR
IXJ,JAI
IXJ,JRH
IXJ,KTM
IXJ,COK
IXJ,CCU
IXJ,CCJ
IXJ,LKO
IXJ,IXM
IXJ,IXE
IXJ,BOM
IXJ,MCT
IXJ,NAG
IXJ,PAT
IXJ,IXZ
IXJ,PNQ
IXJ,RPR
IXJ,RJA
IXJ,IXR
IXJ,SHJ
IXJ,SIN
IXJ,SXR
IXJ,STV
IXJ,TRV
IXJ,TRZ
IXJ,TIR
IXJ,TCR
IXJ,UDR
IXJ,BDQ
IXJ,VNS
IXJ,VGA
IXJ,VTZ
JRH,IXA
JRH,AMD
JRH,ATQ
JRH,IXB
JRH,BKK
JRH,BLR
JRH,BBI
JRH,IXC
JRH,MAA
JRH,CJB
JRH,CMB
JRH,DED
JRH,DEL
JRH,DAC
JRH,DIB
JRH,DMU
JRH,DOH
JRH,DXB
JRH,GOI
JRH,GOP
JRH,GAU
JRH,HBX
JRH,HYD
JRH,IMF
JRH,IDR
JRH,JAI
JRH,IXJ
JRH,KTM
JRH,COK
JRH,CCU
JRH,CCJ
JRH,LKO
JRH,IXM
JRH,IXE
JRH,BOM
JRH,MCT
JRH,NAG
JRH,PAT
JRH,IXZ
JRH,PNQ
JRH,RPR
JRH,RJA
JRH,IXR
JRH,SHJ
JRH,SIN
JRH,SXR
JRH,STV
JRH,TRV
JRH,TRZ
JRH,TIR
JRH,TCR
JRH,UDR
JRH,BDQ
JRH,VNS
JRH,VGA
JRH,VTZ
KTM,IXA
KTM,AMD
KTM,ATQ
KTM,IXB
KTM,BKK
KTM,BLR
KTM,BBI
KTM,IXC
KTM,MAA
KTM,CJB
KTM,CMB
KTM,DED
KTM,DEL
KTM,DAC
KTM,DIB
KTM,DMU
KTM,DOH
KTM,DXB
KTM,GOI
KTM,GOP
KTM,GAU
KTM,HBX
KTM,HYD
KTM,IMF
KTM,IDR
KTM,JAI
KTM,IXJ
KTM,JRH
KTM,COK
KTM,CCU
KTM,CCJ
KTM,LKO
KTM,IXM
KTM,IXE
KTM,BOM
KTM,MCT
KTM,NAG
KTM,PAT
KTM,IXZ
KTM,PNQ
KTM,RPR
KTM,RJA
KTM,IXR
KTM,SHJ
KTM,SIN
KTM,SXR
KTM,STV
KTM,TRV
KTM,TRZ
KTM,TIR
KTM,TCR
KTM,UDR
KTM,BDQ
KTM,VNS
KTM,VGA
KTM,VTZ
COK,IXA
COK,AMD
COK,ATQ
COK,IXB
COK,BKK
COK,BLR
COK,BBI
COK,IXC
COK,MAA
COK,CJB
COK,CMB
COK,DED
COK,DEL
COK,DAC
COK,DIB
COK,DMU
COK,DOH
COK,DXB
COK,GOI
COK,GOP
COK,GAU
COK,HBX
COK,HYD
COK,IMF
COK,IDR
COK,JAI
COK,IXJ
COK,JRH
COK,KTM
COK,CCU
COK,CCJ
COK,LKO
COK,IXM
COK,IXE
COK,BOM
COK,MCT
COK,NAG
COK,PAT
COK,IXZ
COK,PNQ
COK,RPR
COK,RJA
COK,IXR
COK,SHJ
COK,SIN
COK,SXR
COK,STV
COK,TRV
COK,TRZ
COK,TIR
COK,TCR
COK,UDR
COK,BDQ
COK,VNS
COK,VGA
COK,VTZ
CCU,IXA
CCU,AMD
CCU,ATQ
CCU,IXB
CCU,BKK
CCU,BLR
CCU,BBI
CCU,IXC
CCU,MAA
CCU,CJB
CCU,CMB
CCU,DED
CCU,DEL
CCU,DAC
CCU,DIB
CCU,DMU
CCU,DOH
CCU,DXB
CCU,GOI
CCU,GOP
CCU,GAU
CCU,HBX
CCU,HYD
CCU,IMF
CCU,IDR
CCU,JAI
CCU,IXJ
CCU,JRH
CCU,KTM
CCU,COK
CCU,CCJ
CCU,LKO
CCU,IXM
CCU,IXE
CCU,BOM
CCU,MCT
CCU,NAG
CCU,PAT
CCU,IXZ
CCU,PNQ
CCU,RPR
CCU,RJA
CCU,IXR
CCU,SHJ
CCU,SIN
CCU,SXR
CCU,STV
CCU,TRV
CCU,TRZ
CCU,TIR
CCU,TCR
CCU,UDR
CCU,BDQ
CCU,VNS
CCU,VGA
CCU,VTZ
CCJ,IXA
CCJ,AMD
CCJ,ATQ
CCJ,IXB
CCJ,BKK
CCJ,BLR
CCJ,BBI
CCJ,IXC
CCJ,MAA
CCJ,CJB
CCJ,CMB
CCJ,DED
CCJ,DEL
CCJ,DAC
CCJ,DIB
CCJ,DMU
CCJ,DOH
CCJ,DXB
CCJ,GOI
CCJ,GOP
CCJ,GAU
CCJ,HBX
CCJ,HYD
CCJ,IMF
CCJ,IDR
CCJ,JAI
CCJ,IXJ
CCJ,JRH
CCJ,KTM
CCJ,COK
CCJ,CCU
CCJ,LKO
CCJ,IXM
CCJ,IXE
CCJ,BOM
CCJ,MCT
CCJ,NAG
CCJ,PAT
CCJ,IXZ
CCJ,PNQ
CCJ,RPR
CCJ,RJA
CCJ,IXR
CCJ,SHJ
CCJ,SIN
CCJ,SXR
CCJ,STV
CCJ,TRV
CCJ,TRZ
CCJ,TIR
CCJ,TCR
CCJ,UDR
CCJ,BDQ
CCJ,VNS
CCJ,VGA
CCJ,VTZ
LKO,IXA
LKO,AMD
LKO,ATQ
LKO,IXB
LKO,BKK
LKO,BLR
LKO,BBI
LKO,IXC
LKO,MAA
LKO,CJB
LKO,CMB
LKO,DED
LKO,DEL
LKO,DAC
LKO,DIB
LKO,DMU
LKO,DOH
LKO,DXB
LKO,GOI
LKO,GOP
LKO,GAU
LKO,HBX
LKO,HYD
LKO,IMF
LKO,IDR
LKO,JAI
LKO,IXJ
LKO,JRH
LKO,KTM
LKO,COK
LKO,CCU
LKO,CCJ
LKO,IXM
LKO,IXE
LKO,BOM
LKO,MCT
LKO,NAG
LKO,PAT
LKO,IXZ
LKO,PNQ
LKO,RPR
LKO,RJA
LKO,IXR
LKO,SHJ
LKO,SIN
LKO,SXR
LKO,STV
LKO,TRV
LKO,TRZ
LKO,TIR
LKO,TCR
LKO,UDR
LKO,BDQ
LKO,VNS
LKO,VGA
LKO,VTZ
IXM,IXA
IXM,AMD
IXM,ATQ
IXM,IXB
IXM,BKK
IXM,BLR
IXM,BBI
IXM,IXC
IXM,MAA
IXM,CJB
IXM,CMB
IXM,DED
IXM,DEL
IXM,DAC
IXM,DIB
IXM,DMU
IXM,DOH
IXM,DXB
IXM,GOI
IXM,GOP
IXM,GAU
IXM,HBX
IXM,HYD
IXM,IMF
IXM,IDR
IXM,JAI
IXM,IXJ
IXM,JRH
IXM,KTM
IXM,COK
IXM,CCU
IXM,CCJ
IXM,LKO
IXM,IXE
IXM,BOM
IXM,MCT
IXM,NAG
IXM,PAT
IXM,IXZ
IXM,PNQ
IXM,RPR
IXM,RJA
IXM,IXR
IXM,SHJ
IXM,SIN
IXM,SXR
IXM,STV
IXM,TRV
IXM,TRZ
IXM,TIR
IXM,TCR
IXM,UDR
IXM,BDQ
IXM,VNS
IXM,VGA
IXM,VTZ
IXE,IXA
IXE,AMD
IXE,ATQ
IXE,IXB
IXE,BKK
IXE,BLR
IXE,BBI
IXE,IXC
IXE,MAA
IXE,CJB
IXE,CMB
IXE,DED
IXE,DEL
IXE,DAC
IXE,DIB
IXE,DMU
IXE,DOH
IXE,DXB
IXE,GOI
IXE,GOP
IXE,GAU
IXE,HBX
IXE,HYD
IXE,IMF
IXE,IDR
IXE,JAI
IXE,IXJ
IXE,JRH
IXE,KTM
IXE,COK
IXE,CCU
IXE,CCJ
IXE,LKO
IXE,IXM
IXE,BOM
IXE,MCT
IXE,NAG
IXE,PAT
IXE,IXZ
IXE,PNQ
IXE,RPR
IXE,RJA
IXE,IXR
IXE,SHJ
IXE,SIN
IXE,SXR
IXE,STV
IXE,TRV
IXE,TRZ
IXE,TIR
IXE,TCR
IXE,UDR
IXE,BDQ
IXE,VNS
IXE,VGA
IXE,VTZ
BOM,IXA
BOM,AMD
BOM,ATQ
BOM,IXB
BOM,BKK
BOM,BLR
BOM,BBI
BOM,IXC
BOM,MAA
BOM,CJB
BOM,CMB
BOM,DED
BOM,DEL
BOM,DAC
BOM,DIB
BOM,DMU
BOM,DOH
BOM,DXB
BOM,GOI
BOM,GOP
BOM,GAU
BOM,HBX
BOM,HYD
BOM,IMF
BOM,IDR
BOM,JAI
BOM,IXJ
BOM,JRH
BOM,KTM
BOM,COK
BOM,CCU
BOM,CCJ
BOM,LKO
BOM,IXM
BOM,IXE
BOM,MCT
BOM,NAG
BOM,PAT
BOM,IXZ
BOM,PNQ
BOM,RPR
BOM,RJA
BOM,IXR
BOM,SHJ
BOM,SIN
BOM,SXR
BOM,STV
BOM,TRV
BOM,TRZ
BOM,TIR
BOM,TCR
BOM,UDR
BOM,BDQ
BOM,VNS
BOM,VGA
BOM,VTZ
MCT,IXA
MCT,AMD
MCT,ATQ
MCT,IXB
MCT,BKK
MCT,BLR
MCT,BBI
MCT,IXC
MCT,MAA
MCT,CJB
MCT,CMB
MCT,DED
MCT,DEL
MCT,DAC
MCT,DIB
MCT,DMU
MCT,DOH
MCT,DXB
MCT,GOI
MCT,GOP
MCT,GAU
MCT,HBX
MCT,HYD
MCT,IMF
MCT,IDR
MCT,JAI
MCT,IXJ
MCT,JRH
MCT,KTM
MCT,COK
MCT,CCU
MCT,CCJ
MCT,LKO
MCT,IXM
MCT,IXE
MCT,BOM
MCT,NAG
MCT,PAT
MCT,IXZ
MCT,PNQ
MCT,RPR
MCT,RJA
MCT,IXR
MCT,SHJ
MCT,SIN
MCT,SXR
MCT,STV
MCT,TRV
MCT,TRZ
MCT,TIR
MCT,TCR
MCT,UDR
MCT,BDQ
MCT,VNS
MCT,VGA
MCT,VTZ
NAG,IXA
NAG,AMD
NAG,ATQ
NAG,IXB
NAG,BKK
NAG,BLR
NAG,BBI
NAG,IXC
NAG,MAA
NAG,CJB
NAG,CMB
NAG,DED
NAG,DEL
NAG,DAC
NAG,DIB
NAG,DMU
NAG,DOH
NAG,DXB
NAG,GOI
NAG,GOP
NAG,GAU
NAG,HBX
NAG,HYD
NAG,IMF
NAG,IDR
NAG,JAI
NAG,IXJ
NAG,JRH
NAG,KTM
NAG,COK
NAG,CCU
NAG,CCJ
NAG,LKO
NAG,IXM
NAG,IXE
NAG,BOM
NAG,MCT
NAG,PAT
NAG,IXZ
NAG,PNQ
NAG,RPR
NAG,RJA
NAG,IXR
NAG,SHJ
NAG,SIN
NAG,SXR
NAG,STV
NAG,TRV
NAG,TRZ
NAG,TIR
NAG,TCR
NAG,UDR
NAG,BDQ
NAG,VNS
NAG,VGA
NAG,VTZ
PAT,IXA
PAT,AMD
PAT,ATQ
PAT,IXB
PAT,BKK
PAT,BLR
PAT,BBI
PAT,IXC
PAT,MAA
PAT,CJB
PAT,CMB
PAT,DED
PAT,DEL
PAT,DAC
PAT,DIB
PAT,DMU
PAT,DOH
PAT,DXB
PAT,GOI
PAT,GOP
PAT,GAU
PAT,HBX
PAT,HYD
PAT,IMF
PAT,IDR
PAT,JAI
PAT,IXJ
PAT,JRH
PAT,KTM
PAT,COK
PAT,CCU
PAT,CCJ
PAT,LKO
PAT,IXM
PAT,IXE
PAT,BOM
PAT,MCT
PAT,NAG
PAT,IXZ
PAT,PNQ
PAT,RPR
PAT,RJA
PAT,IXR
PAT,SHJ
PAT,SIN
PAT,SXR
PAT,STV
PAT,TRV
PAT,TRZ
PAT,TIR
PAT,TCR
PAT,UDR
PAT,BDQ
PAT,VNS
PAT,VGA
PAT,VTZ
IXZ,IXA
IXZ,AMD
IXZ,ATQ
IXZ,IXB
IXZ,BKK
IXZ,BLR
IXZ,BBI
IXZ,IXC
IXZ,MAA
IXZ,CJB
IXZ,CMB
IXZ,DED
IXZ,DEL
IXZ,DAC
IXZ,DIB
IXZ,DMU
IXZ,DOH
IXZ,DXB
IXZ,GOI
IXZ,GOP
IXZ,GAU
IXZ,HBX
IXZ,HYD
IXZ,IMF
IXZ,IDR
IXZ,JAI
IXZ,IXJ
IXZ,JRH
IXZ,KTM
IXZ,COK
IXZ,CCU
IXZ,CCJ
IXZ,LKO
IXZ,IXM
IXZ,IXE
IXZ,BOM
IXZ,MCT
IXZ,NAG
IXZ,PAT
IXZ,PNQ
IXZ,RPR
IXZ,RJA
IXZ,IXR
IXZ,SHJ
IXZ,SIN
IXZ,SXR
IXZ,STV
IXZ,TRV
IXZ,TRZ
IXZ,TIR
IXZ,TCR
IXZ,UDR
IXZ,BDQ
IXZ,VNS
IXZ,VGA
IXZ,VTZ
PNQ,IXA
PNQ,AMD
PNQ,ATQ
PNQ,IXB
PNQ,BKK
PNQ,BLR
PNQ,BBI
PNQ,IXC
PNQ,MAA
PNQ,CJB
PNQ,CMB
PNQ,DED
PNQ,DEL
PNQ,DAC
PNQ,DIB
PNQ,DMU
PNQ,DOH
PNQ,DXB
PNQ,GOI
PNQ,GOP
PNQ,GAU
PNQ,HBX
PNQ,HYD
PNQ,IMF
PNQ,IDR
PNQ,JAI
PNQ,IXJ
PNQ,JRH
PNQ,KTM
PNQ,COK
PNQ,CCU
PNQ,CCJ
PNQ,LKO
PNQ,IXM
PNQ,IXE
PNQ,BOM
PNQ,MCT
PNQ,NAG
PNQ,PAT
PNQ,IXZ
PNQ,RPR
PNQ,RJA
PNQ,IXR
PNQ,SHJ
PNQ,SIN
PNQ,SXR
PNQ,STV
PNQ,TRV
PNQ,TRZ
PNQ,TIR
PNQ,TCR
PNQ,UDR
PNQ,BDQ
PNQ,VNS
PNQ,VGA
PNQ,VTZ
RPR,IXA
RPR,AMD
RPR,ATQ
RPR,IXB
RPR,BKK
RPR,BLR
RPR,BBI
RPR,IXC
RPR,MAA
RPR,CJB
RPR,CMB
RPR,DED
RPR,DEL
RPR,DAC
RPR,DIB
RPR,DMU
RPR,DOH
RPR,DXB
RPR,GOI
RPR,GOP
RPR,GAU
RPR,HBX
RPR,HYD
RPR,IMF
RPR,IDR
RPR,JAI
RPR,IXJ
RPR,JRH
RPR,KTM
RPR,COK
RPR,CCU
RPR,CCJ
RPR,LKO
RPR,IXM
RPR,IXE
RPR,BOM
RPR,MCT
RPR,NAG
RPR,PAT
RPR,IXZ
RPR,PNQ
RPR,RJA
RPR,IXR
RPR,SHJ
RPR,SIN
RPR,SXR
RPR,STV
RPR,TRV
RPR,TRZ
RPR,TIR
RPR,TCR
RPR,UDR
RPR,BDQ
RPR,VNS
RPR,VGA
RPR,VTZ
RJA,IXA
RJA,AMD
RJA,ATQ
RJA,IXB
RJA,BKK
RJA,BLR
RJA,BBI
RJA,IXC
RJA,MAA
RJA,CJB
RJA,CMB
RJA,DED
RJA,DEL
RJA,DAC
RJA,DIB
RJA,DMU
RJA,DOH
RJA,DXB
RJA,GOI
RJA,GOP
RJA,GAU
RJA,HBX
RJA,HYD
RJA,IMF
RJA,IDR
RJA,JAI
RJA,IXJ
RJA,JRH
RJA,KTM
RJA,COK
RJA,CCU
RJA,CCJ
RJA,LKO
RJA,IXM
RJA,IXE
RJA,BOM
RJA,MCT
RJA,NAG
RJA,PAT
RJA,IXZ
RJA,PNQ
RJA,RPR
RJA,IXR
RJA,SHJ
RJA,SIN
RJA,SXR
RJA,STV
RJA,TRV
RJA,TRZ
RJA,TIR
RJA,TCR
RJA,UDR
RJA,BDQ
RJA,VNS
RJA,VGA
RJA,VTZ
IXR,IXA
IXR,AMD
IXR,ATQ
IXR,IXB
IXR,BKK
IXR,BLR
IXR,BBI
IXR,IXC
IXR,MAA
IXR,CJB
IXR,CMB
IXR,DED
IXR,DEL
IXR,DAC
IXR,DIB
IXR,DMU
IXR,DOH
IXR,DXB
IXR,GOI
IXR,GOP
IXR,GAU
IXR,HBX
IXR,HYD
IXR,IMF
IXR,IDR
IXR,JAI
IXR,IXJ
IXR,JRH
IXR,KTM
IXR,COK
IXR,CCU
IXR,CCJ
IXR,LKO
IXR,IXM
IXR,IXE
IXR,BOM
IXR,MCT
IXR,NAG
IXR,PAT
IXR,IXZ
IXR,PNQ
IXR,RPR
IXR,RJA
IXR,SHJ
IXR,SIN
IXR,SXR
IXR,STV
IXR,TRV
IXR,TRZ
IXR,TIR
IXR,TCR
IXR,UDR
IXR,BDQ
IXR,VNS
IXR,VGA
IXR,VTZ
SHJ,IXA
SHJ,AMD
SHJ,ATQ
SHJ,IXB
SHJ,BKK
SHJ,BLR
SHJ,BBI
SHJ,IXC
SHJ,MAA
SHJ,CJB
SHJ,CMB
SHJ,DED
SHJ,DEL
SHJ,DAC
SHJ,DIB
SHJ,DMU
SHJ,DOH
SHJ,DXB
SHJ,GOI
SHJ,GOP
SHJ,GAU
SHJ,HBX
SHJ,HYD
SHJ,IMF
SHJ,IDR
SHJ,JAI
SHJ,IXJ
SHJ,JRH
SHJ,KTM
SHJ,COK
SHJ,CCU
SHJ,CCJ
SHJ,LKO
SHJ,IXM
SHJ,IXE
SHJ,BOM
SHJ,MCT
SHJ,NAG
SHJ,PAT
SHJ,IXZ
SHJ,PNQ
SHJ,RPR
SHJ,RJA
SHJ,IXR
SHJ,SIN
SHJ,SXR
SHJ,STV
SHJ,TRV
SHJ,TRZ
SHJ,TIR
SHJ,TCR
SHJ,UDR
SHJ,BDQ
SHJ,VNS
SHJ,VGA
SHJ,VTZ
SIN,IXA
SIN,AMD
SIN,ATQ
SIN,IXB
SIN,BKK
SIN,BLR
SIN,BBI
SIN,IXC
SIN,MAA
SIN,CJB
SIN,CMB
SIN,DED
SIN,DEL
SIN,DAC
SIN,DIB
SIN,DMU
SIN,DOH
SIN,DXB
SIN,GOI
SIN,GOP
SIN,GAU
SIN,HBX
SIN,HYD
SIN,IMF
SIN,IDR
SIN,JAI
SIN,IXJ
SIN,JRH
SIN,KTM
SIN,COK
SIN,CCU
SIN,CCJ
SIN,LKO
SIN,IXM
SIN,IXE
SIN,BOM
SIN,MCT
SIN,NAG
SIN,PAT
SIN,IXZ
SIN,PNQ
SIN,RPR
SIN,RJA
SIN,IXR
SIN,SHJ
SIN,SXR
SIN,STV
SIN,TRV
SIN,TRZ
SIN,TIR
SIN,TCR
SIN,UDR
SIN,BDQ
SIN,VNS
SIN,VGA
SIN,VTZ
SXR,IXA
SXR,AMD
SXR,ATQ
SXR,IXB
SXR,BKK
SXR,BLR
SXR,BBI
SXR,IXC
SXR,MAA
SXR,CJB
SXR,CMB
SXR,DED
SXR,DEL
SXR,DAC
SXR,DIB
SXR,DMU
SXR,DOH
SXR,DXB
SXR,GOI
SXR,GOP
SXR,GAU
SXR,HBX
SXR,HYD
SXR,IMF
SXR,IDR
SXR,JAI
SXR,IXJ
SXR,JRH
SXR,KTM
SXR,COK
SXR,CCU
SXR,CCJ
SXR,LKO
SXR,IXM
SXR,IXE
SXR,BOM
SXR,MCT
SXR,NAG
SXR,PAT
SXR,IXZ
SXR,PNQ
SXR,RPR
SXR,RJA
SXR,IXR
SXR,SHJ
SXR,SIN
SXR,STV
SXR,TRV
SXR,TRZ
SXR,TIR
SXR,TCR
SXR,UDR
SXR,BDQ
SXR,VNS
SXR,VGA
SXR,VTZ
STV,IXA
STV,AMD
STV,ATQ
STV,IXB
STV,BKK
STV,BLR
STV,BBI
STV,IXC
STV,MAA
STV,CJB
STV,CMB
STV,DED
STV,DEL
STV,DAC
STV,DIB
STV,DMU
STV,DOH
STV,DXB
STV,GOI
STV,GOP
STV,GAU
STV,HBX
STV,HYD
STV,IMF
STV,IDR
STV,JAI
STV,IXJ
STV,JRH
STV,KTM
STV,COK
STV,CCU
STV,CCJ
STV,LKO
STV,IXM
STV,IXE
STV,BOM
STV,MCT
STV,NAG
STV,PAT
STV,IXZ
STV,PNQ
STV,RPR
STV,RJA
STV,IXR
STV,SHJ
STV,SIN
STV,SXR
STV,TRV
STV,TRZ
STV,TIR
STV,TCR
STV,UDR
STV,BDQ
STV,VNS
STV,VGA
STV,VTZ
TRV,IXA
TRV,AMD
TRV,ATQ
TRV,IXB
TRV,BKK
TRV,BLR
TRV,BBI
TRV,IXC
TRV,MAA
TRV,CJB
TRV,CMB
TRV,DED
TRV,DEL
TRV,DAC
TRV,DIB
TRV,DMU
TRV,DOH
TRV,DXB
TRV,GOI
TRV,GOP
TRV,GAU
TRV,HBX
TRV,HYD
TRV,IMF
TRV,IDR
TRV,JAI
TRV,IXJ
TRV,JRH
TRV,KTM
TRV,COK
TRV,CCU
TRV,CCJ
TRV,LKO
TRV,IXM
TRV,IXE
TRV,BOM
TRV,MCT
TRV,NAG
TRV,PAT
TRV,IXZ
TRV,PNQ
TRV,RPR
TRV,RJA
TRV,IXR
TRV,SHJ
TRV,SIN
TRV,SXR
TRV,STV
TRV,TRZ
TRV,TIR
TRV,TCR
TRV,UDR
TRV,BDQ
TRV,VNS
TRV,VGA
TRV,VTZ
TRZ,IXA
TRZ,AMD
TRZ,ATQ
TRZ,IXB
TRZ,BKK
TRZ,BLR
TRZ,BBI
TRZ,IXC
TRZ,MAA
TRZ,CJB
TRZ,CMB
TRZ,DED
TRZ,DEL
TRZ,DAC
TRZ,DIB
TRZ,DMU
TRZ,DOH
TRZ,DXB
TRZ,GOI
TRZ,GOP
TRZ,GAU
TRZ,HBX
TRZ,HYD
TRZ,IMF
TRZ,IDR
TRZ,JAI
TRZ,IXJ
TRZ,JRH
TRZ,KTM
TRZ,COK
TRZ,CCU
TRZ,CCJ
TRZ,LKO
TRZ,IXM
TRZ,IXE
TRZ,BOM
TRZ,MCT
TRZ,NAG
TRZ,PAT
TRZ,IXZ
TRZ,PNQ
TRZ,RPR
TRZ,RJA
TRZ,IXR
TRZ,SHJ
TRZ,SIN
TRZ,SXR
TRZ,STV
TRZ,TRV
TRZ,TIR
TRZ,TCR
TRZ,UDR
TRZ,BDQ
TRZ,VNS
TRZ,VGA
TRZ,VTZ
TIR,IXA
TIR,AMD
TIR,ATQ
TIR,IXB
TIR,BKK
TIR,BLR
TIR,BBI
TIR,IXC
TIR,MAA
TIR,CJB
TIR,CMB
TIR,DED
TIR,DEL
TIR,DAC
TIR,DIB
TIR,DMU
TIR,DOH
TIR,DXB
TIR,GOI
TIR,GOP
TIR,GAU
TIR,HBX
TIR,HYD
TIR,IMF
TIR,IDR
TIR,JAI
TIR,IXJ
TIR,JRH
TIR,KTM
TIR,COK
TIR,CCU
TIR,CCJ
TIR,LKO
TIR,IXM
TIR,IXE
TIR,BOM
TIR,MCT
TIR,NAG
TIR,PAT
TIR,IXZ
TIR,PNQ
TIR,RPR
TIR,RJA
TIR,IXR
TIR,SHJ
TIR,SIN
TIR,SXR
TIR,STV
TIR,TRV
TIR,TRZ
TIR,TCR
TIR,UDR
TIR,BDQ
TIR,VNS
TIR,VGA
TIR,VTZ
TCR,IXA
TCR,AMD
TCR,ATQ
TCR,IXB
TCR,BKK
TCR,BLR
TCR,BBI
TCR,IXC
TCR,MAA
TCR,CJB
TCR,CMB
TCR,DED
TCR,DEL
TCR,DAC
TCR,DIB
TCR,DMU
TCR,DOH
TCR,DXB
TCR,GOI
TCR,GOP
TCR,GAU
TCR,HBX
TCR,HYD
TCR,IMF
TCR,IDR
TCR,JAI
TCR,IXJ
TCR,JRH
TCR,KTM
TCR,COK
TCR,CCU
TCR,CCJ
TCR,LKO
TCR,IXM
TCR,IXE
TCR,BOM
TCR,MCT
TCR,NAG
TCR,PAT
TCR,IXZ
TCR,PNQ
TCR,RPR
TCR,RJA
TCR,IXR
TCR,SHJ
TCR,SIN
TCR,SXR
TCR,STV
TCR,TRV
TCR,TRZ
TCR,TIR
TCR,UDR
TCR,BDQ
TCR,VNS
TCR,VGA
TCR,VTZ
UDR,IXA
UDR,AMD
UDR,ATQ
UDR,IXB
UDR,BKK
UDR,BLR
UDR,BBI
UDR,IXC
UDR,MAA
UDR,CJB
UDR,CMB
UDR,DED
UDR,DEL
UDR,DAC
UDR,DIB
UDR,DMU
UDR,DOH
UDR,DXB
UDR,GOI
UDR,GOP
UDR,GAU
UDR,HBX
UDR,HYD
UDR,IMF
UDR,IDR
UDR,JAI
UDR,IXJ
UDR,JRH
UDR,KTM
UDR,COK
UDR,CCU
UDR,CCJ
UDR,LKO
UDR,IXM
UDR,IXE
UDR,BOM
UDR,MCT
UDR,NAG
UDR,PAT
UDR,IXZ
UDR,PNQ
UDR,RPR
UDR,RJA
UDR,IXR
UDR,SHJ
UDR,SIN
UDR,SXR
UDR,STV
UDR,TRV
UDR,TRZ
UDR,TIR
UDR,TCR
UDR,BDQ
UDR,VNS
UDR,VGA
UDR,VTZ
BDQ,IXA
BDQ,AMD
BDQ,ATQ
BDQ,IXB
BDQ,BKK
BDQ,BLR
BDQ,BBI
BDQ,IXC
BDQ,MAA
BDQ,CJB
BDQ,CMB
BDQ,DED
BDQ,DEL
BDQ,DAC
BDQ,DIB
BDQ,DMU
BDQ,DOH
BDQ,DXB
BDQ,GOI
BDQ,GOP
BDQ,GAU
BDQ,HBX
BDQ,HYD
BDQ,IMF
BDQ,IDR
BDQ,JAI
BDQ,IXJ
BDQ,JRH
BDQ,KTM
BDQ,COK
BDQ,CCU
BDQ,CCJ
BDQ,LKO
BDQ,IXM
BDQ,IXE
BDQ,BOM
BDQ,MCT
BDQ,NAG
BDQ,PAT
BDQ,IXZ
BDQ,PNQ
BDQ,RPR
BDQ,RJA
BDQ,IXR
BDQ,SHJ
BDQ,SIN
BDQ,SXR
BDQ,STV
BDQ,TRV
BDQ,TRZ
BDQ,TIR
BDQ,TCR
BDQ,UDR
BDQ,VNS
BDQ,VGA
BDQ,VTZ
VNS,IXA
VNS,AMD
VNS,ATQ
VNS,IXB
VNS,BKK
VNS,BLR
VNS,BBI
VNS,IXC
VNS,MAA
VNS,CJB
VNS,CMB
VNS,DED
VNS,DEL
VNS,DAC
VNS,DIB
VNS,DMU
VNS,DOH
VNS,DXB
VNS,GOI
VNS,GOP
VNS,GAU
VNS,HBX
VNS,HYD
VNS,IMF
VNS,IDR
VNS,JAI
VNS,IXJ
VNS,JRH
VNS,KTM
VNS,COK
VNS,CCU
VNS,CCJ
VNS,LKO
VNS,IXM
VNS,IXE
VNS,BOM
VNS,MCT
VNS,NAG
VNS,PAT
VNS,IXZ
VNS,PNQ
VNS,RPR
VNS,RJA
VNS,IXR
VNS,SHJ
VNS,SIN
VNS,SXR
VNS,STV
VNS,TRV
VNS,TRZ
VNS,TIR
VNS,TCR
VNS,UDR
VNS,BDQ
VNS,VGA
VNS,VTZ
VGA,IXA
VGA,AMD
VGA,ATQ
VGA,IXB
VGA,BKK
VGA,BLR
VGA,BBI
VGA,IXC
VGA,MAA
VGA,CJB
VGA,CMB
VGA,DED
VGA,DEL
VGA,DAC
VGA,DIB
VGA,DMU
VGA,DOH
VGA,DXB
VGA,GOI
VGA,GOP
VGA,GAU
VGA,HBX
VGA,HYD
VGA,IMF
VGA,IDR
VGA,JAI
VGA,IXJ
VGA,JRH
VGA,KTM
VGA,COK
VGA,CCU
VGA,CCJ
VGA,LKO
VGA,IXM
VGA,IXE
VGA,BOM
VGA,MCT
VGA,NAG
VGA,PAT
VGA,IXZ
VGA,PNQ
VGA,RPR
VGA,RJA
VGA,IXR
VGA,SHJ
VGA,SIN
VGA,SXR
VGA,STV
VGA,TRV
VGA,TRZ
VGA,TIR
VGA,TCR
VGA,UDR
VGA,BDQ
VGA,VNS
VGA,VTZ
VTZ,IXA
VTZ,AMD
VTZ,ATQ
VTZ,IXB
VTZ,BKK
VTZ,BLR
VTZ,BBI
VTZ,IXC
VTZ,MAA
VTZ,CJB
VTZ,CMB
VTZ,DED
VTZ,DEL
VTZ,DAC
VTZ,DIB
VTZ,DMU
VTZ,DOH
VTZ,DXB
VTZ,GOI
VTZ,GOP
VTZ,GAU
VTZ,HBX
VTZ,HYD
VTZ,IMF
VTZ,IDR
VTZ,JAI
VTZ,IXJ
VTZ,JRH
VTZ,KTM
VTZ,COK
VTZ,CCU
VTZ,CCJ
VTZ,LKO
VTZ,IXM
VTZ,IXE
VTZ,BOM
VTZ,MCT
VTZ,NAG
VTZ,PAT
VTZ,IXZ
VTZ,PNQ
VTZ,RPR
VTZ,RJA
VTZ,IXR
VTZ,SHJ
VTZ,SIN
VTZ,SXR
VTZ,STV
VTZ,TRV
VTZ,TRZ
VTZ,TIR
VTZ,TCR
VTZ,UDR
VTZ,BDQ
VTZ,VNS
VTZ,VGA
