FSC,ETZ
FSC,AGF
FSC,GVA
FSC,BES
FSC,BOD
FSC,VCE
FSC,PGF
FSC,SXB
FSC,DCM
FSC,LDE
FSC,LYS
FSC,BRU
FSC,BIA
FSC,LIL
FSC,PIS
FSC,NTE
FSC,PUF
FSC,BIQ
FSC,TLS
FSC,UIP
FSC,HAM
FSC,NUE
FSC,MLH
FSC,URO
FSC,BLQ
FSC,PRG
FSC,MRS
FSC,AUR
FSC,CLY
FSC,AJA
FSC,DUS
FSC,TLN
FSC,ANE
FSC,CDG
FSC,ORY
FSC,LRH
FSC,MPL
FSC,CFE
FSC,MXP
FSC,LRT
FSC,BVE
FSC,RNS
FSC,FCO
FSC,CFR
FSC,NCE
ETZ,FSC
ETZ,AGF
ETZ,GVA
ETZ,BES
ETZ,BOD
ETZ,VCE
ETZ,PGF
ETZ,SXB
ETZ,DCM
ETZ,LDE
ETZ,LYS
ETZ,BRU
ETZ,BIA
ETZ,LIL
ETZ,PIS
ETZ,NTE
ETZ,PUF
ETZ,BIQ
ETZ,TLS
ETZ,UIP
ETZ,HAM
ETZ,NUE
ETZ,MLH
ETZ,URO
ETZ,BLQ
ETZ,PRG
ETZ,MRS
ETZ,AUR
ETZ,CLY
ETZ,AJA
ETZ,DUS
ETZ,TLN
ETZ,ANE
ETZ,CDG
ETZ,ORY
ETZ,LRH
ETZ,MPL
ETZ,CFE
ETZ,MXP
ETZ,LRT
ETZ,BVE
ETZ,RNS
ETZ,FCO
ETZ,CFR
ETZ,NCE
AGF,FSC
AGF,ETZ
AGF,GVA
AGF,BES
AGF,BOD
AGF,VCE
AGF,PGF
AGF,SXB
AGF,DCM
AGF,LDE
AGF,LYS
AGF,BRU
AGF,BIA
AGF,LIL
AGF,PIS
AGF,NTE
AGF,PUF
AGF,BIQ
AGF,TLS
AGF,UIP
AGF,HAM
AGF,NUE
AGF,MLH
AGF,URO
AGF,BLQ
AGF,PRG
AGF,MRS
AGF,AUR
AGF,CLY
AGF,AJA
AGF,DUS
AGF,TLN
AGF,ANE
AGF,CDG
AGF,ORY
AGF,LRH
AGF,MPL
AGF,CFE
AGF,MXP
AGF,LRT
AGF,BVE
AGF,RNS
AGF,FCO
AGF,CFR
AGF,NCE
GVA,FSC
GVA,ETZ
GVA,AGF
GVA,BES
GVA,BOD
GVA,VCE
GVA,PGF
GVA,SXB
GVA,DCM
GVA,LDE
GVA,LYS
GVA,BRU
GVA,BIA
GVA,LIL
GVA,PIS
GVA,NTE
GVA,PUF
GVA,BIQ
GVA,TLS
GVA,UIP
GVA,HAM
GVA,NUE
GVA,MLH
GVA,URO
GVA,BLQ
GVA,PRG
GVA,MRS
GVA,AUR
GVA,CLY
GVA,AJA
GVA,DUS
GVA,TLN
GVA,ANE
GVA,CDG
GVA,ORY
GVA,LRH
GVA,MPL
GVA,CFE
GVA,MXP
GVA,LRT
GVA,BVE
GVA,RNS
GVA,FCO
GVA,CFR
GVA,NCE
BES,FSC
BES,ETZ
BES,AGF
BES,GVA
BES,BOD
BES,VCE
BES,PGF
BES,SXB
BES,DCM
BES,LDE
BES,LYS
BES,BRU
BES,BIA
BES,LIL
BES,PIS
BES,NTE
BES,PUF
BES,BIQ
BES,TLS
BES,UIP
BES,HAM
BES,NUE
BES,MLH
BES,URO
BES,BLQ
BES,PRG
BES,MRS
BES,AUR
BES,CLY
BES,AJA
BES,DUS
BES,TLN
BES,ANE
BES,CDG
BES,ORY
BES,LRH
BES,MPL
BES,CFE
BES,MXP
BES,LRT
BES,BVE
BES,RNS
BES,FCO
BES,CFR
BES,NCE
BOD,FSC
BOD,ETZ
BOD,AGF
BOD,GVA
BOD,BES
BOD,VCE
BOD,PGF
BOD,SXB
BOD,DCM
BOD,LDE
BOD,LYS
BOD,BRU
BOD,BIA
BOD,LIL
BOD,PIS
BOD,NTE
BOD,PUF
BOD,BIQ
BOD,TLS
BOD,UIP
BOD,HAM
BOD,NUE
BOD,MLH
BOD,URO
BOD,BLQ
BOD,PRG
BOD,MRS
BOD,AUR
BOD,CLY
BOD,AJA
BOD,DUS
BOD,TLN
BOD,ANE
BOD,CDG
BOD,ORY
BOD,LRH
BOD,MPL
BOD,CFE
BOD,MXP
BOD,LRT
BOD,BVE
BOD,RNS
BOD,FCO
BOD,CFR
BOD,NCE
VCE,FSC
VCE,ETZ
VCE,AGF
VCE,GVA
VCE,BES
VCE,BOD
VCE,PGF
VCE,SXB
VCE,DCM
VCE,LDE
VCE,LYS
VCE,BRU
VCE,BIA
VCE,LIL
VCE,PIS
VCE,NTE
VCE,PUF
VCE,BIQ
VCE,TLS
VCE,UIP
VCE,HAM
VCE,NUE
VCE,MLH
VCE,URO
VCE,BLQ
VCE,PRG
VCE,MRS
VCE,AUR
VCE,CLY
VCE,AJA
VCE,DUS
VCE,TLN
VCE,ANE
VCE,CDG
VCE,ORY
VCE,LRH
VCE,MPL
VCE,CFE
VCE,MXP
VCE,LRT
VCE,BVE
VCE,RNS
VCE,FCO
VCE,CFR
VCE,NCE
PGF,FSC
PGF,ETZ
PGF,AGF
PGF,GVA
PGF,BES
PGF,BOD
PGF,VCE
PGF,SXB
PGF,DCM
PGF,LDE
PGF,LYS
PGF,BRU
PGF,BIA
PGF,LIL
PGF,PIS
PGF,NTE
PGF,PUF
PGF,BIQ
PGF,TLS
PGF,UIP
PGF,HAM
PGF,NUE
PGF,MLH
PGF,URO
PGF,BLQ
PGF,PRG
PGF,MRS
PGF,AUR
PGF,CLY
PGF,AJA
PGF,DUS
PGF,TLN
PGF,ANE
PGF,CDG
PGF,ORY
PGF,LRH
PGF,MPL
PGF,CFE
PGF,MXP
PGF,LRT
PGF,BVE
PGF,RNS
PGF,FCO
PGF,CFR
PGF,NCE
SXB,FSC
SXB,ETZ
SXB,AGF
SXB,GVA
SXB,BES
SXB,BOD
SXB,VCE
SXB,PGF
SXB,DCM
SXB,LDE
SXB,LYS
SXB,BRU
SXB,BIA
SXB,LIL
SXB,PIS
SXB,NTE
SXB,PUF
SXB,BIQ
SXB,TLS
SXB,UIP
SXB,HAM
SXB,NUE
SXB,MLH
SXB,URO
SXB,BLQ
SXB,PRG
SXB,MRS
SXB,AUR
SXB,CLY
SXB,AJA
SXB,DUS
SXB,TLN
SXB,ANE
SXB,CDG
SXB,ORY
SXB,LRH
SXB,MPL
SXB,CFE
SXB,MXP
SXB,LRT
SXB,BVE
SXB,RNS
SXB,FCO
SXB,CFR
SXB,NCE
DCM,FSC
DCM,ETZ
DCM,AGF
DCM,GVA
DCM,BES
DCM,BOD
DCM,VCE
DCM,PGF
DCM,SXB
DCM,LDE
DCM,LYS
DCM,BRU
DCM,BIA
DCM,LIL
DCM,PIS
DCM,NTE
DCM,PUF
DCM,BIQ
DCM,TLS
DCM,UIP
DCM,HAM
DCM,NUE
DCM,MLH
DCM,URO
DCM,BLQ
DCM,PRG
DCM,MRS
DCM,AUR
DCM,CLY
DCM,AJA
DCM,DUS
DCM,TLN
DCM,ANE
DCM,CDG
DCM,ORY
DCM,LRH
DCM,MPL
DCM,CFE
DCM,MXP
DCM,LRT
DCM,BVE
DCM,RNS
DCM,FCO
DCM,CFR
DCM,NCE
LDE,FSC
LDE,ETZ
LDE,AGF
LDE,GVA
LDE,BES
LDE,BOD
LDE,VCE
LDE,PGF
LDE,SXB
LDE,DCM
LDE,LYS
LDE,BRU
LDE,BIA
LDE,LIL
LDE,PIS
LDE,NTE
LDE,PUF
LDE,BIQ
LDE,TLS
LDE,UIP
LDE,HAM
LDE,NUE
LDE,MLH
LDE,URO
LDE,BLQ
LDE,PRG
LDE,MRS
LDE,AUR
LDE,CLY
LDE,AJA
LDE,DUS
LDE,TLN
LDE,ANE
LDE,CDG
LDE,ORY
LDE,LRH
LDE,MPL
LDE,CFE
LDE,MXP
LDE,LRT
LDE,BVE
LDE,RNS
LDE,FCO
LDE,CFR
LDE,NCE
LYS,FSC
LYS,ETZ
LYS,AGF
LYS,GVA
LYS,BES
LYS,BOD
LYS,VCE
LYS,PGF
LYS,SXB
LYS,DCM
LYS,LDE
LYS,BRU
LYS,BIA
LYS,LIL
LYS,PIS
LYS,NTE
LYS,PUF
LYS,BIQ
LYS,TLS
LYS,UIP
LYS,HAM
LYS,NUE
LYS,MLH
LYS,URO
LYS,BLQ
LYS,PRG
LYS,MRS
LYS,AUR
LYS,CLY
LYS,AJA
LYS,DUS
LYS,TLN
LYS,ANE
LYS,CDG
LYS,ORY
LYS,LRH
LYS,MPL
LYS,CFE
LYS,MXP
LYS,LRT
LYS,BVE
LYS,RNS
LYS,FCO
LYS,CFR
LYS,NCE
BRU,FSC
BRU,ETZ
BRU,AGF
BRU,GVA
BRU,BES
BRU,BOD
BRU,VCE
BRU,PGF
BRU,SXB
BRU,DCM
BRU,LDE
BRU,LYS
BRU,BIA
BRU,LIL
BRU,PIS
BRU,NTE
BRU,PUF
BRU,BIQ
BRU,TLS
BRU,UIP
BRU,HAM
BRU,NUE
BRU,MLH
BRU,URO
BRU,BLQ
BRU,PRG
BRU,MRS
BRU,AUR
BRU,CLY
BRU,AJA
BRU,DUS
BRU,TLN
BRU,ANE
BRU,CDG
BRU,ORY
BRU,LRH
BRU,MPL
BRU,CFE
BRU,MXP
BRU,LRT
BRU,BVE
BRU,RNS
BRU,FCO
BRU,CFR
BRU,NCE
BIA,FSC
BIA,ETZ
BIA,AGF
BIA,GVA
BIA,BES
BIA,BOD
BIA,VCE
BIA,PGF
BIA,SXB
BIA,DCM
BIA,LDE
BIA,LYS
BIA,BRU
BIA,LIL
BIA,PIS
BIA,NTE
BIA,PUF
BIA,BIQ
BIA,TLS
BIA,UIP
BIA,HAM
BIA,NUE
BIA,MLH
BIA,URO
BIA,BLQ
BIA,PRG
BIA,MRS
BIA,AUR
BIA,CLY
BIA,AJA
BIA,DUS
BIA,TLN
BIA,ANE
BIA,CDG
BIA,ORY
BIA,LRH
BIA,MPL
BIA,CFE
BIA,MXP
BIA,LRT
BIA,BVE
BIA,RNS
BIA,FCO
BIA,CFR
BIA,NCE
LIL,FSC
LIL,ETZ
LIL,AGF
LIL,GVA
LIL,BES
LIL,BOD
LIL,VCE
LIL,PGF
LIL,SXB
LIL,DCM
LIL,LDE
LIL,LYS
LIL,BRU
LIL,BIA
LIL,PIS
LIL,NTE
LIL,PUF
LIL,BIQ
LIL,TLS
LIL,UIP
LIL,HAM
LIL,NUE
LIL,MLH
LIL,URO
LIL,BLQ
LIL,PRG
LIL,MRS
LIL,AUR
LIL,CLY
LIL,AJA
LIL,DUS
LIL,TLN
LIL,ANE
LIL,CDG
LIL,ORY
LIL,LRH
LIL,MPL
LIL,CFE
LIL,MXP
LIL,LRT
LIL,BVE
LIL,RNS
LIL,FCO
LIL,CFR
LIL,NCE
PIS,FSC
PIS,ETZ
PIS,AGF
PIS,GVA
PIS,BES
PIS,BOD
PIS,VCE
PIS,PGF
PIS,SXB
PIS,DCM
PIS,LDE
PIS,LYS
PIS,BRU
PIS,BIA
PIS,LIL
PIS,NTE
PIS,PUF
PIS,BIQ
PIS,TLS
PIS,UIP
PIS,HAM
PIS,NUE
PIS,MLH
PIS,URO
PIS,BLQ
PIS,PRG
PIS,MRS
PIS,AUR
PIS,CLY
PIS,AJA
PIS,DUS
PIS,TLN
PIS,ANE
PIS,CDG
PIS,ORY
PIS,LRH
PIS,MPL
PIS,CFE
PIS,MXP
PIS,LRT
PIS,BVE
PIS,RNS
PIS,FCO
PIS,CFR
PIS,NCE
NTE,FSC
NTE,ETZ
NTE,AGF
NTE,GVA
NTE,BES
NTE,BOD
NTE,VCE
NTE,PGF
NTE,SXB
NTE,DCM
NTE,LDE
NTE,LYS
NTE,BRU
NTE,BIA
NTE,LIL
NTE,PIS
NTE,PUF
NTE,BIQ
NTE,TLS
NTE,UIP
NTE,HAM
NTE,NUE
NTE,MLH
NTE,URO
NTE,BLQ
NTE,PRG
NTE,MRS
NTE,AUR
NTE,CLY
NTE,AJA
NTE,DUS
NTE,TLN
NTE,ANE
NTE,CDG
NTE,ORY
NTE,LRH
NTE,MPL
NTE,CFE
NTE,MXP
NTE,LRT
NTE,BVE
NTE,RNS
NTE,FCO
NTE,CFR
NTE,NCE
PUF,FSC
PUF,ETZ
PUF,AGF
PUF,GVA
PUF,BES
PUF,BOD
PUF,VCE
PUF,PGF
PUF,SXB
PUF,DCM
PUF,LDE
PUF,LYS
PUF,BRU
PUF,BIA
PUF,LIL
PUF,PIS
PUF,NTE
PUF,BIQ
PUF,TLS
PUF,UIP
PUF,HAM
PUF,NUE
PUF,MLH
PUF,URO
PUF,BLQ
PUF,PRG
PUF,MRS
PUF,AUR
PUF,CLY
PUF,AJA
PUF,DUS
PUF,TLN
PUF,ANE
PUF,CDG
PUF,ORY
PUF,LRH
PUF,MPL
PUF,CFE
PUF,MXP
PUF,LRT
PUF,BVE
PUF,RNS
PUF,FCO
PUF,CFR
PUF,NCE
BIQ,FSC
BIQ,ETZ
BIQ,AGF
BIQ,GVA
BIQ,BES
BIQ,BOD
BIQ,VCE
BIQ,PGF
BIQ,SXB
BIQ,DCM
BIQ,LDE
BIQ,LYS
BIQ,BRU
BIQ,BIA
BIQ,LIL
BIQ,PIS
BIQ,NTE
BIQ,PUF
BIQ,TLS
BIQ,UIP
BIQ,HAM
BIQ,NUE
BIQ,MLH
BIQ,URO
BIQ,BLQ
BIQ,PRG
BIQ,MRS
BIQ,AUR
BIQ,CLY
BIQ,AJA
BIQ,DUS
BIQ,TLN
BIQ,ANE
BIQ,CDG
BIQ,ORY
BIQ,LRH
BIQ,MPL
BIQ,CFE
BIQ,MXP
BIQ,LRT
BIQ,BVE
BIQ,RNS
BIQ,FCO
BIQ,CFR
BIQ,NCE
TLS,FSC
TLS,ETZ
TLS,AGF
TLS,GVA
TLS,BES
TLS,BOD
TLS,VCE
TLS,PGF
TLS,SXB
TLS,DCM
TLS,LDE
TLS,LYS
TLS,BRU
TLS,BIA
TLS,LIL
TLS,PIS
TLS,NTE
TLS,PUF
TLS,BIQ
TLS,UIP
TLS,HAM
TLS,NUE
TLS,MLH
TLS,URO
TLS,BLQ
TLS,PRG
TLS,MRS
TLS,AUR
TLS,CLY
TLS,AJA
TLS,DUS
TLS,TLN
TLS,ANE
TLS,CDG
TLS,ORY
TLS,LRH
TLS,MPL
TLS,CFE
TLS,MXP
TLS,LRT
TLS,BVE
TLS,RNS
TLS,FCO
TLS,CFR
TLS,NCE
UIP,FSC
UIP,ETZ
UIP,AGF
UIP,GVA
UIP,BES
UIP,BOD
UIP,VCE
UIP,PGF
UIP,SXB
UIP,DCM
UIP,LDE
UIP,LYS
UIP,BRU
UIP,BIA
UIP,LIL
UIP,PIS
UIP,NTE
UIP,PUF
UIP,BIQ
UIP,TLS
UIP,HAM
UIP,NUE
UIP,MLH
UIP,URO
UIP,BLQ
UIP,PRG
UIP,MRS
UIP,AUR
UIP,CLY
UIP,AJA
UIP,DUS
UIP,TLN
UIP,ANE
UIP,CDG
UIP,ORY
UIP,LRH
UIP,MPL
UIP,CFE
UIP,MXP
UIP,LRT
UIP,BVE
UIP,RNS
UIP,FCO
UIP,CFR
UIP,NCE
HAM,FSC
HAM,ETZ
HAM,AGF
HAM,GVA
HAM,BES
HAM,BOD
HAM,VCE
HAM,PGF
HAM,SXB
HAM,DCM
HAM,LDE
HAM,LYS
HAM,BRU
HAM,BIA
HAM,LIL
HAM,PIS
HAM,NTE
HAM,PUF
HAM,BIQ
HAM,TLS
HAM,UIP
HAM,NUE
HAM,MLH
HAM,URO
HAM,BLQ
HAM,PRG
HAM,MRS
HAM,AUR
HAM,CLY
HAM,AJA
HAM,DUS
HAM,TLN
HAM,ANE
HAM,CDG
HAM,ORY
HAM,LRH
HAM,MPL
HAM,CFE
HAM,MXP
HAM,LRT
HAM,BVE
HAM,RNS
HAM,FCO
HAM,CFR
HAM,NCE
NUE,FSC
NUE,ETZ
NUE,AGF
NUE,GVA
NUE,BES
NUE,BOD
NUE,VCE
NUE,PGF
NUE,SXB
NUE,DCM
NUE,LDE
NUE,LYS
NUE,BRU
NUE,BIA
NUE,LIL
NUE,PIS
NUE,NTE
NUE,PUF
NUE,BIQ
NUE,TLS
NUE,UIP
NUE,HAM
NUE,MLH
NUE,URO
NUE,BLQ
NUE,PRG
NUE,MRS
NUE,AUR
NUE,CLY
NUE,AJA
NUE,DUS
NUE,TLN
NUE,ANE
NUE,CDG
NUE,ORY
NUE,LRH
NUE,MPL
NUE,CFE
NUE,MXP
NUE,LRT
NUE,BVE
NUE,RNS
NUE,FCO
NUE,CFR
NUE,NCE
MLH,FSC
MLH,ETZ
MLH,AGF
MLH,GVA
MLH,BES
MLH,BOD
MLH,VCE
MLH,PGF
MLH,SXB
MLH,DCM
MLH,LDE
MLH,LYS
MLH,BRU
MLH,BIA
MLH,LIL
MLH,PIS
MLH,NTE
MLH,PUF
MLH,BIQ
MLH,TLS
MLH,UIP
MLH,HAM
MLH,NUE
MLH,URO
MLH,BLQ
MLH,PRG
MLH,MRS
MLH,AUR
MLH,CLY
MLH,AJA
MLH,DUS
MLH,TLN
MLH,ANE
MLH,CDG
MLH,ORY
MLH,LRH
MLH,MPL
MLH,CFE
MLH,MXP
MLH,LRT
MLH,BVE
MLH,RNS
MLH,FCO
MLH,CFR
URO,FSC
URO,ETZ
URO,AGF
URO,GVA
URO,BES
URO,BOD
URO,VCE
URO,PGF
URO,SXB
URO,DCM
URO,LDE
URO,LYS
URO,BRU
URO,BIA
URO,LIL
URO,PIS
URO,NTE
URO,PUF
URO,BIQ
URO,TLS
URO,UIP
URO,HAM
URO,NUE
URO,MLH
URO,BLQ
URO,PRG
URO,MRS
URO,AUR
URO,CLY
URO,AJA
URO,DUS
URO,TLN
URO,ANE
URO,CDG
URO,ORY
URO,LRH
URO,MPL
URO,CFE
URO,MXP
URO,LRT
URO,BVE
URO,RNS
URO,FCO
URO,CFR
URO,NCE
BLQ,FSC
BLQ,ETZ
BLQ,AGF
BLQ,GVA
BLQ,BES
BLQ,BOD
BLQ,VCE
BLQ,PGF
BLQ,SXB
BLQ,DCM
BLQ,LDE
BLQ,LYS
BLQ,BRU
BLQ,BIA
BLQ,LIL
BLQ,PIS
BLQ,NTE
BLQ,PUF
BLQ,BIQ
BLQ,TLS
BLQ,UIP
BLQ,HAM
BLQ,NUE
BLQ,MLH
BLQ,URO
BLQ,PRG
BLQ,MRS
BLQ,AUR
BLQ,CLY
BLQ,AJA
BLQ,DUS
BLQ,TLN
BLQ,ANE
BLQ,CDG
BLQ,ORY
BLQ,LRH
BLQ,MPL
BLQ,CFE
BLQ,MXP
BLQ,LRT
BLQ,BVE
BLQ,RNS
BLQ,FCO
BLQ,CFR
BLQ,NCE
PRG,FSC
PRG,ETZ
PRG,AGF
PRG,GVA
PRG,BES
PRG,BOD
PRG,VCE
PRG,PGF
PRG,SXB
PRG,DCM
PRG,LDE
PRG,LYS
PRG,BRU
PRG,BIA
PRG,LIL
PRG,PIS
PRG,NTE
PRG,PUF
PRG,BIQ
PRG,TLS
PRG,UIP
PRG,HAM
PRG,NUE
PRG,MLH
PRG,URO
PRG,BLQ
PRG,MRS
PRG,AUR
PRG,CLY
PRG,AJA
PRG,DUS
PRG,TLN
PRG,ANE
PRG,CDG
PRG,ORY
PRG,LRH
PRG,MPL
PRG,CFE
PRG,MXP
PRG,LRT
PRG,BVE
PRG,RNS
PRG,FCO
PRG,CFR
PRG,NCE
MRS,FSC
MRS,ETZ
MRS,AGF
MRS,GVA
MRS,BES
MRS,BOD
MRS,VCE
MRS,PGF
MRS,SXB
MRS,DCM
MRS,LDE
MRS,LYS
MRS,BRU
MRS,BIA
MRS,LIL
MRS,PIS
MRS,NTE
MRS,PUF
MRS,BIQ
MRS,TLS
MRS,UIP
MRS,HAM
MRS,NUE
MRS,MLH
MRS,URO
MRS,BLQ
MRS,PRG
MRS,AUR
MRS,CLY
MRS,AJA
MRS,DUS
MRS,TLN
MRS,ANE
MRS,CDG
MRS,ORY
MRS,LRH
MRS,MPL
MRS,CFE
MRS,MXP
MRS,LRT
MRS,BVE
MRS,RNS
MRS,FCO
MRS,CFR
MRS,NCE
AUR,FSC
AUR,ETZ
AUR,AGF
AUR,GVA
AUR,BES
AUR,BOD
AUR,VCE
AUR,PGF
AUR,SXB
AUR,DCM
AUR,LDE
AUR,LYS
AUR,BRU
AUR,BIA
AUR,LIL
AUR,PIS
AUR,NTE
AUR,PUF
AUR,BIQ
AUR,TLS
AUR,UIP
AUR,HAM
AUR,NUE
AUR,MLH
AUR,URO
AUR,BLQ
AUR,PRG
AUR,MRS
AUR,CLY
AUR,AJA
AUR,DUS
AUR,TLN
AUR,ANE
AUR,CDG
AUR,ORY
AUR,LRH
AUR,MPL
AUR,CFE
AUR,MXP
AUR,LRT
AUR,BVE
AUR,RNS
AUR,FCO
AUR,CFR
AUR,NCE
CLY,FSC
CLY,ETZ
CLY,AGF
CLY,GVA
CLY,BES
CLY,BOD
CLY,VCE
CLY,PGF
CLY,SXB
CLY,DCM
CLY,LDE
CLY,LYS
CLY,BRU
CLY,BIA
CLY,LIL
CLY,PIS
CLY,NTE
CLY,PUF
CLY,BIQ
CLY,TLS
CLY,UIP
CLY,HAM
CLY,NUE
CLY,MLH
CLY,URO
CLY,BLQ
CLY,PRG
CLY,MRS
CLY,AUR
CLY,AJA
CLY,DUS
CLY,TLN
CLY,ANE
CLY,CDG
CLY,ORY
CLY,LRH
CLY,MPL
CLY,CFE
CLY,MXP
CLY,LRT
CLY,BVE
CLY,RNS
CLY,FCO
CLY,CFR
CLY,NCE
AJA,FSC
AJA,ETZ
AJA,AGF
AJA,GVA
AJA,BES
AJA,BOD
AJA,VCE
AJA,PGF
AJA,SXB
AJA,DCM
AJA,LDE
AJA,LYS
AJA,BRU
AJA,BIA
AJA,LIL
AJA,PIS
AJA,NTE
AJA,PUF
AJA,BIQ
AJA,TLS
AJA,UIP
AJA,HAM
AJA,NUE
AJA,MLH
AJA,URO
AJA,BLQ
AJA,PRG
AJA,MRS
AJA,AUR
AJA,CLY
AJA,DUS
AJA,TLN
AJA,ANE
AJA,CDG
AJA,ORY
AJA,LRH
AJA,MPL
AJA,CFE
AJA,MXP
AJA,LRT
AJA,BVE
AJA,RNS
AJA,FCO
AJA,CFR
AJA,NCE
DUS,FSC
DUS,ETZ
DUS,AGF
DUS,GVA
DUS,BES
DUS,BOD
DUS,VCE
DUS,PGF
DUS,SXB
DUS,DCM
DUS,LDE
DUS,LYS
DUS,BRU
DUS,BIA
DUS,LIL
DUS,PIS
DUS,NTE
DUS,PUF
DUS,BIQ
DUS,TLS
DUS,UIP
DUS,HAM
DUS,NUE
DUS,MLH
DUS,URO
DUS,BLQ
DUS,PRG
DUS,MRS
DUS,AUR
DUS,CLY
DUS,AJA
DUS,TLN
DUS,ANE
DUS,CDG
DUS,ORY
DUS,LRH
DUS,MPL
DUS,CFE
DUS,MXP
DUS,LRT
DUS,BVE
DUS,RNS
DUS,FCO
DUS,CFR
DUS,NCE
TLN,FSC
TLN,ETZ
TLN,AGF
TLN,GVA
TLN,BES
TLN,BOD
TLN,VCE
TLN,PGF
TLN,SXB
TLN,DCM
TLN,LDE
TLN,LYS
TLN,BRU
TLN,BIA
TLN,LIL
TLN,PIS
TLN,NTE
TLN,PUF
TLN,BIQ
TLN,TLS
TLN,UIP
TLN,HAM
TLN,NUE
TLN,MLH
TLN,URO
TLN,BLQ
TLN,PRG
TLN,MRS
TLN,AUR
TLN,CLY
TLN,AJA
TLN,DUS
TLN,ANE
TLN,CDG
TLN,ORY
TLN,LRH
TLN,MPL
TLN,CFE
TLN,MXP
TLN,LRT
TLN,BVE
TLN,RNS
TLN,FCO
TLN,CFR
TLN,NCE
ANE,FSC
ANE,ETZ
ANE,AGF
ANE,GVA
ANE,BES
ANE,BOD
ANE,VCE
ANE,PGF
ANE,SXB
ANE,DCM
ANE,LDE
ANE,LYS
ANE,BRU
ANE,BIA
ANE,LIL
ANE,PIS
ANE,NTE
ANE,PUF
ANE,BIQ
ANE,TLS
ANE,UIP
ANE,HAM
ANE,NUE
ANE,MLH
ANE,URO
ANE,BLQ
ANE,PRG
ANE,MRS
ANE,AUR
ANE,CLY
ANE,AJA
ANE,DUS
ANE,TLN
ANE,CDG
ANE,ORY
ANE,LRH
ANE,MPL
ANE,CFE
ANE,MXP
ANE,LRT
ANE,BVE
ANE,RNS
ANE,FCO
ANE,CFR
ANE,NCE
CDG,FSC
CDG,ETZ
CDG,AGF
CDG,GVA
CDG,BES
CDG,BOD
CDG,VCE
CDG,PGF
CDG,SXB
CDG,DCM
CDG,LDE
CDG,LYS
CDG,BRU
CDG,BIA
CDG,LIL
CDG,PIS
CDG,NTE
CDG,PUF
CDG,BIQ
CDG,TLS
CDG,UIP
CDG,HAM
CDG,NUE
CDG,MLH
CDG,URO
CDG,BLQ
CDG,PRG
CDG,MRS
CDG,AUR
CDG,CLY
CDG,AJA
CDG,DUS
CDG,TLN
CDG,ANE
CDG,ORY
CDG,LRH
CDG,MPL
CDG,CFE
CDG,MXP
CDG,LRT
CDG,BVE
CDG,RNS
CDG,FCO
CDG,CFR
CDG,NCE
ORY,FSC
ORY,ETZ
ORY,AGF
ORY,GVA
ORY,BES
ORY,BOD
ORY,VCE
ORY,PGF
ORY,SXB
ORY,DCM
ORY,LDE
ORY,LYS
ORY,BRU
ORY,BIA
ORY,LIL
ORY,PIS
ORY,NTE
ORY,PUF
ORY,BIQ
ORY,TLS
ORY,UIP
ORY,HAM
ORY,NUE
ORY,MLH
ORY,URO
ORY,BLQ
ORY,PRG
ORY,MRS
ORY,AUR
ORY,CLY
ORY,AJA
ORY,DUS
ORY,TLN
ORY,ANE
ORY,CDG
ORY,LRH
ORY,MPL
ORY,CFE
ORY,MXP
ORY,LRT
ORY,BVE
ORY,RNS
ORY,FCO
ORY,CFR
ORY,NCE
LRH,FSC
LRH,ETZ
LRH,AGF
LRH,GVA
LRH,BES
LRH,BOD
LRH,VCE
LRH,PGF
LRH,SXB
LRH,DCM
LRH,LDE
LRH,LYS
LRH,BRU
LRH,BIA
LRH,LIL
LRH,PIS
LRH,NTE
LRH,PUF
LRH,BIQ
LRH,TLS
LRH,UIP
LRH,HAM
LRH,NUE
LRH,MLH
LRH,URO
LRH,BLQ
LRH,PRG
LRH,MRS
LRH,AUR
LRH,CLY
LRH,AJA
LRH,DUS
LRH,TLN
LRH,ANE
LRH,CDG
LRH,ORY
LRH,MPL
LRH,CFE
LRH,MXP
LRH,LRT
LRH,BVE
LRH,RNS
LRH,FCO
LRH,CFR
LRH,NCE
MPL,FSC
MPL,ETZ
MPL,AGF
MPL,GVA
MPL,BES
MPL,BOD
MPL,VCE
MPL,PGF
MPL,SXB
MPL,DCM
MPL,LDE
MPL,LYS
MPL,BRU
MPL,BIA
MPL,LIL
MPL,PIS
MPL,NTE
MPL,PUF
MPL,BIQ
MPL,TLS
MPL,UIP
MPL,HAM
MPL,NUE
MPL,MLH
MPL,URO
MPL,BLQ
MPL,PRG
MPL,MRS
MPL,AUR
MPL,CLY
MPL,AJA
MPL,DUS
MPL,TLN
MPL,ANE
MPL,CDG
MPL,ORY
MPL,LRH
MPL,CFE
MPL,MXP
MPL,LRT
MPL,BVE
MPL,RNS
MPL,FCO
MPL,CFR
MPL,NCE
CFE,FSC
CFE,ETZ
CFE,AGF
CFE,GVA
CFE,BES
CFE,BOD
CFE,VCE
CFE,PGF
CFE,SXB
CFE,DCM
CFE,LDE
CFE,LYS
CFE,BRU
CFE,BIA
CFE,LIL
CFE,PIS
CFE,NTE
CFE,PUF
CFE,BIQ
CFE,TLS
CFE,UIP
CFE,HAM
CFE,NUE
CFE,MLH
CFE,URO
CFE,BLQ
CFE,PRG
CFE,MRS
CFE,AUR
CFE,CLY
CFE,AJA
CFE,DUS
CFE,TLN
CFE,ANE
CFE,CDG
CFE,ORY
CFE,LRH
CFE,MPL
CFE,MXP
CFE,LRT
CFE,BVE
CFE,RNS
CFE,FCO
CFE,CFR
CFE,NCE
MXP,FSC
MXP,ETZ
MXP,AGF
MXP,GVA
MXP,BES
MXP,BOD
MXP,VCE
MXP,PGF
MXP,SXB
MXP,DCM
MXP,LDE
MXP,LYS
MXP,BRU
MXP,BIA
MXP,LIL
MXP,PIS
MXP,NTE
MXP,PUF
MXP,BIQ
MXP,TLS
MXP,UIP
MXP,HAM
MXP,NUE
MXP,MLH
MXP,URO
MXP,BLQ
MXP,PRG
MXP,MRS
MXP,AUR
MXP,CLY
MXP,AJA
MXP,DUS
MXP,TLN
MXP,ANE
MXP,CDG
MXP,ORY
MXP,LRH
MXP,MPL
MXP,CFE
MXP,LRT
MXP,BVE
MXP,RNS
MXP,FCO
MXP,CFR
MXP,NCE
LRT,FSC
LRT,ETZ
LRT,AGF
LRT,GVA
LRT,BES
LRT,BOD
LRT,VCE
LRT,PGF
LRT,SXB
LRT,DCM
LRT,LDE
LRT,LYS
LRT,BRU
LRT,BIA
LRT,LIL
LRT,PIS
LRT,NTE
LRT,PUF
LRT,BIQ
LRT,TLS
LRT,UIP
LRT,HAM
LRT,NUE
LRT,MLH
LRT,URO
LRT,BLQ
LRT,PRG
LRT,MRS
LRT,AUR
LRT,CLY
LRT,AJA
LRT,DUS
LRT,TLN
LRT,ANE
LRT,CDG
LRT,ORY
LRT,LRH
LRT,MPL
LRT,CFE
LRT,MXP
LRT,BVE
LRT,RNS
LRT,FCO
LRT,CFR
LRT,NCE
BVE,FSC
BVE,ETZ
BVE,AGF
BVE,GVA
BVE,BES
BVE,BOD
BVE,VCE
BVE,PGF
BVE,SXB
BVE,DCM
BVE,LDE
BVE,LYS
BVE,BRU
BVE,BIA
BVE,LIL
BVE,PIS
BVE,NTE
BVE,PUF
BVE,BIQ
BVE,TLS
BVE,UIP
BVE,HAM
BVE,NUE
BVE,MLH
BVE,URO
BVE,BLQ
BVE,PRG
BVE,MRS
BVE,AUR
BVE,CLY
BVE,AJA
BVE,DUS
BVE,TLN
BVE,ANE
BVE,CDG
BVE,ORY
BVE,LRH
BVE,MPL
BVE,CFE
BVE,MXP
BVE,LRT
BVE,RNS
BVE,FCO
BVE,CFR
BVE,NCE
RNS,FSC
RNS,ETZ
RNS,AGF
RNS,GVA
RNS,BES
RNS,BOD
RNS,VCE
RNS,PGF
RNS,SXB
RNS,DCM
RNS,LDE
RNS,LYS
RNS,BRU
RNS,BIA
RNS,LIL
RNS,PIS
RNS,NTE
RNS,PUF
RNS,BIQ
RNS,TLS
RNS,UIP
RNS,HAM
RNS,NUE
RNS,MLH
RNS,URO
RNS,BLQ
RNS,PRG
RNS,MRS
RNS,AUR
RNS,CLY
RNS,AJA
RNS,DUS
RNS,TLN
RNS,ANE
RNS,CDG
RNS,ORY
RNS,LRH
RNS,MPL
RNS,CFE
RNS,MXP
RNS,LRT
RNS,BVE
RNS,FCO
RNS,CFR
RNS,NCE
FCO,FSC
FCO,ETZ
FCO,AGF
FCO,GVA
FCO,BES
FCO,BOD
FCO,VCE
FCO,PGF
FCO,SXB
FCO,DCM
FCO,LDE
FCO,LYS
FCO,BRU
FCO,BIA
FCO,LIL
FCO,PIS
FCO,NTE
FCO,PUF
FCO,BIQ
FCO,TLS
FCO,UIP
FCO,HAM
FCO,NUE
FCO,MLH
FCO,URO
FCO,BLQ
FCO,PRG
FCO,MRS
FCO,AUR
FCO,CLY
FCO,AJA
FCO,DUS
FCO,TLN
FCO,ANE
FCO,CDG
FCO,ORY
FCO,LRH
FCO,MPL
FCO,CFE
FCO,MXP
FCO,LRT
FCO,BVE
FCO,RNS
FCO,CFR
FCO,NCE
CFR,FSC
CFR,ETZ
CFR,AGF
CFR,GVA
CFR,BES
CFR,BOD
CFR,VCE
CFR,PGF
CFR,SXB
CFR,DCM
CFR,LDE
CFR,LYS
CFR,BRU
CFR,BIA
CFR,LIL
CFR,PIS
CFR,NTE
CFR,PUF
CFR,BIQ
CFR,TLS
CFR,UIP
CFR,HAM
CFR,NUE
CFR,MLH
CFR,URO
CFR,BLQ
CFR,PRG
CFR,MRS
CFR,AUR
CFR,CLY
CFR,AJA
CFR,DUS
CFR,TLN
CFR,ANE
CFR,CDG
CFR,ORY
CFR,LRH
CFR,MPL
CFR,CFE
CFR,MXP
CFR,LRT
CFR,BVE
CFR,RNS
CFR,FCO
CFR,NCE
NCE,FSC
NCE,ETZ
NCE,AGF
NCE,GVA
NCE,BES
NCE,BOD
NCE,VCE
NCE,PGF
NCE,SXB
NCE,DCM
NCE,LDE
NCE,LYS
NCE,BRU
NCE,BIA
NCE,LIL
NCE,PIS
NCE,NTE
NCE,PUF
NCE,BIQ
NCE,TLS
NCE,UIP
NCE,HAM
NCE,NUE
NCE,URO
NCE,BLQ
NCE,PRG
NCE,MRS
NCE,AUR
NCE,CLY
NCE,AJA
NCE,DUS
NCE,TLN
NCE,ANE
NCE,CDG
NCE,ORY
NCE,LRH
NCE,MPL
NCE,CFE
NCE,MXP
NCE,LRT
NCE,BVE
NCE,RNS
NCE,FCO
NCE,CFR
