KEF,CPH
KEF,BRU
KEF,CDG
KEF,ALC
KEF,AMS
KEF,BCN
KEF,LGW
KEF,LYS
KEF,MXP
KEF,SXF
KEF,SZG
KEF,WAW
KEF,DUS
KEF,DUB
KEF,BOS
KEF,BWI
KEF,TFS
KEF,YUL
KEF,YYZ
KEF,LPA
KEF,FRA
KEF,EDI
KEF,SFO
KEF,LAX
KEF,EWR
KEF,ARN
KEF,PIT
KEF,ORD
KEF,TLV
KEF,CVG
KEF,CLE
KEF,DTW
KEF,STL
KEF,STN
KEF,DFW
KEF,JFK
KEF,DEL
ALC,KEF
ALC,YUL
ALC,SFO
ALC,LAX
ALC,BWI
ALC,BOS
ALC,YYZ
ALC,EWR
ALC,PIT
ALC,ORD
ALC,DTW
ALC,CLE
ALC,CVG
ALC,DFW
ALC,JFK
ALC,STL
AMS,KEF
AMS,BOS
AMS,YUL
AMS,YYZ
AMS,BWI
AMS,LAX
AMS,SFO
AMS,EWR
AMS,PIT
AMS,ORD
AMS,TLV
AMS,STL
AMS,DTW
AMS,CLE
AMS,CVG
AMS,DFW
AMS,JFK
BCN,KEF
BCN,BOS
BCN,YYZ
BCN,BWI
BCN,LAX
BCN,SFO
BCN,YUL
BCN,EWR
BCN,PIT
BCN,ORD
BCN,CVG
BCN,DFW
BCN,DTW
BCN,STL
BCN,CLE
BCN,JFK
BOS,AMS
BOS,FRA
BOS,DUB
BOS,SXF
BOS,LGW
BOS,KEF
BOS,CPH
BOS,CDG
BOS,DUS
BOS,WAW
BOS,BCN
BOS,EDI
BOS,MXP
BOS,LYS
BOS,ALC
BOS,ARN
BOS,TFS
BOS,LPA
BOS,BRU
BOS,TLV
BOS,STN
BOS,SZG
BOS,DEL
BRU,KEF
BRU,BOS
BRU,BWI
BRU,EWR
BRU,LAX
BRU,SFO
BRU,YYZ
BRU,YUL
BRU,PIT
BRU,ORD
BRU,STL
BRU,DTW
BRU,DFW
BRU,CVG
BRU,CLE
BRU,JFK
BWI,SXF
BWI,KEF
BWI,DUB
BWI,CPH
BWI,CDG
BWI,AMS
BWI,LGW
BWI,FRA
BWI,DUS
BWI,EDI
BWI,ALC
BWI,BCN
BWI,WAW
BWI,MXP
BWI,LYS
BWI,ARN
BWI,LPA
BWI,TFS
BWI,BRU
BWI,TLV
BWI,STN
BWI,BWI
BWI,SZG
BWI,DEL
CDG,BOS
CDG,YYZ
CDG,BWI
CDG,KEF
CDG,YUL
CDG,LAX
CDG,SFO
CDG,EWR
CDG,PIT
CDG,ORD
CDG,TLV
CDG,DTW
CDG,STL
CDG,CVG
CDG,CLE
CDG,DFW
CDG,JFK
CPH,YYZ
CPH,KEF
CPH,BWI
CPH,YUL
CPH,BOS
CPH,LAX
CPH,SFO
CPH,EWR
CPH,PIT
CPH,ORD
CPH,STL
CPH,DTW
CPH,CVG
CPH,CLE
CPH,DFW
CPH,JFK
DUB,YYZ
DUB,BOS
DUB,YUL
DUB,BWI
DUB,KEF
DUB,LAX
DUB,SFO
DUB,EWR
DUB,PIT
DUB,ORD
DUB,TLV
DUB,CVG
DUB,CLE
DUB,STL
DUB,DTW
DUB,DFW
DUB,JFK
DUS,YYZ
DUS,KEF
DUS,YUL
DUS,BWI
DUS,BOS
DUS,SFO
DUS,LAX
DUS,EWR
DUS,PIT
DUS,ORD
DUS,DTW
DUS,STL
DUS,CLE
DUS,CVG
DUS,DFW
DUS,JFK
FRA,YYZ
FRA,BOS
FRA,KEF
FRA,YUL
FRA,BWI
FRA,LAX
FRA,SFO
FRA,EWR
FRA,PIT
FRA,ORD
FRA,CLE
FRA,DTW
FRA,STL
FRA,CVG
FRA,DFW
FRA,JFK
LGW,KEF
LGW,BOS
LGW,YYZ
LGW,YUL
LGW,BWI
LGW,LAX
LGW,SFO
LGW,EWR
LGW,PIT
LGW,ORD
LGW,TLV
LGW,DTW
LGW,STL
LGW,CVG
LGW,CLE
LGW,DFW
LGW,JFK
LGW,DEL
LPA,KEF
LPA,YYZ
LPA,YUL
LPA,SFO
LPA,LAX
LPA,EWR
LPA,BWI
LPA,BOS
LPA,PIT
LPA,ORD
LYS,KEF
LYS,BWI
LYS,LAX
LYS,YYZ
LYS,SFO
LYS,BOS
LYS,YUL
LYS,EWR
LYS,PIT
LYS,ORD
LYS,STL
LYS,DTW
LYS,DFW
LYS,CLE
LYS,CVG
LYS,JFK
MXP,KEF
MXP,BOS
MXP,BWI
MXP,YYZ
MXP,SFO
MXP,YUL
MXP,LAX
MXP,EWR
MXP,PIT
MXP,ORD
MXP,JFK
MXP,DTW
MXP,DFW
MXP,CVG
MXP,CLE
MXP,STL
SXF,BWI
SXF,BOS
SXF,YYZ
SXF,YUL
SXF,KEF
SXF,SFO
SXF,LAX
SXF,EWR
SXF,PIT
SXF,ORD
SXF,TLV
SXF,STL
SXF,DTW
SXF,CLE
SXF,CVG
SXF,DFW
SXF,JFK
SXF,ALC
SZG,KEF
SZG,EWR
SZG,PIT
SZG,YUL
SZG,ORD
SZG,YYZ
SZG,BWI
SZG,BOS
TFS,KEF
TFS,EWR
TFS,BOS
TFS,BWI
TFS,LAX
TFS,SFO
TFS,YUL
TFS,YYZ
TFS,PIT
TFS,ORD
TFS,DTW
TFS,CVG
TFS,CLE
TFS,JFK
TFS,FRA
TFS,DFW
WAW,KEF
WAW,BWI
WAW,BOS
WAW,SFO
WAW,LAX
WAW,YYZ
WAW,YUL
WAW,EWR
WAW,PIT
WAW,ORD
WAW,STL
WAW,CLE
WAW,CVG
WAW,DFW
WAW,DTW
WAW,EDI
WAW,JFK
YUL,LGW
YUL,KEF
YUL,DUB
YUL,CPH
YUL,CDG
YUL,AMS
YUL,SXF
YUL,FRA
YUL,MXP
YUL,BCN
YUL,ALC
YUL,LYS
YUL,EDI
YUL,WAW
YUL,ARN
YUL,TFS
YUL,LPA
YUL,BRU
YUL,DUS
YUL,TLV
YUL,STN
YUL,SZG
YUL,DEL
YYZ,CPH
YYZ,CDG
YYZ,AMS
YYZ,SXF
YYZ,FRA
YYZ,DUB
YYZ,KEF
YYZ,LGW
YYZ,MXP
YYZ,DUS
YYZ,EDI
YYZ,ALC
YYZ,BCN
YYZ,LYS
YYZ,WAW
YYZ,ARN
YYZ,TFS
YYZ,LPA
YYZ,BRU
YYZ,TLV
YYZ,STN
YYZ,SZG
YYZ,DEL
EDI,BOS
EDI,BWI
EDI,KEF
EDI,YYZ
EDI,SFO
EDI,YUL
EDI,LAX
EDI,EWR
EDI,PIT
EDI,ORD
EDI,STL
EDI,DTW
EDI,DFW
EDI,CVG
EDI,CLE
EDI,JFK
LAX,KEF
LAX,BCN
LAX,ALC
LAX,LYS
LAX,EDI
LAX,SXF
LAX,LGW
LAX,MXP
LAX,FRA
LAX,DUS
LAX,DUB
LAX,CPH
LAX,CDG
LAX,AMS
LAX,WAW
LAX,ARN
LAX,TFS
LAX,LPA
LAX,BRU
LAX,TLV
LAX,STN
LAX,DEL
SFO,DUS
SFO,BCN
SFO,ALC
SFO,LYS
SFO,EDI
SFO,SXF
SFO,LGW
SFO,AMS
SFO,CDG
SFO,CPH
SFO,DUB
SFO,MXP
SFO,FRA
SFO,KEF
SFO,WAW
SFO,ARN
SFO,LPA
SFO,TFS
SFO,BRU
SFO,TLV
SFO,YYZ
SFO,YUL
SFO,BWI
SFO,LAX
SFO,BOS
SFO,STN
SFO,DEL
EWR,EDI
EWR,FRA
EWR,KEF
EWR,LGW
EWR,LYS
EWR,MXP
EWR,SXF
EWR,SZG
EWR,TFS
EWR,WAW
EWR,DUB
EWR,CPH
EWR,CDG
EWR,BCN
EWR,AMS
EWR,ALC
EWR,DUS
EWR,ARN
EWR,LPA
EWR,BRU
EWR,TLV
EWR,STN
EWR,DEL
ARN,YYZ
ARN,SFO
ARN,LAX
ARN,EWR
ARN,BWI
ARN,YUL
ARN,BOS
ARN,KEF
ARN,PIT
ARN,ORD
ARN,DTW
ARN,CVG
ARN,CLE
ARN,DFW
ARN,STL
ARN,JFK
PIT,ALC
PIT,WAW
PIT,AMS
PIT,ARN
PIT,BCN
PIT,BRU
PIT,CDG
PIT,CPH
PIT,DUB
PIT,DUS
PIT,EDI
PIT,FRA
PIT,KEF
PIT,LGW
PIT,LPA
PIT,LYS
PIT,MXP
PIT,SXF
PIT,SZG
PIT,TFS
PIT,TLV
PIT,STN
PIT,DEL
ORD,ALC
ORD,WAW
ORD,TFS
ORD,SXF
ORD,MXP
ORD,LYS
ORD,LPA
ORD,LGW
ORD,KEF
ORD,FRA
ORD,AMS
ORD,ARN
ORD,BCN
ORD,BRU
ORD,CDG
ORD,CPH
ORD,DUB
ORD,DUS
ORD,EDI
ORD,TLV
ORD,STN
ORD,SZG
ORD,DEL
TLV,BOS
TLV,YUL
TLV,SFO
TLV,PIT
TLV,ORD
TLV,YYZ
TLV,LAX
TLV,KEF
TLV,EWR
TLV,BWI
TLV,SXF
TLV,LGW
TLV,DUB
TLV,CDG
TLV,AMS
TLV,DTW
TLV,CLE
TLV,CVG
TLV,DFW
TLV,JFK
CLE,STN
CLE,LGW
CLE,AMS
CLE,CDG
CLE,SXF
CLE,DUB
CLE,FRA
CLE,KEF
CLE,CPH
CLE,TLV
CLE,ARN
CLE,BCN
CLE,EDI
CLE,BRU
CLE,MXP
CLE,ALC
CLE,DUS
CLE,TFS
CLE,LYS
CLE,WAW
CVG,KEF
CVG,FRA
CVG,DUB
CVG,AMS
CVG,CDG
CVG,LGW
CVG,STN
CVG,SXF
CVG,CPH
CVG,TLV
CVG,EDI
CVG,BCN
CVG,ARN
CVG,BRU
CVG,MXP
CVG,ALC
CVG,TFS
CVG,DUS
CVG,WAW
CVG,LYS
DTW,STN
DTW,FRA
DTW,KEF
DTW,AMS
DTW,LGW
DTW,CDG
DTW,SXF
DTW,DUB
DTW,CPH
DTW,TLV
DTW,EDI
DTW,BCN
DTW,ARN
DTW,BRU
DTW,MXP
DTW,ALC
DTW,TFS
DTW,LYS
DTW,DUS
DTW,WAW
DTW,DEL
STL,AMS
STL,DUB
STL,CDG
STL,FRA
STL,SXF
STL,STN
STL,LGW
STL,KEF
STL,CPH
STL,EDI
STL,BCN
STL,ARN
STL,BRU
STL,MXP
STL,ALC
STL,TLV
STL,TFS
STL,DUS
STL,WAW
STL,LYS
STL,DEL
STN,CLE
STN,DTW
STN,YYZ
STN,KEF
STN,EWR
STN,BWI
STN,STL
STN,CVG
STN,DFW
STN,YUL
STN,BOS
STN,LAX
STN,ORD
STN,PIT
STN,JFK
STN,SFO
DFW,AMS
DFW,KEF
DFW,SXF
DFW,CPH
DFW,CDG
DFW,LGW
DFW,FRA
DFW,STN
DFW,DUB
DFW,TLV
DFW,ARN
DFW,EDI
DFW,BCN
DFW,BRU
DFW,MXP
DFW,WAW
DFW,ALC
DFW,LYS
JFK,ALC
JFK,ARN
JFK,BCN
JFK,BRU
JFK,CDG
JFK,CPH
JFK,DUB
JFK,FRA
JFK,KEF
JFK,LGW
JFK,MXP
JFK,STN
JFK,SXF
JFK,TFS
JFK,TLV
JFK,AMS
JFK,WAW
JFK,EDI
JFK,LYS
JFK,DUS
DEL,BWI
DEL,LAX
DEL,SFO
DEL,PIT
DEL,STL
DEL,EWR
DEL,YUL
DEL,BOS
DEL,DTW
DEL,LGW
DEL,KEF
DEL,ORD
DEL,YYZ
