TRV,PNQ
AMD,BLR
JAI,UDR
IXJ,DEL
IXJ,HYD
IXJ,JAI
IXJ,CCU
IXJ,LKO
IXJ,BOM
IXJ,PAT
IXJ,SXR
IXJ,VNS
JRH,CCU
KTM,DEL
COK,AMD
COK,BLR
COK,MAA
COK,DOH
COK,DXB
COK,DEL
COK,HBX
COK,HYD
COK,JAI
COK,CCU
COK,MCT
COK,BOM
COK,PNQ
COK,RPR
COK,TRV
COK,TRZ
CCU,IXA
CCU,BKK
CCU,IXB
CCU,AMD
CCU,BBI
CCU,BLR
CCU,IXC
CCU,MAA
CCU,CJB
CCU,DAC
CCU,DIB
CCU,DMU
CCU,DEL
CCU,GOI
CCU,GAU
CCU,HYD
CCU,IMF
CCU,IDR
CCU,JRH
CCU,COK
CCU,JAI
CCU,IXE
CCU,LKO
CCU,BOM
CCU,PAT
CCU,NAG
CCU,IXZ
CCU,IXR
CCU,RPR
CCU,PNQ
CCU,SXR
CCU,TRV
CCU,VNS
CCU,VTZ
CCJ,BLR
CCJ,MAA
CCJ,DEL
CCJ,DOH
CCJ,DXB
CCJ,MCT
CCJ,BOM
CCJ,SHJ
LKO,AMD
LKO,BLR
LKO,DED
LKO,MAA
LKO,DEL
LKO,GOI
LKO,GAU
LKO,HYD
LKO,IDR
LKO,IXJ
LKO,CCU
LKO,BOM
LKO,PAT
LKO,PNQ
LKO,SHJ
LKO,SXR
IXM,BLR
IXM,BBI
IXM,MAA
IXM,DEL
IXM,HYD
IXM,CCU
IXE,BLR
IXE,MAA
IXE,GAU
IXE,HYD
IXE,BOM
IXE,NAG
IXE,PAT
IXE,VNS
BOM,AMD
BOM,IXA
BOM,ATQ
BOM,IXB
BOM,BLR
BOM,IXC
BOM,BBI
BOM,MAA
BOM,DED
BOM,CJB
BOM,DEL
BOM,DOH
BOM,GOI
BOM,DXB
BOM,GAU
BOM,HYD
BOM,IXJ
BOM,IDR
BOM,JAI
BOM,COK
BOM,CCJ
BOM,CCU
BOM,IXE
BOM,LKO
BOM,MCT
BOM,NAG
BOM,PAT
BOM,RPR
BOM,IXR
BOM,SXR
BOM,TRV
BOM,BDQ
BOM,UDR
BOM,VNS
BOM,VTZ
MCT,MAA
MCT,CCJ
MCT,COK
MCT,BOM
NAG,AMD
NAG,BLR
NAG,DEL
NAG,HYD
NAG,IDR
NAG,CCU
NAG,BOM
NAG,PNQ
PAT,BLR
PAT,MAA
PAT,DEL
PAT,GOI
PAT,IXJ
PAT,CCU
PAT,LKO
PAT,IXE
PAT,BOM
PAT,RPR
PAT,IXR
PAT,VNS
IXZ,MAA
IXZ,DEL
IXZ,HYD
IXZ,CCU
PNQ,AMD
PNQ,BLR
PNQ,MAA
PNQ,DEL
PNQ,HYD
PNQ,IDR
PNQ,JAI
PNQ,COK
PNQ,CCU
PNQ,LKO
PNQ,NAG
RPR,BLR
RPR,DEL
RPR,GOI
RPR,HYD
RPR,IDR
RPR,CCU
RPR,COK
RPR,BOM
RPR,PAT
RPR,SXR
RJA,BLR
RJA,MAA
RJA,HYD
RJA,IXM
IXR,BLR
IXR,DEL
IXR,HYD
IXR,IDR
IXR,CCU
IXR,BOM
IXR,PAT
SHJ,HYD
SHJ,CCJ
SHJ,LKO
SHJ,TRV
SIN,BLR
SIN,MAA
SXR,ATQ
SXR,IXC
SXR,MAA
SXR,DEL
SXR,BLR
SXR,IXJ
SXR,LKO
SXR,CCU
SXR,BOM
SXR,UDR
SXR,VTZ
TRV,AMD
TRV,BLR
TRV,MAA
TRV,DEL
TRV,DXB
TRV,GOI
TRV,HYD
TRV,COK
TRV,CCU
TRV,BOM
TRV,SHJ
TRV,UDR
TRV,VNS
TRZ,BLR
TRZ,MAA
TRZ,COK
TIR,BLR
TIR,HYD
TCR,MAA
UDR,MAA
UDR,DEL
UDR,JAI
UDR,BOM
BDQ,BBI
BDQ,DEL
BDQ,IXE
BDQ,BOM
VNS,BLR
VNS,MAA
VNS,DEL
VNS,GOI
VNS,HYD
VNS,CCU
VNS,BOM
VGA,BLR
VGA,MAA
VGA,HYD
VTZ,AMD
VTZ,BLR
VTZ,BBI
VTZ,MAA
VTZ,CJB
VTZ,DEL
VTZ,HYD
VTZ,CCU
VTZ,BOM
IXA,BLR
IXA,CJB
IXA,MAA
IXA,DEL
IXA,GAU
IXA,HYD
IXA,CCU
IXA,COK
IXA,PNQ
IXA,VTZ
AMD,BBI
AMD,MAA
AMD,DEL
AMD,HBX
AMD,GOI
AMD,HYD
AMD,JAI
AMD,COK
AMD,LKO
AMD,CCU
AMD,BOM
AMD,PNQ
AMD,NAG
AMD,VTZ
ATQ,BLR
ATQ,DEL
ATQ,BOM
ATQ,SXR
IXB,ATQ
IXB,BLR
IXB,MAA
IXB,DEL
IXB,GAU
IXB,CCU
IXB,BOM
BKK,CCU
BLR,IXA
BLR,ATQ
BLR,AMD
BLR,IXB
BLR,MAA
BLR,IXC
BLR,BBI
BLR,CJB
BLR,CMB
BLR,DED
BLR,DXB
BLR,GOI
BLR,DEL
BLR,HBX
BLR,GAU
BLR,HYD
BLR,IMF
BLR,JAI
BLR,IDR
BLR,COK
BLR,CCJ
BLR,IXM
BLR,IXE
BLR,CCU
BLR,BOM
BLR,LKO
BLR,NAG
BLR,PAT
BLR,PNQ
BLR,RPR
BLR,RJA
BLR,IXR
BLR,SIN
BLR,TRZ
BLR,TIR
BLR,SXR
BLR,TRV
BLR,VNS
BLR,VTZ
BLR,VGA
BBI,BLR
BBI,CJB
BBI,MAA
BBI,DEL
BBI,GAU
BBI,HYD
BBI,CCU
BBI,BOM
BBI,VTZ
IXC,BLR
IXC,MAA
IXC,DEL
IXC,DXB
IXC,HYD
IXC,CCU
IXC,BOM
IXC,SXR
IXC,TRV
MAA,IXA
MAA,IXB
MAA,BLR
MAA,IXC
MAA,BBI
MAA,CJB
MAA,AMD
MAA,CMB
MAA,DOH
MAA,DXB
MAA,GOI
MAA,HBX
MAA,DEL
MAA,GAU
MAA,HYD
MAA,IDR
MAA,JAI
MAA,CCJ
MAA,COK
MAA,CCU
MAA,IXM
MAA,IXE
MAA,MCT
MAA,LKO
MAA,BOM
MAA,IXZ
MAA,PAT
MAA,RJA
MAA,PNQ
MAA,RPR
MAA,SIN
MAA,TRZ
MAA,TRV
MAA,TCR
MAA,UDR
MAA,BDQ
MAA,VGA
MAA,VTZ
CJB,IXA
MAA,VNS
CJB,ATQ
CJB,BLR
CJB,BBI
CJB,MAA
CJB,DEL
CJB,HYD
CJB,COK
CJB,CCU
CJB,BOM
CJB,VTZ
CMB,BLR
CMB,MAA
DED,BLR
DED,DEL
DED,HYD
DED,GOI
DED,COK
DED,LKO
DED,IXM
DED,BOM
DEL,AMD
DEL,ATQ
DEL,IXA
DEL,IXB
DEL,IXC
DEL,BBI
DEL,CJB
DEL,MAA
DEL,DED
DEL,DIB
DEL,BLR
DEL,DMU
DEL,DOH
DEL,DXB
DEL,GAU
DEL,GOI
DEL,IMF
DEL,HYD
DEL,JAI
DEL,IDR
DEL,IXJ
DEL,KTM
DEL,CCJ
DEL,LKO
DEL,CCU
DEL,COK
DEL,IXM
DEL,IXE
DEL,BOM
DEL,IXZ
DEL,PNQ
DEL,NAG
DEL,PAT
DEL,RPR
DEL,IXR
DEL,SXR
DEL,TRV
DEL,UDR
DEL,BDQ
DEL,VNS
DEL,VTZ
DAC,CCU
DIB,DEL
DIB,GAU
DIB,CCU
DMU,DEL
DMU,CCU
DOH,MAA
DOH,DEL
DOH,HYD
DOH,COK
DOH,CCJ
DOH,BOM
DXB,IXC
DXB,BLR
DXB,MAA
DXB,DEL
DXB,HYD
DXB,COK
DXB,CCJ
DXB,BOM
DXB,TRV
GOI,ATQ
GOI,AMD
GOI,BLR
GOI,MAA
GOI,CJB
GOI,DEL
GOI,GAU
GOI,HBX
GOI,HYD
GOI,IDR
GOI,CCU
GOI,LKO
GOI,IXM
GOI,BOM
GOI,PAT
GOI,RPR
GOI,VNS
GAU,IXA
GAU,IXB
GAU,BLR
GAU,MAA
GAU,DEL
GAU,GOI
GAU,IMF
GAU,HYD
GAU,JAI
GAU,CCU
GAU,LKO
GAU,BOM
GAU,PNQ
HBX,AMD
HBX,BLR
HBX,MAA
HBX,GOI
HBX,COK
HYD,AMD
HYD,BLR
HYD,BBI
HYD,IXC
HYD,MAA
HYD,CJB
HYD,DOH
HYD,DXB
HYD,GOI
HYD,DEL
HYD,IMF
HYD,GAU
HYD,IDR
HYD,IXJ
HYD,JAI
HYD,COK
HYD,CCU
HYD,IXM
HYD,BOM
HYD,LKO
HYD,IXE
HYD,NAG
HYD,IXZ
HYD,PAT
HYD,RJA
HYD,RPR
HYD,PNQ
HYD,IXR
HYD,SHJ
HYD,TIR
HYD,TRV
HYD,VGA
HYD,VNS
HYD,VTZ
IMF,IXA
IMF,AMD
IMF,BLR
IMF,DEL
IMF,GOI
IMF,GAU
IMF,HYD
IMF,CCU
IMF,IXE
IDR,BLR
IDR,MAA
IDR,DEL
IDR,GOI
IDR,HYD
IDR,IXJ
IDR,CCU
IDR,BOM
IDR,NAG
IDR,PAT
IDR,RPR
IDR,PNQ
IDR,IXR
JAI,AMD
JAI,BLR
JAI,MAA
JAI,DEL
JAI,GAU
JAI,HYD
JAI,IXJ
JAI,CCU
JAI,BOM
JAI,PNQ
IXA,IMF
IXE,CCU
DED,CCU
LKO,TRV
VTZ,PNQ
AMD,CJB
CJB,AMD
CJB,JAI
JAI,CJB
IXR,MAA
BDQ,COK
JAI,LKO
LKO,JAI
IXB,IXE
BLR,STV
IXC,STV
DEL,STV
GOI,STV
HYD,STV
JAI,VNS
BOM,STV
STV,HYD
STV,BLR
STV,GOI
STV,VTZ
STV,BOM
STV,DEL
VNS,JAI
CJB,STV
JAI,STV
STV,JAI
