ALB,ABQ
ALB,AMA
ALB,AUA
ALB,ATL
ALB,AUS
ALB,BWI
ALB,BZE
ALB,BHM
ALB,BOI
ALB,BOS
ALB,BUF
ALB,BUR
ALB,SJD
ALB,CUN
ALB,GCM
ALB,CHS
ALB,CLT
ALB,MDW
ALB,CVG
ALB,CLE
ALB,CMH
ALB,CRP
ALB,DAL
ALB,DEN
ALB,DSM
ALB,DTW
ALB,ELP
ALB,FLL
ALB,RSW
ALB,GRR
ALB,GSP
ALB,HRL
ALB,BDL
ALB,HAV
ALB,HOU
ALB,IND
ALB,JAX
ALB,MCI
ALB,LAS
ALB,LIR
ALB,LIT
ALB,LGB
ALB,ISP
ALB,LAX
ALB,SDF
ALB,LBB
ALB,MHT
ALB,MEM
ALB,MEX
ALB,MAF
ALB,MKE
ALB,MSP
ALB,MBJ
ALB,LGA
ALB,BNA
ALB,NAS
ALB,MSY
ALB,EWR
ALB,ORF
ALB,OAK
ALB,OKC
ALB,OMA
ALB,ONT
ALB,SNA
ALB,MCO
ALB,ECP
ALB,PNS
ALB,PHL
ALB,PHX
ALB,PIT
ALB,PWM
ALB,PDX
ALB,PVD
ALB,PVR
ALB,PUJ
ALB,RDU
ALB,RNO
ALB,RIC
ALB,ROC
ALB,SMF
ALB,SLC
ALB,SAT
ALB,SAN
ALB,SFO
ALB,SJC
ALB,SJO
ALB,SJU
ALB,SEA
ALB,GEG
ALB,STL
ALB,TPA
ALB,TUS
ALB,TUL
ALB,PLS
ALB,IAD
ALB,DCA
ALB,PBI
ALB,ICT
ABQ,ALB
ABQ,AMA
ABQ,AUA
ABQ,ATL
ABQ,AUS
ABQ,BWI
ABQ,BZE
ABQ,BHM
ABQ,BOI
ABQ,BOS
ABQ,BUF
ABQ,BUR
ABQ,SJD
ABQ,CUN
ABQ,GCM
ABQ,CHS
ABQ,CLT
ABQ,MDW
ABQ,CVG
ABQ,CLE
ABQ,CMH
ABQ,CRP
ABQ,DAL
ABQ,DEN
ABQ,DSM
ABQ,DTW
ABQ,ELP
ABQ,FLL
ABQ,RSW
ABQ,GRR
ABQ,GSP
ABQ,HRL
ABQ,BDL
ABQ,HAV
ABQ,HOU
ABQ,IND
ABQ,JAX
ABQ,MCI
ABQ,LAS
ABQ,LIR
ABQ,LIT
ABQ,LGB
ABQ,ISP
ABQ,LAX
ABQ,SDF
ABQ,LBB
ABQ,MHT
ABQ,MEM
ABQ,MEX
ABQ,MAF
ABQ,MKE
ABQ,MSP
ABQ,MBJ
ABQ,LGA
ABQ,BNA
ABQ,NAS
ABQ,MSY
ABQ,EWR
ABQ,ORF
ABQ,OAK
ABQ,OKC
ABQ,OMA
ABQ,ONT
ABQ,SNA
ABQ,MCO
ABQ,ECP
ABQ,PNS
ABQ,PHL
ABQ,PHX
ABQ,PIT
ABQ,PWM
ABQ,PDX
ABQ,PVD
ABQ,PVR
ABQ,PUJ
ABQ,RDU
ABQ,RNO
ABQ,RIC
ABQ,ROC
ABQ,SMF
ABQ,SLC
ABQ,SAT
ABQ,SAN
ABQ,SFO
ABQ,SJC
ABQ,SJO
ABQ,SJU
ABQ,SEA
ABQ,GEG
ABQ,STL
ABQ,TPA
ABQ,TUS
ABQ,TUL
ABQ,PLS
ABQ,IAD
ABQ,DCA
ABQ,PBI
ABQ,ICT
AMA,ALB
AMA,ABQ
AMA,AUA
AMA,ATL
AMA,AUS
AMA,BWI
AMA,BZE
AMA,BHM
AMA,BOI
AMA,BOS
AMA,BUF
AMA,BUR
AMA,SJD
AMA,CUN
AMA,GCM
AMA,CHS
AMA,CLT
AMA,MDW
AMA,CVG
AMA,CLE
AMA,CMH
AMA,CRP
AMA,DAL
AMA,DEN
AMA,DSM
AMA,DTW
AMA,ELP
AMA,FLL
AMA,RSW
AMA,GRR
AMA,GSP
AMA,HRL
AMA,BDL
AMA,HAV
AMA,HOU
AMA,IND
AMA,JAX
AMA,MCI
AMA,LAS
AMA,LIR
AMA,LIT
AMA,LGB
AMA,ISP
AMA,LAX
AMA,SDF
AMA,LBB
AMA,MHT
AMA,MEM
AMA,MEX
AMA,MAF
AMA,MKE
AMA,MSP
AMA,MBJ
AMA,LGA
AMA,BNA
AMA,NAS
AMA,MSY
AMA,EWR
AMA,ORF
AMA,OAK
AMA,OKC
AMA,OMA
AMA,ONT
AMA,SNA
AMA,MCO
AMA,ECP
AMA,PNS
AMA,PHL
AMA,PHX
AMA,PIT
AMA,PWM
AMA,PDX
AMA,PVD
AMA,PVR
AMA,PUJ
AMA,RDU
AMA,RNO
AMA,RIC
AMA,ROC
AMA,SMF
AMA,SLC
AMA,SAT
AMA,SAN
AMA,SFO
AMA,SJC
AMA,SJO
AMA,SJU
AMA,SEA
AMA,GEG
AMA,STL
AMA,TPA
AMA,TUS
AMA,TUL
AMA,PLS
AMA,IAD
AMA,DCA
AMA,PBI
AMA,ICT
AUA,ALB
AUA,ABQ
AUA,AMA
AUA,ATL
AUA,AUS
AUA,BWI
AUA,BZE
AUA,BHM
AUA,BOI
AUA,BOS
AUA,BUF
AUA,BUR
AUA,SJD
AUA,CUN
AUA,GCM
AUA,CHS
AUA,CLT
AUA,MDW
AUA,CVG
AUA,CLE
AUA,CMH
AUA,CRP
AUA,DAL
AUA,DEN
AUA,DSM
AUA,DTW
AUA,ELP
AUA,FLL
AUA,RSW
AUA,GRR
AUA,GSP
AUA,HRL
AUA,BDL
AUA,HAV
AUA,HOU
AUA,IND
AUA,JAX
AUA,MCI
AUA,LAS
AUA,LIR
AUA,LIT
AUA,LGB
AUA,ISP
AUA,LAX
AUA,SDF
AUA,LBB
AUA,MHT
AUA,MEM
AUA,MEX
AUA,MAF
AUA,MKE
AUA,MSP
AUA,MBJ
AUA,LGA
AUA,BNA
AUA,NAS
AUA,MSY
AUA,EWR
AUA,ORF
AUA,OAK
AUA,OKC
AUA,OMA
AUA,ONT
AUA,SNA
AUA,MCO
AUA,ECP
AUA,PNS
AUA,PHL
AUA,PHX
AUA,PIT
AUA,PWM
AUA,PDX
AUA,PVD
AUA,PVR
AUA,PUJ
AUA,RDU
AUA,RNO
AUA,RIC
AUA,ROC
AUA,SMF
AUA,SLC
AUA,SAT
AUA,SAN
AUA,SFO
AUA,SJC
AUA,SJO
AUA,SJU
AUA,SEA
AUA,GEG
AUA,STL
AUA,TPA
AUA,TUS
AUA,TUL
AUA,PLS
AUA,IAD
AUA,DCA
AUA,PBI
AUA,ICT
ATL,ALB
ATL,ABQ
ATL,AMA
ATL,AUA
ATL,AUS
ATL,BWI
ATL,BZE
ATL,BHM
ATL,BOI
ATL,BOS
ATL,BUF
ATL,BUR
ATL,SJD
ATL,CUN
ATL,GCM
ATL,CHS
ATL,CLT
ATL,MDW
ATL,CVG
ATL,CLE
ATL,CMH
ATL,CRP
ATL,DAL
ATL,DEN
ATL,DSM
ATL,DTW
ATL,ELP
ATL,FLL
ATL,RSW
ATL,GRR
ATL,GSP
ATL,HRL
ATL,BDL
ATL,HAV
ATL,HOU
ATL,IND
ATL,JAX
ATL,MCI
ATL,LAS
ATL,LIR
ATL,LIT
ATL,LGB
ATL,ISP
ATL,LAX
ATL,SDF
ATL,LBB
ATL,MHT
ATL,MEM
ATL,MEX
ATL,MAF
ATL,MKE
ATL,MSP
ATL,MBJ
ATL,LGA
ATL,BNA
ATL,NAS
ATL,MSY
ATL,EWR
ATL,ORF
ATL,OAK
ATL,OKC
ATL,OMA
ATL,ONT
ATL,SNA
ATL,MCO
ATL,ECP
ATL,PNS
ATL,PHL
ATL,PHX
ATL,PIT
ATL,PWM
ATL,PDX
ATL,PVD
ATL,PVR
ATL,PUJ
ATL,RDU
ATL,RNO
ATL,RIC
ATL,ROC
ATL,SMF
ATL,SLC
ATL,SAT
ATL,SAN
ATL,SFO
ATL,SJC
ATL,SJO
ATL,SJU
ATL,SEA
ATL,GEG
ATL,STL
ATL,TPA
ATL,TUS
ATL,TUL
ATL,PLS
ATL,IAD
ATL,DCA
ATL,PBI
ATL,ICT
AUS,ALB
AUS,ABQ
AUS,AMA
AUS,AUA
AUS,ATL
AUS,BWI
AUS,BZE
AUS,BHM
AUS,BOI
AUS,BOS
AUS,BUF
AUS,BUR
AUS,SJD
AUS,CUN
AUS,GCM
AUS,CHS
AUS,CLT
AUS,MDW
AUS,CVG
AUS,CLE
AUS,CMH
AUS,CRP
AUS,DAL
AUS,DEN
AUS,DSM
AUS,DTW
AUS,ELP
AUS,FLL
AUS,RSW
AUS,GRR
AUS,GSP
AUS,HRL
AUS,BDL
AUS,HAV
AUS,HOU
AUS,IND
AUS,JAX
AUS,MCI
AUS,LAS
AUS,LIR
AUS,LIT
AUS,LGB
AUS,ISP
AUS,LAX
AUS,SDF
AUS,LBB
AUS,MHT
AUS,MEM
AUS,MEX
AUS,MAF
AUS,MKE
AUS,MSP
AUS,MBJ
AUS,LGA
AUS,BNA
AUS,NAS
AUS,MSY
AUS,EWR
AUS,ORF
AUS,OAK
AUS,OKC
AUS,OMA
AUS,ONT
AUS,SNA
AUS,MCO
AUS,ECP
AUS,PNS
AUS,PHL
AUS,PHX
AUS,PIT
AUS,PWM
AUS,PDX
AUS,PVD
AUS,PVR
AUS,PUJ
AUS,RDU
AUS,RNO
AUS,RIC
AUS,ROC
AUS,SMF
AUS,SLC
AUS,SAT
AUS,SAN
AUS,SFO
AUS,SJC
AUS,SJO
AUS,SJU
AUS,SEA
AUS,GEG
AUS,STL
AUS,TPA
AUS,TUS
AUS,TUL
AUS,PLS
AUS,IAD
AUS,DCA
AUS,PBI
AUS,ICT
BWI,ALB
BWI,ABQ
BWI,AMA
BWI,AUA
BWI,ATL
BWI,AUS
BWI,BZE
BWI,BHM
BWI,BOI
BWI,BOS
BWI,BUF
BWI,BUR
BWI,SJD
BWI,CUN
BWI,GCM
BWI,CHS
BWI,CLT
BWI,MDW
BWI,CVG
BWI,CLE
BWI,CMH
BWI,CRP
BWI,DAL
BWI,DEN
BWI,DSM
BWI,DTW
BWI,ELP
BWI,FLL
BWI,RSW
BWI,GRR
BWI,GSP
BWI,HRL
BWI,BDL
BWI,HAV
BWI,HOU
BWI,IND
BWI,JAX
BWI,MCI
BWI,LAS
BWI,LIR
BWI,LIT
BWI,LGB
BWI,ISP
BWI,LAX
BWI,SDF
BWI,LBB
BWI,MHT
BWI,MEM
BWI,MEX
BWI,MAF
BWI,MKE
BWI,MSP
BWI,MBJ
BWI,LGA
BWI,BNA
BWI,NAS
BWI,MSY
BWI,EWR
BWI,ORF
BWI,OAK
BWI,OKC
BWI,OMA
BWI,ONT
BWI,SNA
BWI,MCO
BWI,ECP
BWI,PNS
BWI,PHL
BWI,PHX
BWI,PIT
BWI,PWM
BWI,PDX
BWI,PVD
BWI,PVR
BWI,PUJ
BWI,RDU
BWI,RNO
BWI,RIC
BWI,ROC
BWI,SMF
BWI,SLC
BWI,SAT
BWI,SAN
BWI,SFO
BWI,SJC
BWI,SJO
BWI,SJU
BWI,SEA
BWI,GEG
BWI,STL
BWI,TPA
BWI,TUS
BWI,TUL
BWI,PLS
BWI,IAD
BWI,DCA
BWI,PBI
BWI,ICT
BZE,ALB
BZE,ABQ
BZE,AMA
BZE,AUA
BZE,ATL
BZE,AUS
BZE,BWI
BZE,BHM
BZE,BOI
BZE,BOS
BZE,BUF
BZE,BUR
BZE,SJD
BZE,CUN
BZE,GCM
BZE,CHS
BZE,CLT
BZE,MDW
BZE,CVG
BZE,CLE
BZE,CMH
BZE,CRP
BZE,DAL
BZE,DEN
BZE,DSM
BZE,DTW
BZE,ELP
BZE,FLL
BZE,RSW
BZE,GRR
BZE,GSP
BZE,HRL
BZE,BDL
BZE,HAV
BZE,HOU
BZE,IND
BZE,JAX
BZE,MCI
BZE,LAS
BZE,LIR
BZE,LIT
BZE,LGB
BZE,ISP
BZE,LAX
BZE,SDF
BZE,LBB
BZE,MHT
BZE,MEM
BZE,MEX
BZE,MAF
BZE,MKE
BZE,MSP
BZE,MBJ
BZE,LGA
BZE,BNA
BZE,NAS
BZE,MSY
BZE,EWR
BZE,ORF
BZE,OAK
BZE,OKC
BZE,OMA
BZE,ONT
BZE,SNA
BZE,MCO
BZE,ECP
BZE,PNS
BZE,PHL
BZE,PHX
BZE,PIT
BZE,PWM
BZE,PDX
BZE,PVD
BZE,PVR
BZE,PUJ
BZE,RDU
BZE,RNO
BZE,RIC
BZE,ROC
BZE,SMF
BZE,SLC
BZE,SAT
BZE,SAN
BZE,SFO
BZE,SJC
BZE,SJO
BZE,SJU
BZE,SEA
BZE,GEG
BZE,STL
BZE,TPA
BZE,TUS
BZE,TUL
BZE,PLS
BZE,IAD
BZE,DCA
BZE,PBI
BZE,ICT
BHM,ALB
BHM,ABQ
BHM,AMA
BHM,AUA
BHM,ATL
BHM,AUS
BHM,BWI
BHM,BZE
BHM,BOI
BHM,BOS
BHM,BUF
BHM,BUR
BHM,SJD
BHM,CUN
BHM,GCM
BHM,CHS
BHM,CLT
BHM,MDW
BHM,CVG
BHM,CLE
BHM,CMH
BHM,CRP
BHM,DAL
BHM,DEN
BHM,DSM
BHM,DTW
BHM,ELP
BHM,FLL
BHM,RSW
BHM,GRR
BHM,GSP
BHM,HRL
BHM,BDL
BHM,HAV
BHM,HOU
BHM,IND
BHM,JAX
BHM,MCI
BHM,LAS
BHM,LIR
BHM,LIT
BHM,LGB
BHM,ISP
BHM,LAX
BHM,SDF
BHM,LBB
BHM,MHT
BHM,MEM
BHM,MEX
BHM,MAF
BHM,MKE
BHM,MSP
BHM,MBJ
BHM,LGA
BHM,BNA
BHM,NAS
BHM,MSY
BHM,EWR
BHM,ORF
BHM,OAK
BHM,OKC
BHM,OMA
BHM,ONT
BHM,SNA
BHM,MCO
BHM,ECP
BHM,PNS
BHM,PHL
BHM,PHX
BHM,PIT
BHM,PWM
BHM,PDX
BHM,PVD
BHM,PVR
BHM,PUJ
BHM,RDU
BHM,RNO
BHM,RIC
BHM,ROC
BHM,SMF
BHM,SLC
BHM,SAT
BHM,SAN
BHM,SFO
BHM,SJC
BHM,SJO
BHM,SJU
BHM,SEA
BHM,GEG
BHM,STL
BHM,TPA
BHM,TUS
BHM,TUL
BHM,PLS
BHM,IAD
BHM,DCA
BHM,PBI
BHM,ICT
BOI,ALB
BOI,ABQ
BOI,AMA
BOI,AUA
BOI,ATL
BOI,AUS
BOI,BWI
BOI,BZE
BOI,BHM
BOI,BOS
BOI,BUF
BOI,BUR
BOI,SJD
BOI,CUN
BOI,GCM
BOI,CHS
BOI,CLT
BOI,MDW
BOI,CVG
BOI,CLE
BOI,CMH
BOI,CRP
BOI,DAL
BOI,DEN
BOI,DSM
BOI,DTW
BOI,ELP
BOI,FLL
BOI,RSW
BOI,GRR
BOI,GSP
BOI,HRL
BOI,BDL
BOI,HAV
BOI,HOU
BOI,IND
BOI,JAX
BOI,MCI
BOI,LAS
BOI,LIR
BOI,LIT
BOI,LGB
BOI,ISP
BOI,LAX
BOI,SDF
BOI,LBB
BOI,MHT
BOI,MEM
BOI,MEX
BOI,MAF
BOI,MKE
BOI,MSP
BOI,MBJ
BOI,LGA
BOI,BNA
BOI,NAS
BOI,MSY
BOI,EWR
BOI,ORF
BOI,OAK
BOI,OKC
BOI,OMA
BOI,ONT
BOI,SNA
BOI,MCO
BOI,ECP
BOI,PNS
BOI,PHL
BOI,PHX
BOI,PIT
BOI,PWM
BOI,PDX
BOI,PVD
BOI,PVR
BOI,PUJ
BOI,RDU
BOI,RNO
BOI,RIC
BOI,ROC
BOI,SMF
BOI,SLC
BOI,SAT
BOI,SAN
BOI,SFO
BOI,SJC
BOI,SJO
BOI,SJU
BOI,SEA
BOI,GEG
BOI,STL
BOI,TPA
BOI,TUS
BOI,TUL
BOI,PLS
BOI,IAD
BOI,DCA
BOI,PBI
BOI,ICT
BOS,ALB
BOS,ABQ
BOS,AMA
BOS,AUA
BOS,ATL
BOS,AUS
BOS,BWI
BOS,BZE
BOS,BHM
BOS,BOI
BOS,BUF
BOS,BUR
BOS,SJD
BOS,CUN
BOS,GCM
BOS,CHS
BOS,CLT
BOS,MDW
BOS,CVG
BOS,CLE
BOS,CMH
BOS,CRP
BOS,DAL
BOS,DEN
BOS,DSM
BOS,DTW
BOS,ELP
BOS,FLL
BOS,RSW
BOS,GRR
BOS,GSP
BOS,HRL
BOS,BDL
BOS,HAV
BOS,HOU
BOS,IND
BOS,JAX
BOS,MCI
BOS,LAS
BOS,LIR
BOS,LIT
BOS,LGB
BOS,ISP
BOS,LAX
BOS,SDF
BOS,LBB
BOS,MHT
BOS,MEM
BOS,MEX
BOS,MAF
BOS,MKE
BOS,MSP
BOS,MBJ
BOS,LGA
BOS,BNA
BOS,NAS
BOS,MSY
BOS,EWR
BOS,ORF
BOS,OAK
BOS,OKC
BOS,OMA
BOS,ONT
BOS,SNA
BOS,MCO
BOS,ECP
BOS,PNS
BOS,PHL
BOS,PHX
BOS,PIT
BOS,PWM
BOS,PDX
BOS,PVD
BOS,PVR
BOS,PUJ
BOS,RDU
BOS,RNO
BOS,RIC
BOS,ROC
BOS,SMF
BOS,SLC
BOS,SAT
BOS,SAN
BOS,SFO
BOS,SJC
BOS,SJO
BOS,SJU
BOS,SEA
BOS,GEG
BOS,STL
BOS,TPA
BOS,TUS
BOS,TUL
BOS,PLS
BOS,IAD
BOS,DCA
BOS,PBI
BOS,ICT
BUF,ALB
BUF,ABQ
BUF,AMA
BUF,AUA
BUF,ATL
BUF,AUS
BUF,BWI
BUF,BZE
BUF,BHM
BUF,BOI
BUF,BOS
BUF,BUR
BUF,SJD
BUF,CUN
BUF,GCM
BUF,CHS
BUF,CLT
BUF,MDW
BUF,CVG
BUF,CLE
BUF,CMH
BUF,CRP
BUF,DAL
BUF,DEN
BUF,DSM
BUF,DTW
BUF,ELP
BUF,FLL
BUF,RSW
BUF,GRR
BUF,GSP
BUF,HRL
BUF,BDL
BUF,HAV
BUF,HOU
BUF,IND
BUF,JAX
BUF,MCI
BUF,LAS
BUF,LIR
BUF,LIT
BUF,LGB
BUF,ISP
BUF,LAX
BUF,SDF
BUF,LBB
BUF,MHT
BUF,MEM
BUF,MEX
BUF,MAF
BUF,MKE
BUF,MSP
BUF,MBJ
BUF,LGA
BUF,BNA
BUF,NAS
BUF,MSY
BUF,EWR
BUF,ORF
BUF,OAK
BUF,OKC
BUF,OMA
BUF,ONT
BUF,SNA
BUF,MCO
BUF,ECP
BUF,PNS
BUF,PHL
BUF,PHX
BUF,PIT
BUF,PWM
BUF,PDX
BUF,PVD
BUF,PVR
BUF,PUJ
BUF,RDU
BUF,RNO
BUF,RIC
BUF,ROC
BUF,SMF
BUF,SLC
BUF,SAT
BUF,SAN
BUF,SFO
BUF,SJC
BUF,SJO
BUF,SJU
BUF,SEA
BUF,GEG
BUF,STL
BUF,TPA
BUF,TUS
BUF,TUL
BUF,PLS
BUF,IAD
BUF,DCA
BUF,PBI
BUF,ICT
BUR,ALB
BUR,ABQ
BUR,AMA
BUR,AUA
BUR,ATL
BUR,AUS
BUR,BWI
BUR,BZE
BUR,BHM
BUR,BOI
BUR,BOS
BUR,BUF
BUR,SJD
BUR,CUN
BUR,GCM
BUR,CHS
BUR,CLT
BUR,MDW
BUR,CVG
BUR,CLE
BUR,CMH
BUR,CRP
BUR,DAL
BUR,DEN
BUR,DSM
BUR,DTW
BUR,ELP
BUR,FLL
BUR,RSW
BUR,GRR
BUR,GSP
BUR,HRL
BUR,BDL
BUR,HAV
BUR,HOU
BUR,IND
BUR,JAX
BUR,MCI
BUR,LAS
BUR,LIR
BUR,LIT
BUR,LGB
BUR,ISP
BUR,LAX
BUR,SDF
BUR,LBB
BUR,MHT
BUR,MEM
BUR,MEX
BUR,MAF
BUR,MKE
BUR,MSP
BUR,MBJ
BUR,LGA
BUR,BNA
BUR,NAS
BUR,MSY
BUR,EWR
BUR,ORF
BUR,OAK
BUR,OKC
BUR,OMA
BUR,ONT
BUR,SNA
BUR,MCO
BUR,ECP
BUR,PNS
BUR,PHL
BUR,PHX
BUR,PIT
BUR,PWM
BUR,PDX
BUR,PVD
BUR,PVR
BUR,PUJ
BUR,RDU
BUR,RNO
BUR,RIC
BUR,ROC
BUR,SMF
BUR,SLC
BUR,SAT
BUR,SAN
BUR,SFO
BUR,SJC
BUR,SJO
BUR,SJU
BUR,SEA
BUR,GEG
BUR,STL
BUR,TPA
BUR,TUS
BUR,TUL
BUR,PLS
BUR,IAD
BUR,DCA
BUR,PBI
BUR,ICT
SJD,ALB
SJD,ABQ
SJD,AMA
SJD,AUA
SJD,ATL
SJD,AUS
SJD,BWI
SJD,BZE
SJD,BHM
SJD,BOI
SJD,BOS
SJD,BUF
SJD,BUR
SJD,CUN
SJD,GCM
SJD,CHS
SJD,CLT
SJD,MDW
SJD,CVG
SJD,CLE
SJD,CMH
SJD,CRP
SJD,DAL
SJD,DEN
SJD,DSM
SJD,DTW
SJD,ELP
SJD,FLL
SJD,RSW
SJD,GRR
SJD,GSP
SJD,HRL
SJD,BDL
SJD,HAV
SJD,HOU
SJD,IND
SJD,JAX
SJD,MCI
SJD,LAS
SJD,LIR
SJD,LIT
SJD,LGB
SJD,ISP
SJD,LAX
SJD,SDF
SJD,LBB
SJD,MHT
SJD,MEM
SJD,MEX
SJD,MAF
SJD,MKE
SJD,MSP
SJD,MBJ
SJD,LGA
SJD,BNA
SJD,NAS
SJD,MSY
SJD,EWR
SJD,ORF
SJD,OAK
SJD,OKC
SJD,OMA
SJD,ONT
SJD,SNA
SJD,MCO
SJD,ECP
SJD,PNS
SJD,PHL
SJD,PHX
SJD,PIT
SJD,PWM
SJD,PDX
SJD,PVD
SJD,PVR
SJD,PUJ
SJD,RDU
SJD,RNO
SJD,RIC
SJD,ROC
SJD,SMF
SJD,SLC
SJD,SAT
SJD,SAN
SJD,SFO
SJD,SJC
SJD,SJO
SJD,SJU
SJD,SEA
SJD,GEG
SJD,STL
SJD,TPA
SJD,TUS
SJD,TUL
SJD,PLS
SJD,IAD
SJD,DCA
SJD,PBI
SJD,ICT
CUN,ALB
CUN,ABQ
CUN,AMA
CUN,AUA
CUN,ATL
CUN,AUS
CUN,BWI
CUN,BZE
CUN,BHM
CUN,BOI
CUN,BOS
CUN,BUF
CUN,BUR
CUN,SJD
CUN,GCM
CUN,CHS
CUN,CLT
CUN,MDW
CUN,CVG
CUN,CLE
CUN,CMH
CUN,CRP
CUN,DAL
CUN,DEN
CUN,DSM
CUN,DTW
CUN,ELP
CUN,FLL
CUN,RSW
CUN,GRR
CUN,GSP
CUN,HRL
CUN,BDL
CUN,HAV
CUN,HOU
CUN,IND
CUN,JAX
CUN,MCI
CUN,LAS
CUN,LIR
CUN,LIT
CUN,LGB
CUN,ISP
CUN,LAX
CUN,SDF
CUN,LBB
CUN,MHT
CUN,MEM
CUN,MEX
CUN,MAF
CUN,MKE
CUN,MSP
CUN,MBJ
CUN,LGA
CUN,BNA
CUN,NAS
CUN,MSY
CUN,EWR
CUN,ORF
CUN,OAK
CUN,OKC
CUN,OMA
CUN,ONT
CUN,SNA
CUN,MCO
CUN,ECP
CUN,PNS
CUN,PHL
CUN,PHX
CUN,PIT
CUN,PWM
CUN,PDX
CUN,PVD
CUN,PVR
CUN,PUJ
CUN,RDU
CUN,RNO
CUN,RIC
CUN,ROC
CUN,SMF
CUN,SLC
CUN,SAT
CUN,SAN
CUN,SFO
CUN,SJC
CUN,SJO
CUN,SJU
CUN,SEA
CUN,GEG
CUN,STL
CUN,TPA
CUN,TUS
CUN,TUL
CUN,PLS
CUN,IAD
CUN,DCA
CUN,PBI
CUN,ICT
GCM,ALB
GCM,ABQ
GCM,AMA
GCM,AUA
GCM,ATL
GCM,AUS
GCM,BWI
GCM,BZE
GCM,BHM
GCM,BOI
GCM,BOS
GCM,BUF
GCM,BUR
GCM,SJD
GCM,CUN
GCM,CHS
GCM,CLT
GCM,MDW
GCM,CVG
GCM,CLE
GCM,CMH
GCM,CRP
GCM,DAL
GCM,DEN
GCM,DSM
GCM,DTW
GCM,ELP
GCM,FLL
GCM,RSW
GCM,GRR
GCM,GSP
GCM,HRL
GCM,BDL
GCM,HAV
GCM,HOU
GCM,IND
GCM,JAX
GCM,MCI
GCM,LAS
GCM,LIR
GCM,LIT
GCM,LGB
GCM,ISP
GCM,LAX
GCM,SDF
GCM,LBB
GCM,MHT
GCM,MEM
GCM,MEX
GCM,MAF
GCM,MKE
GCM,MSP
GCM,MBJ
GCM,LGA
GCM,BNA
GCM,NAS
GCM,MSY
GCM,EWR
GCM,ORF
GCM,OAK
GCM,OKC
GCM,OMA
GCM,ONT
GCM,SNA
GCM,MCO
GCM,ECP
GCM,PNS
GCM,PHL
GCM,PHX
GCM,PIT
GCM,PWM
GCM,PDX
GCM,PVD
GCM,PVR
GCM,PUJ
GCM,RDU
GCM,RNO
GCM,RIC
GCM,ROC
GCM,SMF
GCM,SLC
GCM,SAT
GCM,SAN
GCM,SFO
GCM,SJC
GCM,SJO
GCM,SJU
GCM,SEA
GCM,GEG
GCM,STL
GCM,TPA
GCM,TUS
GCM,TUL
GCM,PLS
GCM,IAD
GCM,DCA
GCM,PBI
GCM,ICT
CHS,ALB
CHS,ABQ
CHS,AMA
CHS,AUA
CHS,ATL
CHS,AUS
CHS,BWI
CHS,BZE
CHS,BHM
CHS,BOI
CHS,BOS
CHS,BUF
CHS,BUR
CHS,SJD
CHS,CUN
CHS,GCM
CHS,CLT
CHS,MDW
CHS,CVG
CHS,CLE
CHS,CMH
CHS,CRP
CHS,DAL
CHS,DEN
CHS,DSM
CHS,DTW
CHS,ELP
CHS,FLL
CHS,RSW
CHS,GRR
CHS,GSP
CHS,HRL
CHS,BDL
CHS,HAV
CHS,HOU
CHS,IND
CHS,JAX
CHS,MCI
CHS,LAS
CHS,LIR
CHS,LIT
CHS,LGB
CHS,ISP
CHS,LAX
CHS,SDF
CHS,LBB
CHS,MHT
CHS,MEM
CHS,MEX
CHS,MAF
CHS,MKE
CHS,MSP
CHS,MBJ
CHS,LGA
CHS,BNA
CHS,NAS
CHS,MSY
CHS,EWR
CHS,ORF
CHS,OAK
CHS,OKC
CHS,OMA
CHS,ONT
CHS,SNA
CHS,MCO
CHS,ECP
CHS,PNS
CHS,PHL
CHS,PHX
CHS,PIT
CHS,PWM
CHS,PDX
CHS,PVD
CHS,PVR
CHS,PUJ
CHS,RDU
CHS,RNO
CHS,RIC
CHS,ROC
CHS,SMF
CHS,SLC
CHS,SAT
CHS,SAN
CHS,SFO
CHS,SJC
CHS,SJO
CHS,SJU
CHS,SEA
CHS,GEG
CHS,STL
CHS,TPA
CHS,TUS
CHS,TUL
CHS,PLS
CHS,IAD
CHS,DCA
CHS,PBI
CHS,ICT
CLT,ALB
CLT,ABQ
CLT,AMA
CLT,AUA
CLT,ATL
CLT,AUS
CLT,BWI
CLT,BZE
CLT,BHM
CLT,BOI
CLT,BOS
CLT,BUF
CLT,BUR
CLT,SJD
CLT,CUN
CLT,GCM
CLT,CHS
CLT,MDW
CLT,CVG
CLT,CLE
CLT,CMH
CLT,CRP
CLT,DAL
CLT,DEN
CLT,DSM
CLT,DTW
CLT,ELP
CLT,FLL
CLT,RSW
CLT,GRR
CLT,GSP
CLT,HRL
CLT,BDL
CLT,HAV
CLT,HOU
CLT,IND
CLT,JAX
CLT,MCI
CLT,LAS
CLT,LIR
CLT,LIT
CLT,LGB
CLT,ISP
CLT,LAX
CLT,SDF
CLT,LBB
CLT,MHT
CLT,MEM
CLT,MEX
CLT,MAF
CLT,MKE
CLT,MSP
CLT,MBJ
CLT,LGA
CLT,BNA
CLT,NAS
CLT,MSY
CLT,EWR
CLT,ORF
CLT,OAK
CLT,OKC
CLT,OMA
CLT,ONT
CLT,SNA
CLT,MCO
CLT,ECP
CLT,PNS
CLT,PHL
CLT,PHX
CLT,PIT
CLT,PWM
CLT,PDX
CLT,PVD
CLT,PVR
CLT,PUJ
CLT,RDU
CLT,RNO
CLT,RIC
CLT,ROC
CLT,SMF
CLT,SLC
CLT,SAT
CLT,SAN
CLT,SFO
CLT,SJC
CLT,SJO
CLT,SJU
CLT,SEA
CLT,GEG
CLT,STL
CLT,TPA
CLT,TUS
CLT,TUL
CLT,PLS
CLT,IAD
CLT,DCA
CLT,PBI
CLT,ICT
MDW,ALB
MDW,ABQ
MDW,AMA
MDW,AUA
MDW,ATL
MDW,AUS
MDW,BWI
MDW,BZE
MDW,BHM
MDW,BOI
MDW,BOS
MDW,BUF
MDW,BUR
MDW,SJD
MDW,CUN
MDW,GCM
MDW,CHS
MDW,CLT
MDW,CVG
MDW,CLE
MDW,CMH
MDW,CRP
MDW,DAL
MDW,DEN
MDW,DSM
MDW,DTW
MDW,ELP
MDW,FLL
MDW,RSW
MDW,GRR
MDW,GSP
MDW,HRL
MDW,BDL
MDW,HAV
MDW,HOU
MDW,IND
MDW,JAX
MDW,MCI
MDW,LAS
MDW,LIR
MDW,LIT
MDW,LGB
MDW,ISP
MDW,LAX
MDW,SDF
MDW,LBB
MDW,MHT
MDW,MEM
MDW,MEX
MDW,MAF
MDW,MKE
MDW,MSP
MDW,MBJ
MDW,LGA
MDW,BNA
MDW,NAS
MDW,MSY
MDW,EWR
MDW,ORF
MDW,OAK
MDW,OKC
MDW,OMA
MDW,ONT
MDW,SNA
MDW,MCO
MDW,ECP
MDW,PNS
MDW,PHL
MDW,PHX
MDW,PIT
MDW,PWM
MDW,PDX
MDW,PVD
MDW,PVR
MDW,PUJ
MDW,RDU
MDW,RNO
MDW,RIC
MDW,ROC
MDW,SMF
MDW,SLC
MDW,SAT
MDW,SAN
MDW,SFO
MDW,SJC
MDW,SJO
MDW,SJU
MDW,SEA
MDW,GEG
MDW,STL
MDW,TPA
MDW,TUS
MDW,TUL
MDW,PLS
MDW,IAD
MDW,DCA
MDW,PBI
MDW,ICT
CVG,ALB
CVG,ABQ
CVG,AMA
CVG,AUA
CVG,ATL
CVG,AUS
CVG,BWI
CVG,BZE
CVG,BHM
CVG,BOI
CVG,BOS
CVG,BUF
CVG,BUR
CVG,SJD
CVG,CUN
CVG,GCM
CVG,CHS
CVG,CLT
CVG,MDW
CVG,CLE
CVG,CMH
CVG,CRP
CVG,DAL
CVG,DEN
CVG,DSM
CVG,DTW
CVG,ELP
CVG,FLL
CVG,RSW
CVG,GRR
CVG,GSP
CVG,HRL
CVG,BDL
CVG,HAV
CVG,HOU
CVG,IND
CVG,JAX
CVG,MCI
CVG,LAS
CVG,LIR
CVG,LIT
CVG,LGB
CVG,ISP
CVG,LAX
CVG,SDF
CVG,LBB
CVG,MHT
CVG,MEM
CVG,MEX
CVG,MAF
CVG,MKE
CVG,MSP
CVG,MBJ
CVG,LGA
CVG,BNA
CVG,NAS
CVG,MSY
CVG,EWR
CVG,ORF
CVG,OAK
CVG,OKC
CVG,OMA
CVG,ONT
CVG,SNA
CVG,MCO
CVG,ECP
CVG,PNS
CVG,PHL
CVG,PHX
CVG,PIT
CVG,PWM
CVG,PDX
CVG,PVD
CVG,PVR
CVG,PUJ
CVG,RDU
CVG,RNO
CVG,RIC
CVG,ROC
CVG,SMF
CVG,SLC
CVG,SAT
CVG,SAN
CVG,SFO
CVG,SJC
CVG,SJO
CVG,SJU
CVG,SEA
CVG,GEG
CVG,STL
CVG,TPA
CVG,TUS
CVG,TUL
CVG,PLS
CVG,IAD
CVG,DCA
CVG,PBI
CVG,ICT
CLE,ALB
CLE,ABQ
CLE,AMA
CLE,AUA
CLE,ATL
CLE,AUS
CLE,BWI
CLE,BZE
CLE,BHM
CLE,BOI
CLE,BOS
CLE,BUF
CLE,BUR
CLE,SJD
CLE,CUN
CLE,GCM
CLE,CHS
CLE,CLT
CLE,MDW
CLE,CVG
CLE,CMH
CLE,CRP
CLE,DAL
CLE,DEN
CLE,DSM
CLE,DTW
CLE,ELP
CLE,FLL
CLE,RSW
CLE,GRR
CLE,GSP
CLE,HRL
CLE,BDL
CLE,HAV
CLE,HOU
CLE,IND
CLE,JAX
CLE,MCI
CLE,LAS
CLE,LIR
CLE,LIT
CLE,LGB
CLE,ISP
CLE,LAX
CLE,SDF
CLE,LBB
CLE,MHT
CLE,MEM
CLE,MEX
CLE,MAF
CLE,MKE
CLE,MSP
CLE,MBJ
CLE,LGA
CLE,BNA
CLE,NAS
CLE,MSY
CLE,EWR
CLE,ORF
CLE,OAK
CLE,OKC
CLE,OMA
CLE,ONT
CLE,SNA
CLE,MCO
CLE,ECP
CLE,PNS
CLE,PHL
CLE,PHX
CLE,PIT
CLE,PWM
CLE,PDX
CLE,PVD
CLE,PVR
CLE,PUJ
CLE,RDU
CLE,RNO
CLE,RIC
CLE,ROC
CLE,SMF
CLE,SLC
CLE,SAT
CLE,SAN
CLE,SFO
CLE,SJC
CLE,SJO
CLE,SJU
CLE,SEA
CLE,GEG
CLE,STL
CLE,TPA
CLE,TUS
CLE,TUL
CLE,PLS
CLE,IAD
CLE,DCA
CLE,PBI
CLE,ICT
CMH,ALB
CMH,ABQ
CMH,AMA
CMH,AUA
CMH,ATL
CMH,AUS
CMH,BWI
CMH,BZE
CMH,BHM
CMH,BOI
CMH,BOS
CMH,BUF
CMH,BUR
CMH,SJD
CMH,CUN
CMH,GCM
CMH,CHS
CMH,CLT
CMH,MDW
CMH,CVG
CMH,CLE
CMH,CRP
CMH,DAL
CMH,DEN
CMH,DSM
CMH,DTW
CMH,ELP
CMH,FLL
CMH,RSW
CMH,GRR
CMH,GSP
CMH,HRL
CMH,BDL
CMH,HAV
CMH,HOU
CMH,IND
CMH,JAX
CMH,MCI
CMH,LAS
CMH,LIR
CMH,LIT
CMH,LGB
CMH,ISP
CMH,LAX
CMH,SDF
CMH,LBB
CMH,MHT
CMH,MEM
CMH,MEX
CMH,MAF
CMH,MKE
CMH,MSP
CMH,MBJ
CMH,LGA
CMH,BNA
CMH,NAS
CMH,MSY
CMH,EWR
CMH,ORF
CMH,OAK
CMH,OKC
CMH,OMA
CMH,ONT
CMH,SNA
CMH,MCO
CMH,ECP
CMH,PNS
CMH,PHL
CMH,PHX
CMH,PIT
CMH,PWM
CMH,PDX
CMH,PVD
CMH,PVR
CMH,PUJ
CMH,RDU
CMH,RNO
CMH,RIC
CMH,ROC
CMH,SMF
CMH,SLC
CMH,SAT
CMH,SAN
CMH,SFO
CMH,SJC
CMH,SJO
CMH,SJU
CMH,SEA
CMH,GEG
CMH,STL
CMH,TPA
CMH,TUS
CMH,TUL
CMH,PLS
CMH,IAD
CMH,DCA
CMH,PBI
CMH,ICT
CRP,ALB
CRP,ABQ
CRP,AMA
CRP,AUA
CRP,ATL
CRP,AUS
CRP,BWI
CRP,BZE
CRP,BHM
CRP,BOI
CRP,BOS
CRP,BUF
CRP,BUR
CRP,SJD
CRP,CUN
CRP,GCM
CRP,CHS
CRP,CLT
CRP,MDW
CRP,CVG
CRP,CLE
CRP,CMH
CRP,DAL
CRP,DEN
CRP,DSM
CRP,DTW
CRP,ELP
CRP,FLL
CRP,RSW
CRP,GRR
CRP,GSP
CRP,HRL
CRP,BDL
CRP,HAV
CRP,HOU
CRP,IND
CRP,JAX
CRP,MCI
CRP,LAS
CRP,LIR
CRP,LIT
CRP,LGB
CRP,ISP
CRP,LAX
CRP,SDF
CRP,LBB
CRP,MHT
CRP,MEM
CRP,MEX
CRP,MAF
CRP,MKE
CRP,MSP
CRP,MBJ
CRP,LGA
CRP,BNA
CRP,NAS
CRP,MSY
CRP,EWR
CRP,ORF
CRP,OAK
CRP,OKC
CRP,OMA
CRP,ONT
CRP,SNA
CRP,MCO
CRP,ECP
CRP,PNS
CRP,PHL
CRP,PHX
CRP,PIT
CRP,PWM
CRP,PDX
CRP,PVD
CRP,PVR
CRP,PUJ
CRP,RDU
CRP,RNO
CRP,RIC
CRP,ROC
CRP,SMF
CRP,SLC
CRP,SAT
CRP,SAN
CRP,SFO
CRP,SJC
CRP,SJO
CRP,SJU
CRP,SEA
CRP,GEG
CRP,STL
CRP,TPA
CRP,TUS
CRP,TUL
CRP,PLS
CRP,IAD
CRP,DCA
CRP,PBI
CRP,ICT
DAL,ALB
DAL,ABQ
DAL,AMA
DAL,AUA
DAL,ATL
DAL,AUS
DAL,BWI
DAL,BZE
DAL,BHM
DAL,BOI
DAL,BOS
DAL,BUF
DAL,BUR
DAL,SJD
DAL,CUN
DAL,GCM
DAL,CHS
DAL,CLT
DAL,MDW
DAL,CVG
DAL,CLE
DAL,CMH
DAL,CRP
DAL,DEN
DAL,DSM
DAL,DTW
DAL,ELP
DAL,FLL
DAL,RSW
DAL,GRR
DAL,GSP
DAL,HRL
DAL,BDL
DAL,HAV
DAL,HOU
DAL,IND
DAL,JAX
DAL,MCI
DAL,LAS
DAL,LIR
DAL,LIT
DAL,LGB
DAL,ISP
DAL,LAX
DAL,SDF
DAL,LBB
DAL,MHT
DAL,MEM
DAL,MEX
DAL,MAF
DAL,MKE
DAL,MSP
DAL,MBJ
DAL,LGA
DAL,BNA
DAL,NAS
DAL,MSY
DAL,EWR
DAL,ORF
DAL,OAK
DAL,OKC
DAL,OMA
DAL,ONT
DAL,SNA
DAL,MCO
DAL,ECP
DAL,PNS
DAL,PHL
DAL,PHX
DAL,PIT
DAL,PWM
DAL,PDX
DAL,PVD
DAL,PVR
DAL,PUJ
DAL,RDU
DAL,RNO
DAL,RIC
DAL,ROC
DAL,SMF
DAL,SLC
DAL,SAT
DAL,SAN
DAL,SFO
DAL,SJC
DAL,SJO
DAL,SJU
DAL,SEA
DAL,GEG
DAL,STL
DAL,TPA
DAL,TUS
DAL,TUL
DAL,PLS
DAL,IAD
DAL,DCA
DAL,PBI
DAL,ICT
DEN,ALB
DEN,ABQ
DEN,AMA
DEN,AUA
DEN,ATL
DEN,AUS
DEN,BWI
DEN,BZE
DEN,BHM
DEN,BOI
DEN,BOS
DEN,BUF
DEN,BUR
DEN,SJD
DEN,CUN
DEN,GCM
DEN,CHS
DEN,CLT
DEN,MDW
DEN,CVG
DEN,CLE
DEN,CMH
DEN,CRP
DEN,DAL
DEN,DSM
DEN,DTW
DEN,ELP
DEN,FLL
DEN,RSW
DEN,GRR
DEN,GSP
DEN,HRL
DEN,BDL
DEN,HAV
DEN,HOU
DEN,IND
DEN,JAX
DEN,MCI
DEN,LAS
DEN,LIR
DEN,LIT
DEN,LGB
DEN,ISP
DEN,LAX
DEN,SDF
DEN,LBB
DEN,MHT
DEN,MEM
DEN,MEX
DEN,MAF
DEN,MKE
DEN,MSP
DEN,MBJ
DEN,LGA
DEN,BNA
DEN,NAS
DEN,MSY
DEN,EWR
DEN,ORF
DEN,OAK
DEN,OKC
DEN,OMA
DEN,ONT
DEN,SNA
DEN,MCO
DEN,ECP
DEN,PNS
DEN,PHL
DEN,PHX
DEN,PIT
DEN,PWM
DEN,PDX
DEN,PVD
DEN,PVR
DEN,PUJ
DEN,RDU
DEN,RNO
DEN,RIC
DEN,ROC
DEN,SMF
DEN,SLC
DEN,SAT
DEN,SAN
DEN,SFO
DEN,SJC
DEN,SJO
DEN,SJU
DEN,SEA
DEN,GEG
DEN,STL
DEN,TPA
DEN,TUS
DEN,TUL
DEN,PLS
DEN,IAD
DEN,DCA
DEN,PBI
DEN,ICT
DSM,ALB
DSM,ABQ
DSM,AMA
DSM,AUA
DSM,ATL
DSM,AUS
DSM,BWI
DSM,BZE
DSM,BHM
DSM,BOI
DSM,BOS
DSM,BUF
DSM,BUR
DSM,SJD
DSM,CUN
DSM,GCM
DSM,CHS
DSM,CLT
DSM,MDW
DSM,CVG
DSM,CLE
DSM,CMH
DSM,CRP
DSM,DAL
DSM,DEN
DSM,DTW
DSM,ELP
DSM,FLL
DSM,RSW
DSM,GRR
DSM,GSP
DSM,HRL
DSM,BDL
DSM,HAV
DSM,HOU
DSM,IND
DSM,JAX
DSM,MCI
DSM,LAS
DSM,LIR
DSM,LIT
DSM,LGB
DSM,ISP
DSM,LAX
DSM,SDF
DSM,LBB
DSM,MHT
DSM,MEM
DSM,MEX
DSM,MAF
DSM,MKE
DSM,MSP
DSM,MBJ
DSM,LGA
DSM,BNA
DSM,NAS
DSM,MSY
DSM,EWR
DSM,ORF
DSM,OAK
DSM,OKC
DSM,OMA
DSM,ONT
DSM,SNA
DSM,MCO
DSM,ECP
DSM,PNS
DSM,PHL
DSM,PHX
DSM,PIT
DSM,PWM
DSM,PDX
DSM,PVD
DSM,PVR
DSM,PUJ
DSM,RDU
DSM,RNO
DSM,RIC
DSM,ROC
DSM,SMF
DSM,SLC
DSM,SAT
DSM,SAN
DSM,SFO
DSM,SJC
DSM,SJO
DSM,SJU
DSM,SEA
DSM,GEG
DSM,STL
DSM,TPA
DSM,TUS
DSM,TUL
DSM,PLS
DSM,IAD
DSM,DCA
DSM,PBI
DSM,ICT
DTW,ALB
DTW,ABQ
DTW,AMA
DTW,AUA
DTW,ATL
DTW,AUS
DTW,BWI
DTW,BZE
DTW,BHM
DTW,BOI
DTW,BOS
DTW,BUF
DTW,BUR
DTW,SJD
DTW,CUN
DTW,GCM
DTW,CHS
DTW,CLT
DTW,MDW
DTW,CVG
DTW,CLE
DTW,CMH
DTW,CRP
DTW,DAL
DTW,DEN
DTW,DSM
DTW,ELP
DTW,FLL
DTW,RSW
DTW,GRR
DTW,GSP
DTW,HRL
DTW,BDL
DTW,HAV
DTW,HOU
DTW,IND
DTW,JAX
DTW,MCI
DTW,LAS
DTW,LIR
DTW,LIT
DTW,LGB
DTW,ISP
DTW,LAX
DTW,SDF
DTW,LBB
DTW,MHT
DTW,MEM
DTW,MEX
DTW,MAF
DTW,MKE
DTW,MSP
DTW,MBJ
DTW,LGA
DTW,BNA
DTW,NAS
DTW,MSY
DTW,EWR
DTW,ORF
DTW,OAK
DTW,OKC
DTW,OMA
DTW,ONT
DTW,SNA
DTW,MCO
DTW,ECP
DTW,PNS
DTW,PHL
DTW,PHX
DTW,PIT
DTW,PWM
DTW,PDX
DTW,PVD
DTW,PVR
DTW,PUJ
DTW,RDU
DTW,RNO
DTW,RIC
DTW,ROC
DTW,SMF
DTW,SLC
DTW,SAT
DTW,SAN
DTW,SFO
DTW,SJC
DTW,SJO
DTW,SJU
DTW,SEA
DTW,GEG
DTW,STL
DTW,TPA
DTW,TUS
DTW,TUL
DTW,PLS
DTW,IAD
DTW,DCA
DTW,PBI
DTW,ICT
ELP,ALB
ELP,ABQ
ELP,AMA
ELP,AUA
ELP,ATL
ELP,AUS
ELP,BWI
ELP,BZE
ELP,BHM
ELP,BOI
ELP,BOS
ELP,BUF
ELP,BUR
ELP,SJD
ELP,CUN
ELP,GCM
ELP,CHS
ELP,CLT
ELP,MDW
ELP,CVG
ELP,CLE
ELP,CMH
ELP,CRP
ELP,DAL
ELP,DEN
ELP,DSM
ELP,DTW
ELP,FLL
ELP,RSW
ELP,GRR
ELP,GSP
ELP,HRL
ELP,BDL
ELP,HAV
ELP,HOU
ELP,IND
ELP,JAX
ELP,MCI
ELP,LAS
ELP,LIR
ELP,LIT
ELP,LGB
ELP,ISP
ELP,LAX
ELP,SDF
ELP,LBB
ELP,MHT
ELP,MEM
ELP,MEX
ELP,MAF
ELP,MKE
ELP,MSP
ELP,MBJ
ELP,LGA
ELP,BNA
ELP,NAS
ELP,MSY
ELP,EWR
ELP,ORF
ELP,OAK
ELP,OKC
ELP,OMA
ELP,ONT
ELP,SNA
ELP,MCO
ELP,ECP
ELP,PNS
ELP,PHL
ELP,PHX
ELP,PIT
ELP,PWM
ELP,PDX
ELP,PVD
ELP,PVR
ELP,PUJ
ELP,RDU
ELP,RNO
ELP,RIC
ELP,ROC
ELP,SMF
ELP,SLC
ELP,SAT
ELP,SAN
ELP,SFO
ELP,SJC
ELP,SJO
ELP,SJU
ELP,SEA
ELP,GEG
ELP,STL
ELP,TPA
ELP,TUS
ELP,TUL
ELP,PLS
ELP,IAD
ELP,DCA
ELP,PBI
ELP,ICT
FLL,ALB
FLL,ABQ
FLL,AMA
FLL,AUA
FLL,ATL
FLL,AUS
FLL,BWI
FLL,BZE
FLL,BHM
FLL,BOI
FLL,BOS
FLL,BUF
FLL,BUR
FLL,SJD
FLL,CUN
FLL,GCM
FLL,CHS
FLL,CLT
FLL,MDW
FLL,CVG
FLL,CLE
FLL,CMH
FLL,CRP
FLL,DAL
FLL,DEN
FLL,DSM
FLL,DTW
FLL,ELP
FLL,RSW
FLL,GRR
FLL,GSP
FLL,HRL
FLL,BDL
FLL,HAV
FLL,HOU
FLL,IND
FLL,JAX
FLL,MCI
FLL,LAS
FLL,LIR
FLL,LIT
FLL,LGB
FLL,ISP
FLL,LAX
FLL,SDF
FLL,LBB
FLL,MHT
FLL,MEM
FLL,MEX
FLL,MAF
FLL,MKE
FLL,MSP
FLL,MBJ
FLL,LGA
FLL,BNA
FLL,NAS
FLL,MSY
FLL,EWR
FLL,ORF
FLL,OAK
FLL,OKC
FLL,OMA
FLL,ONT
FLL,SNA
FLL,MCO
FLL,ECP
FLL,PNS
FLL,PHL
FLL,PHX
FLL,PIT
FLL,PWM
FLL,PDX
FLL,PVD
FLL,PVR
FLL,PUJ
FLL,RDU
FLL,RNO
FLL,RIC
FLL,ROC
FLL,SMF
FLL,SLC
FLL,SAT
FLL,SAN
FLL,SFO
FLL,SJC
FLL,SJO
FLL,SJU
FLL,SEA
FLL,GEG
FLL,STL
FLL,TPA
FLL,TUS
FLL,TUL
FLL,PLS
FLL,IAD
FLL,DCA
FLL,PBI
FLL,ICT
RSW,ALB
RSW,ABQ
RSW,AMA
RSW,AUA
RSW,ATL
RSW,AUS
RSW,BWI
RSW,BZE
RSW,BHM
RSW,BOI
RSW,BOS
RSW,BUF
RSW,BUR
RSW,SJD
RSW,CUN
RSW,GCM
RSW,CHS
RSW,CLT
RSW,MDW
RSW,CVG
RSW,CLE
RSW,CMH
RSW,CRP
RSW,DAL
RSW,DEN
RSW,DSM
RSW,DTW
RSW,ELP
RSW,FLL
RSW,GRR
RSW,GSP
RSW,HRL
RSW,BDL
RSW,HAV
RSW,HOU
RSW,IND
RSW,JAX
RSW,MCI
RSW,LAS
RSW,LIR
RSW,LIT
RSW,LGB
RSW,ISP
RSW,LAX
RSW,SDF
RSW,LBB
RSW,MHT
RSW,MEM
RSW,MEX
RSW,MAF
RSW,MKE
RSW,MSP
RSW,MBJ
RSW,LGA
RSW,BNA
RSW,NAS
RSW,MSY
RSW,EWR
RSW,ORF
RSW,OAK
RSW,OKC
RSW,OMA
RSW,ONT
RSW,SNA
RSW,MCO
RSW,ECP
RSW,PNS
RSW,PHL
RSW,PHX
RSW,PIT
RSW,PWM
RSW,PDX
RSW,PVD
RSW,PVR
RSW,PUJ
RSW,RDU
RSW,RNO
RSW,RIC
RSW,ROC
RSW,SMF
RSW,SLC
RSW,SAT
RSW,SAN
RSW,SFO
RSW,SJC
RSW,SJO
RSW,SJU
RSW,SEA
RSW,GEG
RSW,STL
RSW,TPA
RSW,TUS
RSW,TUL
RSW,PLS
RSW,IAD
RSW,DCA
RSW,PBI
RSW,ICT
GRR,ALB
GRR,ABQ
GRR,AMA
GRR,AUA
GRR,ATL
GRR,AUS
GRR,BWI
GRR,BZE
GRR,BHM
GRR,BOI
GRR,BOS
GRR,BUF
GRR,BUR
GRR,SJD
GRR,CUN
GRR,GCM
GRR,CHS
GRR,CLT
GRR,MDW
GRR,CVG
GRR,CLE
GRR,CMH
GRR,CRP
GRR,DAL
GRR,DEN
GRR,DSM
GRR,DTW
GRR,ELP
GRR,FLL
GRR,RSW
GRR,GSP
GRR,HRL
GRR,BDL
GRR,HAV
GRR,HOU
GRR,IND
GRR,JAX
GRR,MCI
GRR,LAS
GRR,LIR
GRR,LIT
GRR,LGB
GRR,ISP
GRR,LAX
GRR,SDF
GRR,LBB
GRR,MHT
GRR,MEM
GRR,MEX
GRR,MAF
GRR,MKE
GRR,MSP
GRR,MBJ
GRR,LGA
GRR,BNA
GRR,NAS
GRR,MSY
GRR,EWR
GRR,ORF
GRR,OAK
GRR,OKC
GRR,OMA
GRR,ONT
GRR,SNA
GRR,MCO
GRR,ECP
GRR,PNS
GRR,PHL
GRR,PHX
GRR,PIT
GRR,PWM
GRR,PDX
GRR,PVD
GRR,PVR
GRR,PUJ
GRR,RDU
GRR,RNO
GRR,RIC
GRR,ROC
GRR,SMF
GRR,SLC
GRR,SAT
GRR,SAN
GRR,SFO
GRR,SJC
GRR,SJO
GRR,SJU
GRR,SEA
GRR,GEG
GRR,STL
GRR,TPA
GRR,TUS
GRR,TUL
GRR,PLS
GRR,IAD
GRR,DCA
GRR,PBI
GRR,ICT
GSP,ALB
GSP,ABQ
GSP,AMA
GSP,AUA
GSP,ATL
GSP,AUS
GSP,BWI
GSP,BZE
GSP,BHM
GSP,BOI
GSP,BOS
GSP,BUF
GSP,BUR
GSP,SJD
GSP,CUN
GSP,GCM
GSP,CHS
GSP,CLT
GSP,MDW
GSP,CVG
GSP,CLE
GSP,CMH
GSP,CRP
GSP,DAL
GSP,DEN
GSP,DSM
GSP,DTW
GSP,ELP
GSP,FLL
GSP,RSW
GSP,GRR
GSP,HRL
GSP,BDL
GSP,HAV
GSP,HOU
GSP,IND
GSP,JAX
GSP,MCI
GSP,LAS
GSP,LIR
GSP,LIT
GSP,LGB
GSP,ISP
GSP,LAX
GSP,SDF
GSP,LBB
GSP,MHT
GSP,MEM
GSP,MEX
GSP,MAF
GSP,MKE
GSP,MSP
GSP,MBJ
GSP,LGA
GSP,BNA
GSP,NAS
GSP,MSY
GSP,EWR
GSP,ORF
GSP,OAK
GSP,OKC
GSP,OMA
GSP,ONT
GSP,SNA
GSP,MCO
GSP,ECP
GSP,PNS
GSP,PHL
GSP,PHX
GSP,PIT
GSP,PWM
GSP,PDX
GSP,PVD
GSP,PVR
GSP,PUJ
GSP,RDU
GSP,RNO
GSP,RIC
GSP,ROC
GSP,SMF
GSP,SLC
GSP,SAT
GSP,SAN
GSP,SFO
GSP,SJC
GSP,SJO
GSP,SJU
GSP,SEA
GSP,GEG
GSP,STL
GSP,TPA
GSP,TUS
GSP,TUL
GSP,PLS
GSP,IAD
GSP,DCA
GSP,PBI
GSP,ICT
HRL,ALB
HRL,ABQ
HRL,AMA
HRL,AUA
HRL,ATL
HRL,AUS
HRL,BWI
HRL,BZE
HRL,BHM
HRL,BOI
HRL,BOS
HRL,BUF
HRL,BUR
HRL,SJD
HRL,CUN
HRL,GCM
HRL,CHS
HRL,CLT
HRL,MDW
HRL,CVG
HRL,CLE
HRL,CMH
HRL,CRP
HRL,DAL
HRL,DEN
HRL,DSM
HRL,DTW
HRL,ELP
HRL,FLL
HRL,RSW
HRL,GRR
HRL,GSP
HRL,BDL
HRL,HAV
HRL,HOU
HRL,IND
HRL,JAX
HRL,MCI
HRL,LAS
HRL,LIR
HRL,LIT
HRL,LGB
HRL,ISP
HRL,LAX
HRL,SDF
HRL,LBB
HRL,MHT
HRL,MEM
HRL,MEX
HRL,MAF
HRL,MKE
HRL,MSP
HRL,MBJ
HRL,LGA
HRL,BNA
HRL,NAS
HRL,MSY
HRL,EWR
HRL,ORF
HRL,OAK
HRL,OKC
HRL,OMA
HRL,ONT
HRL,SNA
HRL,MCO
HRL,ECP
HRL,PNS
HRL,PHL
HRL,PHX
HRL,PIT
HRL,PWM
HRL,PDX
HRL,PVD
HRL,PVR
HRL,PUJ
HRL,RDU
HRL,RNO
HRL,RIC
HRL,ROC
HRL,SMF
HRL,SLC
HRL,SAT
HRL,SAN
HRL,SFO
HRL,SJC
HRL,SJO
HRL,SJU
HRL,SEA
HRL,GEG
HRL,STL
HRL,TPA
HRL,TUS
HRL,TUL
HRL,PLS
HRL,IAD
HRL,DCA
HRL,PBI
HRL,ICT
BDL,ALB
BDL,ABQ
BDL,AMA
BDL,AUA
BDL,ATL
BDL,AUS
BDL,BWI
BDL,BZE
BDL,BHM
BDL,BOI
BDL,BOS
BDL,BUF
BDL,BUR
BDL,SJD
BDL,CUN
BDL,GCM
BDL,CHS
BDL,CLT
BDL,MDW
BDL,CVG
BDL,CLE
BDL,CMH
BDL,CRP
BDL,DAL
BDL,DEN
BDL,DSM
BDL,DTW
BDL,ELP
BDL,FLL
BDL,RSW
BDL,GRR
BDL,GSP
BDL,HRL
BDL,HAV
BDL,HOU
BDL,IND
BDL,JAX
BDL,MCI
BDL,LAS
BDL,LIR
BDL,LIT
BDL,LGB
BDL,ISP
BDL,LAX
BDL,SDF
BDL,LBB
BDL,MHT
BDL,MEM
BDL,MEX
BDL,MAF
BDL,MKE
BDL,MSP
BDL,MBJ
BDL,LGA
BDL,BNA
BDL,NAS
BDL,MSY
BDL,EWR
BDL,ORF
BDL,OAK
BDL,OKC
BDL,OMA
BDL,ONT
BDL,SNA
BDL,MCO
BDL,ECP
BDL,PNS
BDL,PHL
BDL,PHX
BDL,PIT
BDL,PWM
BDL,PDX
BDL,PVD
BDL,PVR
BDL,PUJ
BDL,RDU
BDL,RNO
BDL,RIC
BDL,ROC
BDL,SMF
BDL,SLC
BDL,SAT
BDL,SAN
BDL,SFO
BDL,SJC
BDL,SJO
BDL,SJU
BDL,SEA
BDL,GEG
BDL,STL
BDL,TPA
BDL,TUS
BDL,TUL
BDL,PLS
BDL,IAD
BDL,DCA
BDL,PBI
BDL,ICT
HAV,ALB
HAV,ABQ
HAV,AMA
HAV,AUA
HAV,ATL
HAV,AUS
HAV,BWI
HAV,BZE
HAV,BHM
HAV,BOI
HAV,BOS
HAV,BUF
HAV,BUR
HAV,SJD
HAV,CUN
HAV,GCM
HAV,CHS
HAV,CLT
HAV,MDW
HAV,CVG
HAV,CLE
HAV,CMH
HAV,CRP
HAV,DAL
HAV,DEN
HAV,DSM
HAV,DTW
HAV,ELP
HAV,FLL
HAV,RSW
HAV,GRR
HAV,GSP
HAV,HRL
HAV,BDL
HAV,HOU
HAV,IND
HAV,JAX
HAV,MCI
HAV,LAS
HAV,LIR
HAV,LIT
HAV,LGB
HAV,ISP
HAV,LAX
HAV,SDF
HAV,LBB
HAV,MHT
HAV,MEM
HAV,MEX
HAV,MAF
HAV,MKE
HAV,MSP
HAV,MBJ
HAV,LGA
HAV,BNA
HAV,NAS
HAV,MSY
HAV,EWR
HAV,ORF
HAV,OAK
HAV,OKC
HAV,OMA
HAV,ONT
HAV,SNA
HAV,MCO
HAV,ECP
HAV,PNS
HAV,PHL
HAV,PHX
HAV,PIT
HAV,PWM
HAV,PDX
HAV,PVD
HAV,PVR
HAV,PUJ
HAV,RDU
HAV,RNO
HAV,RIC
HAV,ROC
HAV,SMF
HAV,SLC
HAV,SAT
HAV,SAN
HAV,SFO
HAV,SJC
HAV,SJO
HAV,SJU
HAV,SEA
HAV,GEG
HAV,STL
HAV,TPA
HAV,TUS
HAV,TUL
HAV,PLS
HAV,IAD
HAV,DCA
HAV,PBI
HAV,ICT
HOU,ALB
HOU,ABQ
HOU,AMA
HOU,AUA
HOU,ATL
HOU,AUS
HOU,BWI
HOU,BZE
HOU,BHM
HOU,BOI
HOU,BOS
HOU,BUF
HOU,BUR
HOU,SJD
HOU,CUN
HOU,GCM
HOU,CHS
HOU,CLT
HOU,MDW
HOU,CVG
HOU,CLE
HOU,CMH
HOU,CRP
HOU,DAL
HOU,DEN
HOU,DSM
HOU,DTW
HOU,ELP
HOU,FLL
HOU,RSW
HOU,GRR
HOU,GSP
HOU,HRL
HOU,BDL
HOU,HAV
HOU,IND
HOU,JAX
HOU,MCI
HOU,LAS
HOU,LIR
HOU,LIT
HOU,LGB
HOU,ISP
HOU,LAX
HOU,SDF
HOU,LBB
HOU,MHT
HOU,MEM
HOU,MEX
HOU,MAF
HOU,MKE
HOU,MSP
HOU,MBJ
HOU,LGA
HOU,BNA
HOU,NAS
HOU,MSY
HOU,EWR
HOU,ORF
HOU,OAK
HOU,OKC
HOU,OMA
HOU,ONT
HOU,SNA
HOU,MCO
HOU,ECP
HOU,PNS
HOU,PHL
HOU,PHX
HOU,PIT
HOU,PWM
HOU,PDX
HOU,PVD
HOU,PVR
HOU,PUJ
HOU,RDU
HOU,RNO
HOU,RIC
HOU,ROC
HOU,SMF
HOU,SLC
HOU,SAT
HOU,SAN
HOU,SFO
HOU,SJC
HOU,SJO
HOU,SJU
HOU,SEA
HOU,GEG
HOU,STL
HOU,TPA
HOU,TUS
HOU,TUL
HOU,PLS
HOU,IAD
HOU,DCA
HOU,PBI
HOU,ICT
IND,ALB
IND,ABQ
IND,AMA
IND,AUA
IND,ATL
IND,AUS
IND,BWI
IND,BZE
IND,BHM
IND,BOI
IND,BOS
IND,BUF
IND,BUR
IND,SJD
IND,CUN
IND,GCM
IND,CHS
IND,CLT
IND,MDW
IND,CVG
IND,CLE
IND,CMH
IND,CRP
IND,DAL
IND,DEN
IND,DSM
IND,DTW
IND,ELP
IND,FLL
IND,RSW
IND,GRR
IND,GSP
IND,HRL
IND,BDL
IND,HAV
IND,HOU
IND,JAX
IND,MCI
IND,LAS
IND,LIR
IND,LIT
IND,LGB
IND,ISP
IND,LAX
IND,SDF
IND,LBB
IND,MHT
IND,MEM
IND,MEX
IND,MAF
IND,MKE
IND,MSP
IND,MBJ
IND,LGA
IND,BNA
IND,NAS
IND,MSY
IND,EWR
IND,ORF
IND,OAK
IND,OKC
IND,OMA
IND,ONT
IND,SNA
IND,MCO
IND,ECP
IND,PNS
IND,PHL
IND,PHX
IND,PIT
IND,PWM
IND,PDX
IND,PVD
IND,PVR
IND,PUJ
IND,RDU
IND,RNO
IND,RIC
IND,ROC
IND,SMF
IND,SLC
IND,SAT
IND,SAN
IND,SFO
IND,SJC
IND,SJO
IND,SJU
IND,SEA
IND,GEG
IND,STL
IND,TPA
IND,TUS
IND,TUL
IND,PLS
IND,IAD
IND,DCA
IND,PBI
IND,ICT
JAX,ALB
JAX,ABQ
JAX,AMA
JAX,AUA
JAX,ATL
JAX,AUS
JAX,BWI
JAX,BZE
JAX,BHM
JAX,BOI
JAX,BOS
JAX,BUF
JAX,BUR
JAX,SJD
JAX,CUN
JAX,GCM
JAX,CHS
JAX,CLT
JAX,MDW
JAX,CVG
JAX,CLE
JAX,CMH
JAX,CRP
JAX,DAL
JAX,DEN
JAX,DSM
JAX,DTW
JAX,ELP
JAX,FLL
JAX,RSW
JAX,GRR
JAX,GSP
JAX,HRL
JAX,BDL
JAX,HAV
JAX,HOU
JAX,IND
JAX,MCI
JAX,LAS
JAX,LIR
JAX,LIT
JAX,LGB
JAX,ISP
JAX,LAX
JAX,SDF
JAX,LBB
JAX,MHT
JAX,MEM
JAX,MEX
JAX,MAF
JAX,MKE
JAX,MSP
JAX,MBJ
JAX,LGA
JAX,BNA
JAX,NAS
JAX,MSY
JAX,EWR
JAX,ORF
JAX,OAK
JAX,OKC
JAX,OMA
JAX,ONT
JAX,SNA
JAX,MCO
JAX,ECP
JAX,PNS
JAX,PHL
JAX,PHX
JAX,PIT
JAX,PWM
JAX,PDX
JAX,PVD
JAX,PVR
JAX,PUJ
JAX,RDU
JAX,RNO
JAX,RIC
JAX,ROC
JAX,SMF
JAX,SLC
JAX,SAT
JAX,SAN
JAX,SFO
JAX,SJC
JAX,SJO
JAX,SJU
JAX,SEA
JAX,GEG
JAX,STL
JAX,TPA
JAX,TUS
JAX,TUL
JAX,PLS
JAX,IAD
JAX,DCA
JAX,PBI
JAX,ICT
MCI,ALB
MCI,ABQ
MCI,AMA
MCI,AUA
MCI,ATL
MCI,AUS
MCI,BWI
MCI,BZE
MCI,BHM
MCI,BOI
MCI,BOS
MCI,BUF
MCI,BUR
MCI,SJD
MCI,CUN
MCI,GCM
MCI,CHS
MCI,CLT
MCI,MDW
MCI,CVG
MCI,CLE
MCI,CMH
MCI,CRP
MCI,DAL
MCI,DEN
MCI,DSM
MCI,DTW
MCI,ELP
MCI,FLL
MCI,RSW
MCI,GRR
MCI,GSP
MCI,HRL
MCI,BDL
MCI,HAV
MCI,HOU
MCI,IND
MCI,JAX
MCI,LAS
MCI,LIR
MCI,LIT
MCI,LGB
MCI,ISP
MCI,LAX
MCI,SDF
MCI,LBB
MCI,MHT
MCI,MEM
MCI,MEX
MCI,MAF
MCI,MKE
MCI,MSP
MCI,MBJ
MCI,LGA
MCI,BNA
MCI,NAS
MCI,MSY
MCI,EWR
MCI,ORF
MCI,OAK
MCI,OKC
MCI,OMA
MCI,ONT
MCI,SNA
MCI,MCO
MCI,ECP
MCI,PNS
MCI,PHL
MCI,PHX
MCI,PIT
MCI,PWM
MCI,PDX
MCI,PVD
MCI,PVR
MCI,PUJ
MCI,RDU
MCI,RNO
MCI,RIC
MCI,ROC
MCI,SMF
MCI,SLC
MCI,SAT
MCI,SAN
MCI,SFO
MCI,SJC
MCI,SJO
MCI,SJU
MCI,SEA
MCI,GEG
MCI,STL
MCI,TPA
MCI,TUS
MCI,TUL
MCI,PLS
MCI,IAD
MCI,DCA
MCI,PBI
MCI,ICT
LAS,ALB
LAS,ABQ
LAS,AMA
LAS,AUA
LAS,ATL
LAS,AUS
LAS,BWI
LAS,BZE
LAS,BHM
LAS,BOI
LAS,BOS
LAS,BUF
LAS,BUR
LAS,SJD
LAS,CUN
LAS,GCM
LAS,CHS
LAS,CLT
LAS,MDW
LAS,CVG
LAS,CLE
LAS,CMH
LAS,CRP
LAS,DAL
LAS,DEN
LAS,DSM
LAS,DTW
LAS,ELP
LAS,FLL
LAS,RSW
LAS,GRR
LAS,GSP
LAS,HRL
LAS,BDL
LAS,HAV
LAS,HOU
LAS,IND
LAS,JAX
LAS,MCI
LAS,LIR
LAS,LIT
LAS,LGB
LAS,ISP
LAS,LAX
LAS,SDF
LAS,LBB
LAS,MHT
LAS,MEM
LAS,MEX
LAS,MAF
LAS,MKE
LAS,MSP
LAS,MBJ
LAS,LGA
LAS,BNA
LAS,NAS
LAS,MSY
LAS,EWR
LAS,ORF
LAS,OAK
LAS,OKC
LAS,OMA
LAS,ONT
LAS,SNA
LAS,MCO
LAS,ECP
LAS,PNS
LAS,PHL
LAS,PHX
LAS,PIT
LAS,PWM
LAS,PDX
LAS,PVD
LAS,PVR
LAS,PUJ
LAS,RDU
LAS,RNO
LAS,RIC
LAS,ROC
LAS,SMF
LAS,SLC
LAS,SAT
LAS,SAN
LAS,SFO
LAS,SJC
LAS,SJO
LAS,SJU
LAS,SEA
LAS,GEG
LAS,STL
LAS,TPA
LAS,TUS
LAS,TUL
LAS,PLS
LAS,IAD
LAS,DCA
LAS,PBI
LAS,ICT
LIR,ALB
LIR,ABQ
LIR,AMA
LIR,AUA
LIR,ATL
LIR,AUS
LIR,BWI
LIR,BZE
LIR,BHM
LIR,BOI
LIR,BOS
LIR,BUF
LIR,BUR
LIR,SJD
LIR,CUN
LIR,GCM
LIR,CHS
LIR,CLT
LIR,MDW
LIR,CVG
LIR,CLE
LIR,CMH
LIR,CRP
LIR,DAL
LIR,DEN
LIR,DSM
LIR,DTW
LIR,ELP
LIR,FLL
LIR,RSW
LIR,GRR
LIR,GSP
LIR,HRL
LIR,BDL
LIR,HAV
LIR,HOU
LIR,IND
LIR,JAX
LIR,MCI
LIR,LAS
LIR,LIT
LIR,LGB
LIR,ISP
LIR,LAX
LIR,SDF
LIR,LBB
LIR,MHT
LIR,MEM
LIR,MEX
LIR,MAF
LIR,MKE
LIR,MSP
LIR,MBJ
LIR,LGA
LIR,BNA
LIR,NAS
LIR,MSY
LIR,EWR
LIR,ORF
LIR,OAK
LIR,OKC
LIR,OMA
LIR,ONT
LIR,SNA
LIR,MCO
LIR,ECP
LIR,PNS
LIR,PHL
LIR,PHX
LIR,PIT
LIR,PWM
LIR,PDX
LIR,PVD
LIR,PVR
LIR,PUJ
LIR,RDU
LIR,RNO
LIR,RIC
LIR,ROC
LIR,SMF
LIR,SLC
LIR,SAT
LIR,SAN
LIR,SFO
LIR,SJC
LIR,SJO
LIR,SJU
LIR,SEA
LIR,GEG
LIR,STL
LIR,TPA
LIR,TUS
LIR,TUL
LIR,PLS
LIR,IAD
LIR,DCA
LIR,PBI
LIR,ICT
LIT,ALB
LIT,ABQ
LIT,AMA
LIT,AUA
LIT,ATL
LIT,AUS
LIT,BWI
LIT,BZE
LIT,BHM
LIT,BOI
LIT,BOS
LIT,BUF
LIT,BUR
LIT,SJD
LIT,CUN
LIT,GCM
LIT,CHS
LIT,CLT
LIT,MDW
LIT,CVG
LIT,CLE
LIT,CMH
LIT,CRP
LIT,DAL
LIT,DEN
LIT,DSM
LIT,DTW
LIT,ELP
LIT,FLL
LIT,RSW
LIT,GRR
LIT,GSP
LIT,HRL
LIT,BDL
LIT,HAV
LIT,HOU
LIT,IND
LIT,JAX
LIT,MCI
LIT,LAS
LIT,LIR
LIT,LGB
LIT,ISP
LIT,LAX
LIT,SDF
LIT,LBB
LIT,MHT
LIT,MEM
LIT,MEX
LIT,MAF
LIT,MKE
LIT,MSP
LIT,MBJ
LIT,LGA
LIT,BNA
LIT,NAS
LIT,MSY
LIT,EWR
LIT,ORF
LIT,OAK
LIT,OKC
LIT,OMA
LIT,ONT
LIT,SNA
LIT,MCO
LIT,ECP
LIT,PNS
LIT,PHL
LIT,PHX
LIT,PIT
LIT,PWM
LIT,PDX
LIT,PVD
LIT,PVR
LIT,PUJ
LIT,RDU
LIT,RNO
LIT,RIC
LIT,ROC
LIT,SMF
LIT,SLC
LIT,SAT
LIT,SAN
LIT,SFO
LIT,SJC
LIT,SJO
LIT,SJU
LIT,SEA
LIT,GEG
LIT,STL
LIT,TPA
LIT,TUS
LIT,TUL
LIT,PLS
LIT,IAD
LIT,DCA
LIT,PBI
LIT,ICT
LGB,ALB
LGB,ABQ
LGB,AMA
LGB,AUA
LGB,ATL
LGB,AUS
LGB,BWI
LGB,BZE
LGB,BHM
LGB,BOI
LGB,BOS
LGB,BUF
LGB,BUR
LGB,SJD
LGB,CUN
LGB,GCM
LGB,CHS
LGB,CLT
LGB,MDW
LGB,CVG
LGB,CLE
LGB,CMH
LGB,CRP
LGB,DAL
LGB,DEN
LGB,DSM
LGB,DTW
LGB,ELP
LGB,FLL
LGB,RSW
LGB,GRR
LGB,GSP
LGB,HRL
LGB,BDL
LGB,HAV
LGB,HOU
LGB,IND
LGB,JAX
LGB,MCI
LGB,LAS
LGB,LIR
LGB,LIT
LGB,ISP
LGB,LAX
LGB,SDF
LGB,LBB
LGB,MHT
LGB,MEM
LGB,MEX
LGB,MAF
LGB,MKE
LGB,MSP
LGB,MBJ
LGB,LGA
LGB,BNA
LGB,NAS
LGB,MSY
LGB,EWR
LGB,ORF
LGB,OAK
LGB,OKC
LGB,OMA
LGB,ONT
LGB,SNA
LGB,MCO
LGB,ECP
LGB,PNS
LGB,PHL
LGB,PHX
LGB,PIT
LGB,PWM
LGB,PDX
LGB,PVD
LGB,PVR
LGB,PUJ
LGB,RDU
LGB,RNO
LGB,RIC
LGB,ROC
LGB,SMF
LGB,SLC
LGB,SAT
LGB,SAN
LGB,SFO
LGB,SJC
LGB,SJO
LGB,SJU
LGB,SEA
LGB,GEG
LGB,STL
LGB,TPA
LGB,TUS
LGB,TUL
LGB,PLS
LGB,IAD
LGB,DCA
LGB,PBI
LGB,ICT
ISP,ALB
ISP,ABQ
ISP,AMA
ISP,AUA
ISP,ATL
ISP,AUS
ISP,BWI
ISP,BZE
ISP,BHM
ISP,BOI
ISP,BOS
ISP,BUF
ISP,BUR
ISP,SJD
ISP,CUN
ISP,GCM
ISP,CHS
ISP,CLT
ISP,MDW
ISP,CVG
ISP,CLE
ISP,CMH
ISP,CRP
ISP,DAL
ISP,DEN
ISP,DSM
ISP,DTW
ISP,ELP
ISP,FLL
ISP,RSW
ISP,GRR
ISP,GSP
ISP,HRL
ISP,BDL
ISP,HAV
ISP,HOU
ISP,IND
ISP,JAX
ISP,MCI
ISP,LAS
ISP,LIR
ISP,LIT
ISP,LGB
ISP,LAX
ISP,SDF
ISP,LBB
ISP,MHT
ISP,MEM
ISP,MEX
ISP,MAF
ISP,MKE
ISP,MSP
ISP,MBJ
ISP,LGA
ISP,BNA
ISP,NAS
ISP,MSY
ISP,EWR
ISP,ORF
ISP,OAK
ISP,OKC
ISP,OMA
ISP,ONT
ISP,SNA
ISP,MCO
ISP,ECP
ISP,PNS
ISP,PHL
ISP,PHX
ISP,PIT
ISP,PWM
ISP,PDX
ISP,PVD
ISP,PVR
ISP,PUJ
ISP,RDU
ISP,RNO
ISP,RIC
ISP,ROC
ISP,SMF
ISP,SLC
ISP,SAT
ISP,SAN
ISP,SFO
ISP,SJC
ISP,SJO
ISP,SJU
ISP,SEA
ISP,GEG
ISP,STL
ISP,TPA
ISP,TUS
ISP,TUL
ISP,PLS
ISP,IAD
ISP,DCA
ISP,PBI
ISP,ICT
LAX,ALB
LAX,ABQ
LAX,AMA
LAX,AUA
LAX,ATL
LAX,AUS
LAX,BWI
LAX,BZE
LAX,BHM
LAX,BOI
LAX,BOS
LAX,BUF
LAX,BUR
LAX,SJD
LAX,CUN
LAX,GCM
LAX,CHS
LAX,CLT
LAX,MDW
LAX,CVG
LAX,CLE
LAX,CMH
LAX,CRP
LAX,DAL
LAX,DEN
LAX,DSM
LAX,DTW
LAX,ELP
LAX,FLL
LAX,RSW
LAX,GRR
LAX,GSP
LAX,HRL
LAX,BDL
LAX,HAV
LAX,HOU
LAX,IND
LAX,JAX
LAX,MCI
LAX,LAS
LAX,LIR
LAX,LIT
LAX,LGB
LAX,ISP
LAX,SDF
LAX,LBB
LAX,MHT
LAX,MEM
LAX,MEX
LAX,MAF
LAX,MKE
LAX,MSP
LAX,MBJ
LAX,LGA
LAX,BNA
LAX,NAS
LAX,MSY
LAX,EWR
LAX,ORF
LAX,OAK
LAX,OKC
LAX,OMA
LAX,ONT
LAX,SNA
LAX,MCO
LAX,ECP
LAX,PNS
LAX,PHL
LAX,PHX
LAX,PIT
LAX,PWM
LAX,PDX
LAX,PVD
LAX,PVR
LAX,PUJ
LAX,RDU
LAX,RNO
LAX,RIC
LAX,ROC
LAX,SMF
LAX,SLC
LAX,SAT
LAX,SAN
LAX,SFO
LAX,SJC
LAX,SJO
LAX,SJU
LAX,SEA
LAX,GEG
LAX,STL
LAX,TPA
LAX,TUS
LAX,TUL
LAX,PLS
LAX,IAD
LAX,DCA
LAX,PBI
LAX,ICT
SDF,ALB
SDF,ABQ
SDF,AMA
SDF,AUA
SDF,ATL
SDF,AUS
SDF,BWI
SDF,BZE
SDF,BHM
SDF,BOI
SDF,BOS
SDF,BUF
SDF,BUR
SDF,SJD
SDF,CUN
SDF,GCM
SDF,CHS
SDF,CLT
SDF,MDW
SDF,CVG
SDF,CLE
SDF,CMH
SDF,CRP
SDF,DAL
SDF,DEN
SDF,DSM
SDF,DTW
SDF,ELP
SDF,FLL
SDF,RSW
SDF,GRR
SDF,GSP
SDF,HRL
SDF,BDL
SDF,HAV
SDF,HOU
SDF,IND
SDF,JAX
SDF,MCI
SDF,LAS
SDF,LIR
SDF,LIT
SDF,LGB
SDF,ISP
SDF,LAX
SDF,LBB
SDF,MHT
SDF,MEM
SDF,MEX
SDF,MAF
SDF,MKE
SDF,MSP
SDF,MBJ
SDF,LGA
SDF,BNA
SDF,NAS
SDF,MSY
SDF,EWR
SDF,ORF
SDF,OAK
SDF,OKC
SDF,OMA
SDF,ONT
SDF,SNA
SDF,MCO
SDF,ECP
SDF,PNS
SDF,PHL
SDF,PHX
SDF,PIT
SDF,PWM
SDF,PDX
SDF,PVD
SDF,PVR
SDF,PUJ
SDF,RDU
SDF,RNO
SDF,RIC
SDF,ROC
SDF,SMF
SDF,SLC
SDF,SAT
SDF,SAN
SDF,SFO
SDF,SJC
SDF,SJO
SDF,SJU
SDF,SEA
SDF,GEG
SDF,STL
SDF,TPA
SDF,TUS
SDF,TUL
SDF,PLS
SDF,IAD
SDF,DCA
SDF,PBI
SDF,ICT
LBB,ALB
LBB,ABQ
LBB,AMA
LBB,AUA
LBB,ATL
LBB,AUS
LBB,BWI
LBB,BZE
LBB,BHM
LBB,BOI
LBB,BOS
LBB,BUF
LBB,BUR
LBB,SJD
LBB,CUN
LBB,GCM
LBB,CHS
LBB,CLT
LBB,MDW
LBB,CVG
LBB,CLE
LBB,CMH
LBB,CRP
LBB,DAL
LBB,DEN
LBB,DSM
LBB,DTW
LBB,ELP
LBB,FLL
LBB,RSW
LBB,GRR
LBB,GSP
LBB,HRL
LBB,BDL
LBB,HAV
LBB,HOU
LBB,IND
LBB,JAX
LBB,MCI
LBB,LAS
LBB,LIR
LBB,LIT
LBB,LGB
LBB,ISP
LBB,LAX
LBB,SDF
LBB,MHT
LBB,MEM
LBB,MEX
LBB,MAF
LBB,MKE
LBB,MSP
LBB,MBJ
LBB,LGA
LBB,BNA
LBB,NAS
LBB,MSY
LBB,EWR
LBB,ORF
LBB,OAK
LBB,OKC
LBB,OMA
LBB,ONT
LBB,SNA
LBB,MCO
LBB,ECP
LBB,PNS
LBB,PHL
LBB,PHX
LBB,PIT
LBB,PWM
LBB,PDX
LBB,PVD
LBB,PVR
LBB,PUJ
LBB,RDU
LBB,RNO
LBB,RIC
LBB,ROC
LBB,SMF
LBB,SLC
LBB,SAT
LBB,SAN
LBB,SFO
LBB,SJC
LBB,SJO
LBB,SJU
LBB,SEA
LBB,GEG
LBB,STL
LBB,TPA
LBB,TUS
LBB,TUL
LBB,PLS
LBB,IAD
LBB,DCA
LBB,PBI
LBB,ICT
MHT,ALB
MHT,ABQ
MHT,AMA
MHT,AUA
MHT,ATL
MHT,AUS
MHT,BWI
MHT,BZE
MHT,BHM
MHT,BOI
MHT,BOS
MHT,BUF
MHT,BUR
MHT,SJD
MHT,CUN
MHT,GCM
MHT,CHS
MHT,CLT
MHT,MDW
MHT,CVG
MHT,CLE
MHT,CMH
MHT,CRP
MHT,DAL
MHT,DEN
MHT,DSM
MHT,DTW
MHT,ELP
MHT,FLL
MHT,RSW
MHT,GRR
MHT,GSP
MHT,HRL
MHT,BDL
MHT,HAV
MHT,HOU
MHT,IND
MHT,JAX
MHT,MCI
MHT,LAS
MHT,LIR
MHT,LIT
MHT,LGB
MHT,ISP
MHT,LAX
MHT,SDF
MHT,LBB
MHT,MEM
MHT,MEX
MHT,MAF
MHT,MKE
MHT,MSP
MHT,MBJ
MHT,LGA
MHT,BNA
MHT,NAS
MHT,MSY
MHT,EWR
MHT,ORF
MHT,OAK
MHT,OKC
MHT,OMA
MHT,ONT
MHT,SNA
MHT,MCO
MHT,ECP
MHT,PNS
MHT,PHL
MHT,PHX
MHT,PIT
MHT,PWM
MHT,PDX
MHT,PVD
MHT,PVR
MHT,PUJ
MHT,RDU
MHT,RNO
MHT,RIC
MHT,ROC
MHT,SMF
MHT,SLC
MHT,SAT
MHT,SAN
MHT,SFO
MHT,SJC
MHT,SJO
MHT,SJU
MHT,SEA
MHT,GEG
MHT,STL
MHT,TPA
MHT,TUS
MHT,TUL
MHT,PLS
MHT,IAD
MHT,DCA
MHT,PBI
MHT,ICT
MEM,ALB
MEM,ABQ
MEM,AMA
MEM,AUA
MEM,ATL
MEM,AUS
MEM,BWI
MEM,BZE
MEM,BHM
MEM,BOI
MEM,BOS
MEM,BUF
MEM,BUR
MEM,SJD
MEM,CUN
MEM,GCM
MEM,CHS
MEM,CLT
MEM,MDW
MEM,CVG
MEM,CLE
MEM,CMH
MEM,CRP
MEM,DAL
MEM,DEN
MEM,DSM
MEM,DTW
MEM,ELP
MEM,FLL
MEM,RSW
MEM,GRR
MEM,GSP
MEM,HRL
MEM,BDL
MEM,HAV
MEM,HOU
MEM,IND
MEM,JAX
MEM,MCI
MEM,LAS
MEM,LIR
MEM,LIT
MEM,LGB
MEM,ISP
MEM,LAX
MEM,SDF
MEM,LBB
MEM,MHT
MEM,MEX
MEM,MAF
MEM,MKE
MEM,MSP
MEM,MBJ
MEM,LGA
MEM,BNA
MEM,NAS
MEM,MSY
MEM,EWR
MEM,ORF
MEM,OAK
MEM,OKC
MEM,OMA
MEM,ONT
MEM,SNA
MEM,MCO
MEM,ECP
MEM,PNS
MEM,PHL
MEM,PHX
MEM,PIT
MEM,PWM
MEM,PDX
MEM,PVD
MEM,PVR
MEM,PUJ
MEM,RDU
MEM,RNO
MEM,RIC
MEM,ROC
MEM,SMF
MEM,SLC
MEM,SAT
MEM,SAN
MEM,SFO
MEM,SJC
MEM,SJO
MEM,SJU
MEM,SEA
MEM,GEG
MEM,STL
MEM,TPA
MEM,TUS
MEM,TUL
MEM,PLS
MEM,IAD
MEM,DCA
MEM,PBI
MEM,ICT
MEX,ALB
MEX,ABQ
MEX,AMA
MEX,AUA
MEX,ATL
MEX,AUS
MEX,BWI
MEX,BZE
MEX,BHM
MEX,BOI
MEX,BOS
MEX,BUF
MEX,BUR
MEX,SJD
MEX,CUN
MEX,GCM
MEX,CHS
MEX,CLT
MEX,MDW
MEX,CVG
MEX,CLE
MEX,CMH
MEX,CRP
MEX,DAL
MEX,DEN
MEX,DSM
MEX,DTW
MEX,ELP
MEX,FLL
MEX,RSW
MEX,GRR
MEX,GSP
MEX,HRL
MEX,BDL
MEX,HAV
MEX,HOU
MEX,IND
MEX,JAX
MEX,MCI
MEX,LAS
MEX,LIR
MEX,LIT
MEX,LGB
MEX,ISP
MEX,LAX
MEX,SDF
MEX,LBB
MEX,MHT
MEX,MEM
MEX,MAF
MEX,MKE
MEX,MSP
MEX,MBJ
MEX,LGA
MEX,BNA
MEX,NAS
MEX,MSY
MEX,EWR
MEX,ORF
MEX,OAK
MEX,OKC
MEX,OMA
MEX,ONT
MEX,SNA
MEX,MCO
MEX,ECP
MEX,PNS
MEX,PHL
MEX,PHX
MEX,PIT
MEX,PWM
MEX,PDX
MEX,PVD
MEX,PVR
MEX,PUJ
MEX,RDU
MEX,RNO
MEX,RIC
MEX,ROC
MEX,SMF
MEX,SLC
MEX,SAT
MEX,SAN
MEX,SFO
MEX,SJC
MEX,SJO
MEX,SJU
MEX,SEA
MEX,GEG
MEX,STL
MEX,TPA
MEX,TUS
MEX,TUL
MEX,PLS
MEX,IAD
MEX,DCA
MEX,PBI
MEX,ICT
MAF,ALB
MAF,ABQ
MAF,AMA
MAF,AUA
MAF,ATL
MAF,AUS
MAF,BWI
MAF,BZE
MAF,BHM
MAF,BOI
MAF,BOS
MAF,BUF
MAF,BUR
MAF,SJD
MAF,CUN
MAF,GCM
MAF,CHS
MAF,CLT
MAF,MDW
MAF,CVG
MAF,CLE
MAF,CMH
MAF,CRP
MAF,DAL
MAF,DEN
MAF,DSM
MAF,DTW
MAF,ELP
MAF,FLL
MAF,RSW
MAF,GRR
MAF,GSP
MAF,HRL
MAF,BDL
MAF,HAV
MAF,HOU
MAF,IND
MAF,JAX
MAF,MCI
MAF,LAS
MAF,LIR
MAF,LIT
MAF,LGB
MAF,ISP
MAF,LAX
MAF,SDF
MAF,LBB
MAF,MHT
MAF,MEM
MAF,MEX
MAF,MKE
MAF,MSP
MAF,MBJ
MAF,LGA
MAF,BNA
MAF,NAS
MAF,MSY
MAF,EWR
MAF,ORF
MAF,OAK
MAF,OKC
MAF,OMA
MAF,ONT
MAF,SNA
MAF,MCO
MAF,ECP
MAF,PNS
MAF,PHL
MAF,PHX
MAF,PIT
MAF,PWM
MAF,PDX
MAF,PVD
MAF,PVR
MAF,PUJ
MAF,RDU
MAF,RNO
MAF,RIC
MAF,ROC
MAF,SMF
MAF,SLC
MAF,SAT
MAF,SAN
MAF,SFO
MAF,SJC
MAF,SJO
MAF,SJU
MAF,SEA
MAF,GEG
MAF,STL
MAF,TPA
MAF,TUS
MAF,TUL
MAF,PLS
MAF,IAD
MAF,DCA
MAF,PBI
MAF,ICT
MKE,ALB
MKE,ABQ
MKE,AMA
MKE,AUA
MKE,ATL
MKE,AUS
MKE,BWI
MKE,BZE
MKE,BHM
MKE,BOI
MKE,BOS
MKE,BUF
MKE,BUR
MKE,SJD
MKE,CUN
MKE,GCM
MKE,CHS
MKE,CLT
MKE,MDW
MKE,CVG
MKE,CLE
MKE,CMH
MKE,CRP
MKE,DAL
MKE,DEN
MKE,DSM
MKE,DTW
MKE,ELP
MKE,FLL
MKE,RSW
MKE,GRR
MKE,GSP
MKE,HRL
MKE,BDL
MKE,HAV
MKE,HOU
MKE,IND
MKE,JAX
MKE,MCI
MKE,LAS
MKE,LIR
MKE,LIT
MKE,LGB
MKE,ISP
MKE,LAX
MKE,SDF
MKE,LBB
MKE,MHT
MKE,MEM
MKE,MEX
MKE,MAF
MKE,MSP
MKE,MBJ
MKE,LGA
MKE,BNA
MKE,NAS
MKE,MSY
MKE,EWR
MKE,ORF
MKE,OAK
MKE,OKC
MKE,OMA
MKE,ONT
MKE,SNA
MKE,MCO
MKE,ECP
MKE,PNS
MKE,PHL
MKE,PHX
MKE,PIT
MKE,PWM
MKE,PDX
MKE,PVD
MKE,PVR
MKE,PUJ
MKE,RDU
MKE,RNO
MKE,RIC
MKE,ROC
MKE,SMF
MKE,SLC
MKE,SAT
MKE,SAN
MKE,SFO
MKE,SJC
MKE,SJO
MKE,SJU
MKE,SEA
MKE,GEG
MKE,STL
MKE,TPA
MKE,TUS
MKE,TUL
MKE,PLS
MKE,IAD
MKE,DCA
MKE,PBI
MKE,ICT
MSP,ALB
MSP,ABQ
MSP,AMA
MSP,AUA
MSP,ATL
MSP,AUS
MSP,BWI
MSP,BZE
MSP,BHM
MSP,BOI
MSP,BOS
MSP,BUF
MSP,BUR
MSP,SJD
MSP,CUN
MSP,GCM
MSP,CHS
MSP,CLT
MSP,MDW
MSP,CVG
MSP,CLE
MSP,CMH
MSP,CRP
MSP,DAL
MSP,DEN
MSP,DSM
MSP,DTW
MSP,ELP
MSP,FLL
MSP,RSW
MSP,GRR
MSP,GSP
MSP,HRL
MSP,BDL
MSP,HAV
MSP,HOU
MSP,IND
MSP,JAX
MSP,MCI
MSP,LAS
MSP,LIR
MSP,LIT
MSP,LGB
MSP,ISP
MSP,LAX
MSP,SDF
MSP,LBB
MSP,MHT
MSP,MEM
MSP,MEX
MSP,MAF
MSP,MKE
MSP,MBJ
MSP,LGA
MSP,BNA
MSP,NAS
MSP,MSY
MSP,EWR
MSP,ORF
MSP,OAK
MSP,OKC
MSP,OMA
MSP,ONT
MSP,SNA
MSP,MCO
MSP,ECP
MSP,PNS
MSP,PHL
MSP,PHX
MSP,PIT
MSP,PWM
MSP,PDX
MSP,PVD
MSP,PVR
MSP,PUJ
MSP,RDU
MSP,RNO
MSP,RIC
MSP,ROC
MSP,SMF
MSP,SLC
MSP,SAT
MSP,SAN
MSP,SFO
MSP,SJC
MSP,SJO
MSP,SJU
MSP,SEA
MSP,GEG
MSP,STL
MSP,TPA
MSP,TUS
MSP,TUL
MSP,PLS
MSP,IAD
MSP,DCA
MSP,PBI
MSP,ICT
MBJ,ALB
MBJ,ABQ
MBJ,AMA
MBJ,AUA
MBJ,ATL
MBJ,AUS
MBJ,BWI
MBJ,BZE
MBJ,BHM
MBJ,BOI
MBJ,BOS
MBJ,BUF
MBJ,BUR
MBJ,SJD
MBJ,CUN
MBJ,GCM
MBJ,CHS
MBJ,CLT
MBJ,MDW
MBJ,CVG
MBJ,CLE
MBJ,CMH
MBJ,CRP
MBJ,DAL
MBJ,DEN
MBJ,DSM
MBJ,DTW
MBJ,ELP
MBJ,FLL
MBJ,RSW
MBJ,GRR
MBJ,GSP
MBJ,HRL
MBJ,BDL
MBJ,HAV
MBJ,HOU
MBJ,IND
MBJ,JAX
MBJ,MCI
MBJ,LAS
MBJ,LIR
MBJ,LIT
MBJ,LGB
MBJ,ISP
MBJ,LAX
MBJ,SDF
MBJ,LBB
MBJ,MHT
MBJ,MEM
MBJ,MEX
MBJ,MAF
MBJ,MKE
MBJ,MSP
MBJ,LGA
MBJ,BNA
MBJ,NAS
MBJ,MSY
MBJ,EWR
MBJ,ORF
MBJ,OAK
MBJ,OKC
MBJ,OMA
MBJ,ONT
MBJ,SNA
MBJ,MCO
MBJ,ECP
MBJ,PNS
MBJ,PHL
MBJ,PHX
MBJ,PIT
MBJ,PWM
MBJ,PDX
MBJ,PVD
MBJ,PVR
MBJ,PUJ
MBJ,RDU
MBJ,RNO
MBJ,RIC
MBJ,ROC
MBJ,SMF
MBJ,SLC
MBJ,SAT
MBJ,SAN
MBJ,SFO
MBJ,SJC
MBJ,SJO
MBJ,SJU
MBJ,SEA
MBJ,GEG
MBJ,STL
MBJ,TPA
MBJ,TUS
MBJ,TUL
MBJ,PLS
MBJ,IAD
MBJ,DCA
MBJ,PBI
MBJ,ICT
LGA,ALB
LGA,ABQ
LGA,AMA
LGA,AUA
LGA,ATL
LGA,AUS
LGA,BWI
LGA,BZE
LGA,BHM
LGA,BOI
LGA,BOS
LGA,BUF
LGA,BUR
LGA,SJD
LGA,CUN
LGA,GCM
LGA,CHS
LGA,CLT
LGA,MDW
LGA,CVG
LGA,CLE
LGA,CMH
LGA,CRP
LGA,DAL
LGA,DEN
LGA,DSM
LGA,DTW
LGA,ELP
LGA,FLL
LGA,RSW
LGA,GRR
LGA,GSP
LGA,HRL
LGA,BDL
LGA,HAV
LGA,HOU
LGA,IND
LGA,JAX
LGA,MCI
LGA,LAS
LGA,LIR
LGA,LIT
LGA,LGB
LGA,ISP
LGA,LAX
LGA,SDF
LGA,LBB
LGA,MHT
LGA,MEM
LGA,MEX
LGA,MAF
LGA,MKE
LGA,MSP
LGA,MBJ
LGA,BNA
LGA,NAS
LGA,MSY
LGA,EWR
LGA,ORF
LGA,OAK
LGA,OKC
LGA,OMA
LGA,ONT
LGA,SNA
LGA,MCO
LGA,ECP
LGA,PNS
LGA,PHL
LGA,PHX
LGA,PIT
LGA,PWM
LGA,PDX
LGA,PVD
LGA,PVR
LGA,PUJ
LGA,RDU
LGA,RNO
LGA,RIC
LGA,ROC
LGA,SMF
LGA,SLC
LGA,SAT
LGA,SAN
LGA,SFO
LGA,SJC
LGA,SJO
LGA,SJU
LGA,SEA
LGA,GEG
LGA,STL
LGA,TPA
LGA,TUS
LGA,TUL
LGA,PLS
LGA,IAD
LGA,DCA
LGA,PBI
LGA,ICT
BNA,ALB
BNA,ABQ
BNA,AMA
BNA,AUA
BNA,ATL
BNA,AUS
BNA,BWI
BNA,BZE
BNA,BHM
BNA,BOI
BNA,BOS
BNA,BUF
BNA,BUR
BNA,SJD
BNA,CUN
BNA,GCM
BNA,CHS
BNA,CLT
BNA,MDW
BNA,CVG
BNA,CLE
BNA,CMH
BNA,CRP
BNA,DAL
BNA,DEN
BNA,DSM
BNA,DTW
BNA,ELP
BNA,FLL
BNA,RSW
BNA,GRR
BNA,GSP
BNA,HRL
BNA,BDL
BNA,HAV
BNA,HOU
BNA,IND
BNA,JAX
BNA,MCI
BNA,LAS
BNA,LIR
BNA,LIT
BNA,LGB
BNA,ISP
BNA,LAX
BNA,SDF
BNA,LBB
BNA,MHT
BNA,MEM
BNA,MEX
BNA,MAF
BNA,MKE
BNA,MSP
BNA,MBJ
BNA,LGA
BNA,NAS
BNA,MSY
BNA,EWR
BNA,ORF
BNA,OAK
BNA,OKC
BNA,OMA
BNA,ONT
BNA,SNA
BNA,MCO
BNA,ECP
BNA,PNS
BNA,PHL
BNA,PHX
BNA,PIT
BNA,PWM
BNA,PDX
BNA,PVD
BNA,PVR
BNA,PUJ
BNA,RDU
BNA,RNO
BNA,RIC
BNA,ROC
BNA,SMF
BNA,SLC
BNA,SAT
BNA,SAN
BNA,SFO
BNA,SJC
BNA,SJO
BNA,SJU
BNA,SEA
BNA,GEG
BNA,STL
BNA,TPA
BNA,TUS
BNA,TUL
BNA,PLS
BNA,IAD
BNA,DCA
BNA,PBI
BNA,ICT
NAS,ALB
NAS,ABQ
NAS,AMA
NAS,AUA
NAS,ATL
NAS,AUS
NAS,BWI
NAS,BZE
NAS,BHM
NAS,BOI
NAS,BOS
NAS,BUF
NAS,BUR
NAS,SJD
NAS,CUN
NAS,GCM
NAS,CHS
NAS,CLT
NAS,MDW
NAS,CVG
NAS,CLE
NAS,CMH
NAS,CRP
NAS,DAL
NAS,DEN
NAS,DSM
NAS,DTW
NAS,ELP
NAS,FLL
NAS,RSW
NAS,GRR
NAS,GSP
NAS,HRL
NAS,BDL
NAS,HAV
NAS,HOU
NAS,IND
NAS,JAX
NAS,MCI
NAS,LAS
NAS,LIR
NAS,LIT
NAS,LGB
NAS,ISP
NAS,LAX
NAS,SDF
NAS,LBB
NAS,MHT
NAS,MEM
NAS,MEX
NAS,MAF
NAS,MKE
NAS,MSP
NAS,MBJ
NAS,LGA
NAS,BNA
NAS,MSY
NAS,EWR
NAS,ORF
NAS,OAK
NAS,OKC
NAS,OMA
NAS,ONT
NAS,SNA
NAS,MCO
NAS,ECP
NAS,PNS
NAS,PHL
NAS,PHX
NAS,PIT
NAS,PWM
NAS,PDX
NAS,PVD
NAS,PVR
NAS,PUJ
NAS,RDU
NAS,RNO
NAS,RIC
NAS,ROC
NAS,SMF
NAS,SLC
NAS,SAT
NAS,SAN
NAS,SFO
NAS,SJC
NAS,SJO
NAS,SJU
NAS,SEA
NAS,GEG
NAS,STL
NAS,TPA
NAS,TUS
NAS,TUL
NAS,PLS
NAS,IAD
NAS,DCA
NAS,PBI
NAS,ICT
MSY,ALB
MSY,ABQ
MSY,AMA
MSY,AUA
MSY,ATL
MSY,AUS
MSY,BWI
MSY,BZE
MSY,BHM
MSY,BOI
MSY,BOS
MSY,BUF
MSY,BUR
MSY,SJD
MSY,CUN
MSY,GCM
MSY,CHS
MSY,CLT
MSY,MDW
MSY,CVG
MSY,CLE
MSY,CMH
MSY,CRP
MSY,DAL
MSY,DEN
MSY,DSM
MSY,DTW
MSY,ELP
MSY,FLL
MSY,RSW
MSY,GRR
MSY,GSP
MSY,HRL
MSY,BDL
MSY,HAV
MSY,HOU
MSY,IND
MSY,JAX
MSY,MCI
MSY,LAS
MSY,LIR
MSY,LIT
MSY,LGB
MSY,ISP
MSY,LAX
MSY,SDF
MSY,LBB
MSY,MHT
MSY,MEM
MSY,MEX
MSY,MAF
MSY,MKE
MSY,MSP
MSY,MBJ
MSY,LGA
MSY,BNA
MSY,NAS
MSY,EWR
MSY,ORF
MSY,OAK
MSY,OKC
MSY,OMA
MSY,ONT
MSY,SNA
MSY,MCO
MSY,ECP
MSY,PNS
MSY,PHL
MSY,PHX
MSY,PIT
MSY,PWM
MSY,PDX
MSY,PVD
MSY,PVR
MSY,PUJ
MSY,RDU
MSY,RNO
MSY,RIC
MSY,ROC
MSY,SMF
MSY,SLC
MSY,SAT
MSY,SAN
MSY,SFO
MSY,SJC
MSY,SJO
MSY,SJU
MSY,SEA
MSY,GEG
MSY,STL
MSY,TPA
MSY,TUS
MSY,TUL
MSY,PLS
MSY,IAD
MSY,DCA
MSY,PBI
MSY,ICT
EWR,ALB
EWR,ABQ
EWR,AMA
EWR,AUA
EWR,ATL
EWR,AUS
EWR,BWI
EWR,BZE
EWR,BHM
EWR,BOI
EWR,BOS
EWR,BUF
EWR,BUR
EWR,SJD
EWR,CUN
EWR,GCM
EWR,CHS
EWR,CLT
EWR,MDW
EWR,CVG
EWR,CLE
EWR,CMH
EWR,CRP
EWR,DAL
EWR,DEN
EWR,DSM
EWR,DTW
EWR,ELP
EWR,FLL
EWR,RSW
EWR,GRR
EWR,GSP
EWR,HRL
EWR,BDL
EWR,HAV
EWR,HOU
EWR,IND
EWR,JAX
EWR,MCI
EWR,LAS
EWR,LIR
EWR,LIT
EWR,LGB
EWR,ISP
EWR,LAX
EWR,SDF
EWR,LBB
EWR,MHT
EWR,MEM
EWR,MEX
EWR,MAF
EWR,MKE
EWR,MSP
EWR,MBJ
EWR,LGA
EWR,BNA
EWR,NAS
EWR,MSY
EWR,ORF
EWR,OAK
EWR,OKC
EWR,OMA
EWR,ONT
EWR,SNA
EWR,MCO
EWR,ECP
EWR,PNS
EWR,PHL
EWR,PHX
EWR,PIT
EWR,PWM
EWR,PDX
EWR,PVD
EWR,PVR
EWR,PUJ
EWR,RDU
EWR,RNO
EWR,RIC
EWR,ROC
EWR,SMF
EWR,SLC
EWR,SAT
EWR,SAN
EWR,SFO
EWR,SJC
EWR,SJO
EWR,SJU
EWR,SEA
EWR,GEG
EWR,STL
EWR,TPA
EWR,TUS
EWR,TUL
EWR,PLS
EWR,IAD
EWR,DCA
EWR,PBI
EWR,ICT
ORF,ALB
ORF,ABQ
ORF,AMA
ORF,AUA
ORF,ATL
ORF,AUS
ORF,BWI
ORF,BZE
ORF,BHM
ORF,BOI
ORF,BOS
ORF,BUF
ORF,BUR
ORF,SJD
ORF,CUN
ORF,GCM
ORF,CHS
ORF,CLT
ORF,MDW
ORF,CVG
ORF,CLE
ORF,CMH
ORF,CRP
ORF,DAL
ORF,DEN
ORF,DSM
ORF,DTW
ORF,ELP
ORF,FLL
ORF,RSW
ORF,GRR
ORF,GSP
ORF,HRL
ORF,BDL
ORF,HAV
ORF,HOU
ORF,IND
ORF,JAX
ORF,MCI
ORF,LAS
ORF,LIR
ORF,LIT
ORF,LGB
ORF,ISP
ORF,LAX
ORF,SDF
ORF,LBB
ORF,MHT
ORF,MEM
ORF,MEX
ORF,MAF
ORF,MKE
ORF,MSP
ORF,MBJ
ORF,LGA
ORF,BNA
ORF,NAS
ORF,MSY
ORF,EWR
ORF,OAK
ORF,OKC
ORF,OMA
ORF,ONT
ORF,SNA
ORF,MCO
ORF,ECP
ORF,PNS
ORF,PHL
ORF,PHX
ORF,PIT
ORF,PWM
ORF,PDX
ORF,PVD
ORF,PVR
ORF,PUJ
ORF,RDU
ORF,RNO
ORF,RIC
ORF,ROC
ORF,SMF
ORF,SLC
ORF,SAT
ORF,SAN
ORF,SFO
ORF,SJC
ORF,SJO
ORF,SJU
ORF,SEA
ORF,GEG
ORF,STL
ORF,TPA
ORF,TUS
ORF,TUL
ORF,PLS
ORF,IAD
ORF,DCA
ORF,PBI
ORF,ICT
OAK,ALB
OAK,ABQ
OAK,AMA
OAK,AUA
OAK,ATL
OAK,AUS
OAK,BWI
OAK,BZE
OAK,BHM
OAK,BOI
OAK,BOS
OAK,BUF
OAK,BUR
OAK,SJD
OAK,CUN
OAK,GCM
OAK,CHS
OAK,CLT
OAK,MDW
OAK,CVG
OAK,CLE
OAK,CMH
OAK,CRP
OAK,DAL
OAK,DEN
OAK,DSM
OAK,DTW
OAK,ELP
OAK,FLL
OAK,RSW
OAK,GRR
OAK,GSP
OAK,HRL
OAK,BDL
OAK,HAV
OAK,HOU
OAK,IND
OAK,JAX
OAK,MCI
OAK,LAS
OAK,LIR
OAK,LIT
OAK,LGB
OAK,ISP
OAK,LAX
OAK,SDF
OAK,LBB
OAK,MHT
OAK,MEM
OAK,MEX
OAK,MAF
OAK,MKE
OAK,MSP
OAK,MBJ
OAK,LGA
OAK,BNA
OAK,NAS
OAK,MSY
OAK,EWR
OAK,ORF
OAK,OKC
OAK,OMA
OAK,ONT
OAK,SNA
OAK,MCO
OAK,ECP
OAK,PNS
OAK,PHL
OAK,PHX
OAK,PIT
OAK,PWM
OAK,PDX
OAK,PVD
OAK,PVR
OAK,PUJ
OAK,RDU
OAK,RNO
OAK,RIC
OAK,ROC
OAK,SMF
OAK,SLC
OAK,SAT
OAK,SAN
OAK,SFO
OAK,SJC
OAK,SJO
OAK,SJU
OAK,SEA
OAK,GEG
OAK,STL
OAK,TPA
OAK,TUS
OAK,TUL
OAK,PLS
OAK,IAD
OAK,DCA
OAK,PBI
OAK,ICT
OKC,ALB
OKC,ABQ
OKC,AMA
OKC,AUA
OKC,ATL
OKC,AUS
OKC,BWI
OKC,BZE
OKC,BHM
OKC,BOI
OKC,BOS
OKC,BUF
OKC,BUR
OKC,SJD
OKC,CUN
OKC,GCM
OKC,CHS
OKC,CLT
OKC,MDW
OKC,CVG
OKC,CLE
OKC,CMH
OKC,CRP
OKC,DAL
OKC,DEN
OKC,DSM
OKC,DTW
OKC,ELP
OKC,FLL
OKC,RSW
OKC,GRR
OKC,GSP
OKC,HRL
OKC,BDL
OKC,HAV
OKC,HOU
OKC,IND
OKC,JAX
OKC,MCI
OKC,LAS
OKC,LIR
OKC,LIT
OKC,LGB
OKC,ISP
OKC,LAX
OKC,SDF
OKC,LBB
OKC,MHT
OKC,MEM
OKC,MEX
OKC,MAF
OKC,MKE
OKC,MSP
OKC,MBJ
OKC,LGA
OKC,BNA
OKC,NAS
OKC,MSY
OKC,EWR
OKC,ORF
OKC,OAK
OKC,OMA
OKC,ONT
OKC,SNA
OKC,MCO
OKC,ECP
OKC,PNS
OKC,PHL
OKC,PHX
OKC,PIT
OKC,PWM
OKC,PDX
OKC,PVD
OKC,PVR
OKC,PUJ
OKC,RDU
OKC,RNO
OKC,RIC
OKC,ROC
OKC,SMF
OKC,SLC
OKC,SAT
OKC,SAN
OKC,SFO
OKC,SJC
OKC,SJO
OKC,SJU
OKC,SEA
OKC,GEG
OKC,STL
OKC,TPA
OKC,TUS
OKC,TUL
OKC,PLS
OKC,IAD
OKC,DCA
OKC,PBI
OKC,ICT
OMA,ALB
OMA,ABQ
OMA,AMA
OMA,AUA
OMA,ATL
OMA,AUS
OMA,BWI
OMA,BZE
OMA,BHM
OMA,BOI
OMA,BOS
OMA,BUF
OMA,BUR
OMA,SJD
OMA,CUN
OMA,GCM
OMA,CHS
OMA,CLT
OMA,MDW
OMA,CVG
OMA,CLE
OMA,CMH
OMA,CRP
OMA,DAL
OMA,DEN
OMA,DSM
OMA,DTW
OMA,ELP
OMA,FLL
OMA,RSW
OMA,GRR
OMA,GSP
OMA,HRL
OMA,BDL
OMA,HAV
OMA,HOU
OMA,IND
OMA,JAX
OMA,MCI
OMA,LAS
OMA,LIR
OMA,LIT
OMA,LGB
OMA,ISP
OMA,LAX
OMA,SDF
OMA,LBB
OMA,MHT
OMA,MEM
OMA,MEX
OMA,MAF
OMA,MKE
OMA,MSP
OMA,MBJ
OMA,LGA
OMA,BNA
OMA,NAS
OMA,MSY
OMA,EWR
OMA,ORF
OMA,OAK
OMA,OKC
OMA,ONT
OMA,SNA
OMA,MCO
OMA,ECP
OMA,PNS
OMA,PHL
OMA,PHX
OMA,PIT
OMA,PWM
OMA,PDX
OMA,PVD
OMA,PVR
OMA,PUJ
OMA,RDU
OMA,RNO
OMA,RIC
OMA,ROC
OMA,SMF
OMA,SLC
OMA,SAT
OMA,SAN
OMA,SFO
OMA,SJC
OMA,SJO
OMA,SJU
OMA,SEA
OMA,GEG
OMA,STL
OMA,TPA
OMA,TUS
OMA,TUL
OMA,PLS
OMA,IAD
OMA,DCA
OMA,PBI
OMA,ICT
ONT,ALB
ONT,ABQ
ONT,AMA
ONT,AUA
ONT,ATL
ONT,AUS
ONT,BWI
ONT,BZE
ONT,BHM
ONT,BOI
ONT,BOS
ONT,BUF
ONT,BUR
ONT,SJD
ONT,CUN
ONT,GCM
ONT,CHS
ONT,CLT
ONT,MDW
ONT,CVG
ONT,CLE
ONT,CMH
ONT,CRP
ONT,DAL
ONT,DEN
ONT,DSM
ONT,DTW
ONT,ELP
ONT,FLL
ONT,RSW
ONT,GRR
ONT,GSP
ONT,HRL
ONT,BDL
ONT,HAV
ONT,HOU
ONT,IND
ONT,JAX
ONT,MCI
ONT,LAS
ONT,LIR
ONT,LIT
ONT,LGB
ONT,ISP
ONT,LAX
ONT,SDF
ONT,LBB
ONT,MHT
ONT,MEM
ONT,MEX
ONT,MAF
ONT,MKE
ONT,MSP
ONT,MBJ
ONT,LGA
ONT,BNA
ONT,NAS
ONT,MSY
ONT,EWR
ONT,ORF
ONT,OAK
ONT,OKC
ONT,OMA
ONT,SNA
ONT,MCO
ONT,ECP
ONT,PNS
ONT,PHL
ONT,PHX
ONT,PIT
ONT,PWM
ONT,PDX
ONT,PVD
ONT,PVR
ONT,PUJ
ONT,RDU
ONT,RNO
ONT,RIC
ONT,ROC
ONT,SMF
ONT,SLC
ONT,SAT
ONT,SAN
ONT,SFO
ONT,SJC
ONT,SJO
ONT,SJU
ONT,SEA
ONT,GEG
ONT,STL
ONT,TPA
ONT,TUS
ONT,TUL
ONT,PLS
ONT,IAD
ONT,DCA
ONT,PBI
ONT,ICT
SNA,ALB
SNA,ABQ
SNA,AMA
SNA,AUA
SNA,ATL
SNA,AUS
SNA,BWI
SNA,BZE
SNA,BHM
SNA,BOI
SNA,BOS
SNA,BUF
SNA,BUR
SNA,SJD
SNA,CUN
SNA,GCM
SNA,CHS
SNA,CLT
SNA,MDW
SNA,CVG
SNA,CLE
SNA,CMH
SNA,CRP
SNA,DAL
SNA,DEN
SNA,DSM
SNA,DTW
SNA,ELP
SNA,FLL
SNA,RSW
SNA,GRR
SNA,GSP
SNA,HRL
SNA,BDL
SNA,HAV
SNA,HOU
SNA,IND
SNA,JAX
SNA,MCI
SNA,LAS
SNA,LIR
SNA,LIT
SNA,LGB
SNA,ISP
SNA,LAX
SNA,SDF
SNA,LBB
SNA,MHT
SNA,MEM
SNA,MEX
SNA,MAF
SNA,MKE
SNA,MSP
SNA,MBJ
SNA,LGA
SNA,BNA
SNA,NAS
SNA,MSY
SNA,EWR
SNA,ORF
SNA,OAK
SNA,OKC
SNA,OMA
SNA,ONT
SNA,MCO
SNA,ECP
SNA,PNS
SNA,PHL
SNA,PHX
SNA,PIT
SNA,PWM
SNA,PDX
SNA,PVD
SNA,PVR
SNA,PUJ
SNA,RDU
SNA,RNO
SNA,RIC
SNA,ROC
SNA,SMF
SNA,SLC
SNA,SAT
SNA,SAN
SNA,SFO
SNA,SJC
SNA,SJO
SNA,SJU
SNA,SEA
SNA,GEG
SNA,STL
SNA,TPA
SNA,TUS
SNA,TUL
SNA,PLS
SNA,IAD
SNA,DCA
SNA,PBI
SNA,ICT
MCO,ALB
MCO,ABQ
MCO,AMA
MCO,AUA
MCO,ATL
MCO,AUS
MCO,BWI
MCO,BZE
MCO,BHM
MCO,BOI
MCO,BOS
MCO,BUF
MCO,BUR
MCO,SJD
MCO,CUN
MCO,GCM
MCO,CHS
MCO,CLT
MCO,MDW
MCO,CVG
MCO,CLE
MCO,CMH
MCO,CRP
MCO,DAL
MCO,DEN
MCO,DSM
MCO,DTW
MCO,ELP
MCO,FLL
MCO,RSW
MCO,GRR
MCO,GSP
MCO,HRL
MCO,BDL
MCO,HAV
MCO,HOU
MCO,IND
MCO,JAX
MCO,MCI
MCO,LAS
MCO,LIR
MCO,LIT
MCO,LGB
MCO,ISP
MCO,LAX
MCO,SDF
MCO,LBB
MCO,MHT
MCO,MEM
MCO,MEX
MCO,MAF
MCO,MKE
MCO,MSP
MCO,MBJ
MCO,LGA
MCO,BNA
MCO,NAS
MCO,MSY
MCO,EWR
MCO,ORF
MCO,OAK
MCO,OKC
MCO,OMA
MCO,ONT
MCO,SNA
MCO,ECP
MCO,PNS
MCO,PHL
MCO,PHX
MCO,PIT
MCO,PWM
MCO,PDX
MCO,PVD
MCO,PVR
MCO,PUJ
MCO,RDU
MCO,RNO
MCO,RIC
MCO,ROC
MCO,SMF
MCO,SLC
MCO,SAT
MCO,SAN
MCO,SFO
MCO,SJC
MCO,SJO
MCO,SJU
MCO,SEA
MCO,GEG
MCO,STL
MCO,TPA
MCO,TUS
MCO,TUL
MCO,PLS
MCO,IAD
MCO,DCA
MCO,PBI
MCO,ICT
ECP,ALB
ECP,ABQ
ECP,AMA
ECP,AUA
ECP,ATL
ECP,AUS
ECP,BWI
ECP,BZE
ECP,BHM
ECP,BOI
ECP,BOS
ECP,BUF
ECP,BUR
ECP,SJD
ECP,CUN
ECP,GCM
ECP,CHS
ECP,CLT
ECP,MDW
ECP,CVG
ECP,CLE
ECP,CMH
ECP,CRP
ECP,DAL
ECP,DEN
ECP,DSM
ECP,DTW
ECP,ELP
ECP,FLL
ECP,RSW
ECP,GRR
ECP,GSP
ECP,HRL
ECP,BDL
ECP,HAV
ECP,HOU
ECP,IND
ECP,JAX
ECP,MCI
ECP,LAS
ECP,LIR
ECP,LIT
ECP,LGB
ECP,ISP
ECP,LAX
ECP,SDF
ECP,LBB
ECP,MHT
ECP,MEM
ECP,MEX
ECP,MAF
ECP,MKE
ECP,MSP
ECP,MBJ
ECP,LGA
ECP,BNA
ECP,NAS
ECP,MSY
ECP,EWR
ECP,ORF
ECP,OAK
ECP,OKC
ECP,OMA
ECP,ONT
ECP,SNA
ECP,MCO
ECP,PNS
ECP,PHL
ECP,PHX
ECP,PIT
ECP,PWM
ECP,PDX
ECP,PVD
ECP,PVR
ECP,PUJ
ECP,RDU
ECP,RNO
ECP,RIC
ECP,ROC
ECP,SMF
ECP,SLC
ECP,SAT
ECP,SAN
ECP,SFO
ECP,SJC
ECP,SJO
ECP,SJU
ECP,SEA
ECP,GEG
ECP,STL
ECP,TPA
ECP,TUS
ECP,TUL
ECP,PLS
ECP,IAD
ECP,DCA
ECP,PBI
ECP,ICT
PNS,ALB
PNS,ABQ
PNS,AMA
PNS,AUA
PNS,ATL
PNS,AUS
PNS,BWI
PNS,BZE
PNS,BHM
PNS,BOI
PNS,BOS
PNS,BUF
PNS,BUR
PNS,SJD
PNS,CUN
PNS,GCM
PNS,CHS
PNS,CLT
PNS,MDW
PNS,CVG
PNS,CLE
PNS,CMH
PNS,CRP
PNS,DAL
PNS,DEN
PNS,DSM
PNS,DTW
PNS,ELP
PNS,FLL
PNS,RSW
PNS,GRR
PNS,GSP
PNS,HRL
PNS,BDL
PNS,HAV
PNS,HOU
PNS,IND
PNS,JAX
PNS,MCI
PNS,LAS
PNS,LIR
PNS,LIT
PNS,LGB
PNS,ISP
PNS,LAX
PNS,SDF
PNS,LBB
PNS,MHT
PNS,MEM
PNS,MEX
PNS,MAF
PNS,MKE
PNS,MSP
PNS,MBJ
PNS,LGA
PNS,BNA
PNS,NAS
PNS,MSY
PNS,EWR
PNS,ORF
PNS,OAK
PNS,OKC
PNS,OMA
PNS,ONT
PNS,SNA
PNS,MCO
PNS,ECP
PNS,PHL
PNS,PHX
PNS,PIT
PNS,PWM
PNS,PDX
PNS,PVD
PNS,PVR
PNS,PUJ
PNS,RDU
PNS,RNO
PNS,RIC
PNS,ROC
PNS,SMF
PNS,SLC
PNS,SAT
PNS,SAN
PNS,SFO
PNS,SJC
PNS,SJO
PNS,SJU
PNS,SEA
PNS,GEG
PNS,STL
PNS,TPA
PNS,TUS
PNS,TUL
PNS,PLS
PNS,IAD
PNS,DCA
PNS,PBI
PNS,ICT
PHL,ALB
PHL,ABQ
PHL,AMA
PHL,AUA
PHL,ATL
PHL,AUS
PHL,BWI
PHL,BZE
PHL,BHM
PHL,BOI
PHL,BOS
PHL,BUF
PHL,BUR
PHL,SJD
PHL,CUN
PHL,GCM
PHL,CHS
PHL,CLT
PHL,MDW
PHL,CVG
PHL,CLE
PHL,CMH
PHL,CRP
PHL,DAL
PHL,DEN
PHL,DSM
PHL,DTW
PHL,ELP
PHL,FLL
PHL,RSW
PHL,GRR
PHL,GSP
PHL,HRL
PHL,BDL
PHL,HAV
PHL,HOU
PHL,IND
PHL,JAX
PHL,MCI
PHL,LAS
PHL,LIR
PHL,LIT
PHL,LGB
PHL,ISP
PHL,LAX
PHL,SDF
PHL,LBB
PHL,MHT
PHL,MEM
PHL,MEX
PHL,MAF
PHL,MKE
PHL,MSP
PHL,MBJ
PHL,LGA
PHL,BNA
PHL,NAS
PHL,MSY
PHL,EWR
PHL,ORF
PHL,OAK
PHL,OKC
PHL,OMA
PHL,ONT
PHL,SNA
PHL,MCO
PHL,ECP
PHL,PNS
PHL,PHX
PHL,PIT
PHL,PWM
PHL,PDX
PHL,PVD
PHL,PVR
PHL,PUJ
PHL,RDU
PHL,RNO
PHL,RIC
PHL,ROC
PHL,SMF
PHL,SLC
PHL,SAT
PHL,SAN
PHL,SFO
PHL,SJC
PHL,SJO
PHL,SJU
PHL,SEA
PHL,GEG
PHL,STL
PHL,TPA
PHL,TUS
PHL,TUL
PHL,PLS
PHL,IAD
PHL,DCA
PHL,PBI
PHL,ICT
PHX,ALB
PHX,ABQ
PHX,AMA
PHX,AUA
PHX,ATL
PHX,AUS
PHX,BWI
PHX,BZE
PHX,BHM
PHX,BOI
PHX,BOS
PHX,BUF
PHX,BUR
PHX,SJD
PHX,CUN
PHX,GCM
PHX,CHS
PHX,CLT
PHX,MDW
PHX,CVG
PHX,CLE
PHX,CMH
PHX,CRP
PHX,DAL
PHX,DEN
PHX,DSM
PHX,DTW
PHX,ELP
PHX,FLL
PHX,RSW
PHX,GRR
PHX,GSP
PHX,HRL
PHX,BDL
PHX,HAV
PHX,HOU
PHX,IND
PHX,JAX
PHX,MCI
PHX,LAS
PHX,LIR
PHX,LIT
PHX,LGB
PHX,ISP
PHX,LAX
PHX,SDF
PHX,LBB
PHX,MHT
PHX,MEM
PHX,MEX
PHX,MAF
PHX,MKE
PHX,MSP
PHX,MBJ
PHX,LGA
PHX,BNA
PHX,NAS
PHX,MSY
PHX,EWR
PHX,ORF
PHX,OAK
PHX,OKC
PHX,OMA
PHX,ONT
PHX,SNA
PHX,MCO
PHX,ECP
PHX,PNS
PHX,PHL
PHX,PIT
PHX,PWM
PHX,PDX
PHX,PVD
PHX,PVR
PHX,PUJ
PHX,RDU
PHX,RNO
PHX,RIC
PHX,ROC
PHX,SMF
PHX,SLC
PHX,SAT
PHX,SAN
PHX,SFO
PHX,SJC
PHX,SJO
PHX,SJU
PHX,SEA
PHX,GEG
PHX,STL
PHX,TPA
PHX,TUS
PHX,TUL
PHX,PLS
PHX,IAD
PHX,DCA
PHX,PBI
PHX,ICT
PIT,ALB
PIT,ABQ
PIT,AMA
PIT,AUA
PIT,ATL
PIT,AUS
PIT,BWI
PIT,BZE
PIT,BHM
PIT,BOI
PIT,BOS
PIT,BUF
PIT,BUR
PIT,SJD
PIT,CUN
PIT,GCM
PIT,CHS
PIT,CLT
PIT,MDW
PIT,CVG
PIT,CLE
PIT,CMH
PIT,CRP
PIT,DAL
PIT,DEN
PIT,DSM
PIT,DTW
PIT,ELP
PIT,FLL
PIT,RSW
PIT,GRR
PIT,GSP
PIT,HRL
PIT,BDL
PIT,HAV
PIT,HOU
PIT,IND
PIT,JAX
PIT,MCI
PIT,LAS
PIT,LIR
PIT,LIT
PIT,LGB
PIT,ISP
PIT,LAX
PIT,SDF
PIT,LBB
PIT,MHT
PIT,MEM
PIT,MEX
PIT,MAF
PIT,MKE
PIT,MSP
PIT,MBJ
PIT,LGA
PIT,BNA
PIT,NAS
PIT,MSY
PIT,EWR
PIT,ORF
PIT,OAK
PIT,OKC
PIT,OMA
PIT,ONT
PIT,SNA
PIT,MCO
PIT,ECP
PIT,PNS
PIT,PHL
PIT,PHX
PIT,PWM
PIT,PDX
PIT,PVD
PIT,PVR
PIT,PUJ
PIT,RDU
PIT,RNO
PIT,RIC
PIT,ROC
PIT,SMF
PIT,SLC
PIT,SAT
PIT,SAN
PIT,SFO
PIT,SJC
PIT,SJO
PIT,SJU
PIT,SEA
PIT,GEG
PIT,STL
PIT,TPA
PIT,TUS
PIT,TUL
PIT,PLS
PIT,IAD
PIT,DCA
PIT,PBI
PIT,ICT
PWM,ALB
PWM,ABQ
PWM,AMA
PWM,AUA
PWM,ATL
PWM,AUS
PWM,BWI
PWM,BZE
PWM,BHM
PWM,BOI
PWM,BOS
PWM,BUF
PWM,BUR
PWM,SJD
PWM,CUN
PWM,GCM
PWM,CHS
PWM,CLT
PWM,MDW
PWM,CVG
PWM,CLE
PWM,CMH
PWM,CRP
PWM,DAL
PWM,DEN
PWM,DSM
PWM,DTW
PWM,ELP
PWM,FLL
PWM,RSW
PWM,GRR
PWM,GSP
PWM,HRL
PWM,BDL
PWM,HAV
PWM,HOU
PWM,IND
PWM,JAX
PWM,MCI
PWM,LAS
PWM,LIR
PWM,LIT
PWM,LGB
PWM,ISP
PWM,LAX
PWM,SDF
PWM,LBB
PWM,MHT
PWM,MEM
PWM,MEX
PWM,MAF
PWM,MKE
PWM,MSP
PWM,MBJ
PWM,LGA
PWM,BNA
PWM,NAS
PWM,MSY
PWM,EWR
PWM,ORF
PWM,OAK
PWM,OKC
PWM,OMA
PWM,ONT
PWM,SNA
PWM,MCO
PWM,ECP
PWM,PNS
PWM,PHL
PWM,PHX
PWM,PIT
PWM,PDX
PWM,PVD
PWM,PVR
PWM,PUJ
PWM,RDU
PWM,RNO
PWM,RIC
PWM,ROC
PWM,SMF
PWM,SLC
PWM,SAT
PWM,SAN
PWM,SFO
PWM,SJC
PWM,SJO
PWM,SJU
PWM,SEA
PWM,GEG
PWM,STL
PWM,TPA
PWM,TUS
PWM,TUL
PWM,PLS
PWM,IAD
PWM,DCA
PWM,PBI
PWM,ICT
PDX,ALB
PDX,ABQ
PDX,AMA
PDX,AUA
PDX,ATL
PDX,AUS
PDX,BWI
PDX,BZE
PDX,BHM
PDX,BOI
PDX,BOS
PDX,BUF
PDX,BUR
PDX,SJD
PDX,CUN
PDX,GCM
PDX,CHS
PDX,CLT
PDX,MDW
PDX,CVG
PDX,CLE
PDX,CMH
PDX,CRP
PDX,DAL
PDX,DEN
PDX,DSM
PDX,DTW
PDX,ELP
PDX,FLL
PDX,RSW
PDX,GRR
PDX,GSP
PDX,HRL
PDX,BDL
PDX,HAV
PDX,HOU
PDX,IND
PDX,JAX
PDX,MCI
PDX,LAS
PDX,LIR
PDX,LIT
PDX,LGB
PDX,ISP
PDX,LAX
PDX,SDF
PDX,LBB
PDX,MHT
PDX,MEM
PDX,MEX
PDX,MAF
PDX,MKE
PDX,MSP
PDX,MBJ
PDX,LGA
PDX,BNA
PDX,NAS
PDX,MSY
PDX,EWR
PDX,ORF
PDX,OAK
PDX,OKC
PDX,OMA
PDX,ONT
PDX,SNA
PDX,MCO
PDX,ECP
PDX,PNS
PDX,PHL
PDX,PHX
PDX,PIT
PDX,PWM
PDX,PVD
PDX,PVR
PDX,PUJ
PDX,RDU
PDX,RNO
PDX,RIC
PDX,ROC
PDX,SMF
PDX,SLC
PDX,SAT
PDX,SAN
PDX,SFO
PDX,SJC
PDX,SJO
PDX,SJU
PDX,SEA
PDX,GEG
PDX,STL
PDX,TPA
PDX,TUS
PDX,TUL
PDX,PLS
PDX,IAD
PDX,DCA
PDX,PBI
PDX,ICT
PVD,ALB
PVD,ABQ
PVD,AMA
PVD,AUA
PVD,ATL
PVD,AUS
PVD,BWI
PVD,BZE
PVD,BHM
PVD,BOI
PVD,BOS
PVD,BUF
PVD,BUR
PVD,SJD
PVD,CUN
PVD,GCM
PVD,CHS
PVD,CLT
PVD,MDW
PVD,CVG
PVD,CLE
PVD,CMH
PVD,CRP
PVD,DAL
PVD,DEN
PVD,DSM
PVD,DTW
PVD,ELP
PVD,FLL
PVD,RSW
PVD,GRR
PVD,GSP
PVD,HRL
PVD,BDL
PVD,HAV
PVD,HOU
PVD,IND
PVD,JAX
PVD,MCI
PVD,LAS
PVD,LIR
PVD,LIT
PVD,LGB
PVD,ISP
PVD,LAX
PVD,SDF
PVD,LBB
PVD,MHT
PVD,MEM
PVD,MEX
PVD,MAF
PVD,MKE
PVD,MSP
PVD,MBJ
PVD,LGA
PVD,BNA
PVD,NAS
PVD,MSY
PVD,EWR
PVD,ORF
PVD,OAK
PVD,OKC
PVD,OMA
PVD,ONT
PVD,SNA
PVD,MCO
PVD,ECP
PVD,PNS
PVD,PHL
PVD,PHX
PVD,PIT
PVD,PWM
PVD,PDX
PVD,PVR
PVD,PUJ
PVD,RDU
PVD,RNO
PVD,RIC
PVD,ROC
PVD,SMF
PVD,SLC
PVD,SAT
PVD,SAN
PVD,SFO
PVD,SJC
PVD,SJO
PVD,SJU
PVD,SEA
PVD,GEG
PVD,STL
PVD,TPA
PVD,TUS
PVD,TUL
PVD,PLS
PVD,IAD
PVD,DCA
PVD,PBI
PVD,ICT
PVR,ALB
PVR,ABQ
PVR,AMA
PVR,AUA
PVR,ATL
PVR,AUS
PVR,BWI
PVR,BZE
PVR,BHM
PVR,BOI
PVR,BOS
PVR,BUF
PVR,BUR
PVR,SJD
PVR,CUN
PVR,GCM
PVR,CHS
PVR,CLT
PVR,MDW
PVR,CVG
PVR,CLE
PVR,CMH
PVR,CRP
PVR,DAL
PVR,DEN
PVR,DSM
PVR,DTW
PVR,ELP
PVR,FLL
PVR,RSW
PVR,GRR
PVR,GSP
PVR,HRL
PVR,BDL
PVR,HAV
PVR,HOU
PVR,IND
PVR,JAX
PVR,MCI
PVR,LAS
PVR,LIR
PVR,LIT
PVR,LGB
PVR,ISP
PVR,LAX
PVR,SDF
PVR,LBB
PVR,MHT
PVR,MEM
PVR,MEX
PVR,MAF
PVR,MKE
PVR,MSP
PVR,MBJ
PVR,LGA
PVR,BNA
PVR,NAS
PVR,MSY
PVR,EWR
PVR,ORF
PVR,OAK
PVR,OKC
PVR,OMA
PVR,ONT
PVR,SNA
PVR,MCO
PVR,ECP
PVR,PNS
PVR,PHL
PVR,PHX
PVR,PIT
PVR,PWM
PVR,PDX
PVR,PVD
PVR,PUJ
PVR,RDU
PVR,RNO
PVR,RIC
PVR,ROC
PVR,SMF
PVR,SLC
PVR,SAT
PVR,SAN
PVR,SFO
PVR,SJC
PVR,SJO
PVR,SJU
PVR,SEA
PVR,GEG
PVR,STL
PVR,TPA
PVR,TUS
PVR,TUL
PVR,PLS
PVR,IAD
PVR,DCA
PVR,PBI
PVR,ICT
PUJ,ALB
PUJ,ABQ
PUJ,AMA
PUJ,AUA
PUJ,ATL
PUJ,AUS
PUJ,BWI
PUJ,BZE
PUJ,BHM
PUJ,BOI
PUJ,BOS
PUJ,BUF
PUJ,BUR
PUJ,SJD
PUJ,CUN
PUJ,GCM
PUJ,CHS
PUJ,CLT
PUJ,MDW
PUJ,CVG
PUJ,CLE
PUJ,CMH
PUJ,CRP
PUJ,DAL
PUJ,DEN
PUJ,DSM
PUJ,DTW
PUJ,ELP
PUJ,FLL
PUJ,RSW
PUJ,GRR
PUJ,GSP
PUJ,HRL
PUJ,BDL
PUJ,HAV
PUJ,HOU
PUJ,IND
PUJ,JAX
PUJ,MCI
PUJ,LAS
PUJ,LIR
PUJ,LIT
PUJ,LGB
PUJ,ISP
PUJ,LAX
PUJ,SDF
PUJ,LBB
PUJ,MHT
PUJ,MEM
PUJ,MEX
PUJ,MAF
PUJ,MKE
PUJ,MSP
PUJ,MBJ
PUJ,LGA
PUJ,BNA
PUJ,NAS
PUJ,MSY
PUJ,EWR
PUJ,ORF
PUJ,OAK
PUJ,OKC
PUJ,OMA
PUJ,ONT
PUJ,SNA
PUJ,MCO
PUJ,ECP
PUJ,PNS
PUJ,PHL
PUJ,PHX
PUJ,PIT
PUJ,PWM
PUJ,PDX
PUJ,PVD
PUJ,PVR
PUJ,RDU
PUJ,RNO
PUJ,RIC
PUJ,ROC
PUJ,SMF
PUJ,SLC
PUJ,SAT
PUJ,SAN
PUJ,SFO
PUJ,SJC
PUJ,SJO
PUJ,SJU
PUJ,SEA
PUJ,GEG
PUJ,STL
PUJ,TPA
PUJ,TUS
PUJ,TUL
PUJ,PLS
PUJ,IAD
PUJ,DCA
PUJ,PBI
PUJ,ICT
RDU,ALB
RDU,ABQ
RDU,AMA
RDU,AUA
RDU,ATL
RDU,AUS
RDU,BWI
RDU,BZE
RDU,BHM
RDU,BOI
RDU,BOS
RDU,BUF
RDU,BUR
RDU,SJD
RDU,CUN
RDU,GCM
RDU,CHS
RDU,CLT
RDU,MDW
RDU,CVG
RDU,CLE
RDU,CMH
RDU,CRP
RDU,DAL
RDU,DEN
RDU,DSM
RDU,DTW
RDU,ELP
RDU,FLL
RDU,RSW
RDU,GRR
RDU,GSP
RDU,HRL
RDU,BDL
RDU,HAV
RDU,HOU
RDU,IND
RDU,JAX
RDU,MCI
RDU,LAS
RDU,LIR
RDU,LIT
RDU,LGB
RDU,ISP
RDU,LAX
RDU,SDF
RDU,LBB
RDU,MHT
RDU,MEM
RDU,MEX
RDU,MAF
RDU,MKE
RDU,MSP
RDU,MBJ
RDU,LGA
RDU,BNA
RDU,NAS
RDU,MSY
RDU,EWR
RDU,ORF
RDU,OAK
RDU,OKC
RDU,OMA
RDU,ONT
RDU,SNA
RDU,MCO
RDU,ECP
RDU,PNS
RDU,PHL
RDU,PHX
RDU,PIT
RDU,PWM
RDU,PDX
RDU,PVD
RDU,PVR
RDU,PUJ
RDU,RNO
RDU,RIC
RDU,ROC
RDU,SMF
RDU,SLC
RDU,SAT
RDU,SAN
RDU,SFO
RDU,SJC
RDU,SJO
RDU,SJU
RDU,SEA
RDU,GEG
RDU,STL
RDU,TPA
RDU,TUS
RDU,TUL
RDU,PLS
RDU,IAD
RDU,DCA
RDU,PBI
RDU,ICT
RNO,ALB
RNO,ABQ
RNO,AMA
RNO,AUA
RNO,ATL
RNO,AUS
RNO,BWI
RNO,BZE
RNO,BHM
RNO,BOI
RNO,BOS
RNO,BUF
RNO,BUR
RNO,SJD
RNO,CUN
RNO,GCM
RNO,CHS
RNO,CLT
RNO,MDW
RNO,CVG
RNO,CLE
RNO,CMH
RNO,CRP
RNO,DAL
RNO,DEN
RNO,DSM
RNO,DTW
RNO,ELP
RNO,FLL
RNO,RSW
RNO,GRR
RNO,GSP
RNO,HRL
RNO,BDL
RNO,HAV
RNO,HOU
RNO,IND
RNO,JAX
RNO,MCI
RNO,LAS
RNO,LIR
RNO,LIT
RNO,LGB
RNO,ISP
RNO,LAX
RNO,SDF
RNO,LBB
RNO,MHT
RNO,MEM
RNO,MEX
RNO,MAF
RNO,MKE
RNO,MSP
RNO,MBJ
RNO,LGA
RNO,BNA
RNO,NAS
RNO,MSY
RNO,EWR
RNO,ORF
RNO,OAK
RNO,OKC
RNO,OMA
RNO,ONT
RNO,SNA
RNO,MCO
RNO,ECP
RNO,PNS
RNO,PHL
RNO,PHX
RNO,PIT
RNO,PWM
RNO,PDX
RNO,PVD
RNO,PVR
RNO,PUJ
RNO,RDU
RNO,RIC
RNO,ROC
RNO,SMF
RNO,SLC
RNO,SAT
RNO,SAN
RNO,SFO
RNO,SJC
RNO,SJO
RNO,SJU
RNO,SEA
RNO,GEG
RNO,STL
RNO,TPA
RNO,TUS
RNO,TUL
RNO,PLS
RNO,IAD
RNO,DCA
RNO,PBI
RNO,ICT
RIC,ALB
RIC,ABQ
RIC,AMA
RIC,AUA
RIC,ATL
RIC,AUS
RIC,BWI
RIC,BZE
RIC,BHM
RIC,BOI
RIC,BOS
RIC,BUF
RIC,BUR
RIC,SJD
RIC,CUN
RIC,GCM
RIC,CHS
RIC,CLT
RIC,MDW
RIC,CVG
RIC,CLE
RIC,CMH
RIC,CRP
RIC,DAL
RIC,DEN
RIC,DSM
RIC,DTW
RIC,ELP
RIC,FLL
RIC,RSW
RIC,GRR
RIC,GSP
RIC,HRL
RIC,BDL
RIC,HAV
RIC,HOU
RIC,IND
RIC,JAX
RIC,MCI
RIC,LAS
RIC,LIR
RIC,LIT
RIC,LGB
RIC,ISP
RIC,LAX
RIC,SDF
RIC,LBB
RIC,MHT
RIC,MEM
RIC,MEX
RIC,MAF
RIC,MKE
RIC,MSP
RIC,MBJ
RIC,LGA
RIC,BNA
RIC,NAS
RIC,MSY
RIC,EWR
RIC,ORF
RIC,OAK
RIC,OKC
RIC,OMA
RIC,ONT
RIC,SNA
RIC,MCO
RIC,ECP
RIC,PNS
RIC,PHL
RIC,PHX
RIC,PIT
RIC,PWM
RIC,PDX
RIC,PVD
RIC,PVR
RIC,PUJ
RIC,RDU
RIC,RNO
RIC,ROC
RIC,SMF
RIC,SLC
RIC,SAT
RIC,SAN
RIC,SFO
RIC,SJC
RIC,SJO
RIC,SJU
RIC,SEA
RIC,GEG
RIC,STL
RIC,TPA
RIC,TUS
RIC,TUL
RIC,PLS
RIC,IAD
RIC,DCA
RIC,PBI
RIC,ICT
ROC,ALB
ROC,ABQ
ROC,AMA
ROC,AUA
ROC,ATL
ROC,AUS
ROC,BWI
ROC,BZE
ROC,BHM
ROC,BOI
ROC,BOS
ROC,BUF
ROC,BUR
ROC,SJD
ROC,CUN
ROC,GCM
ROC,CHS
ROC,CLT
ROC,MDW
ROC,CVG
ROC,CLE
ROC,CMH
ROC,CRP
ROC,DAL
ROC,DEN
ROC,DSM
ROC,DTW
ROC,ELP
ROC,FLL
ROC,RSW
ROC,GRR
ROC,GSP
ROC,HRL
ROC,BDL
ROC,HAV
ROC,HOU
ROC,IND
ROC,JAX
ROC,MCI
ROC,LAS
ROC,LIR
ROC,LIT
ROC,LGB
ROC,ISP
ROC,LAX
ROC,SDF
ROC,LBB
ROC,MHT
ROC,MEM
ROC,MEX
ROC,MAF
ROC,MKE
ROC,MSP
ROC,MBJ
ROC,LGA
ROC,BNA
ROC,NAS
ROC,MSY
ROC,EWR
ROC,ORF
ROC,OAK
ROC,OKC
ROC,OMA
ROC,ONT
ROC,SNA
ROC,MCO
ROC,ECP
ROC,PNS
ROC,PHL
ROC,PHX
ROC,PIT
ROC,PWM
ROC,PDX
ROC,PVD
ROC,PVR
ROC,PUJ
ROC,RDU
ROC,RNO
ROC,RIC
ROC,SMF
ROC,SLC
ROC,SAT
ROC,SAN
ROC,SFO
ROC,SJC
ROC,SJO
ROC,SJU
ROC,SEA
ROC,GEG
ROC,STL
ROC,TPA
ROC,TUS
ROC,TUL
ROC,PLS
ROC,IAD
ROC,DCA
ROC,PBI
ROC,ICT
SMF,ALB
SMF,ABQ
SMF,AMA
SMF,AUA
SMF,ATL
SMF,AUS
SMF,BWI
SMF,BZE
SMF,BHM
SMF,BOI
SMF,BOS
SMF,BUF
SMF,BUR
SMF,SJD
SMF,CUN
SMF,GCM
SMF,CHS
SMF,CLT
SMF,MDW
SMF,CVG
SMF,CLE
SMF,CMH
SMF,CRP
SMF,DAL
SMF,DEN
SMF,DSM
SMF,DTW
SMF,ELP
SMF,FLL
SMF,RSW
SMF,GRR
SMF,GSP
SMF,HRL
SMF,BDL
SMF,HAV
SMF,HOU
SMF,IND
SMF,JAX
SMF,MCI
SMF,LAS
SMF,LIR
SMF,LIT
SMF,LGB
SMF,ISP
SMF,LAX
SMF,SDF
SMF,LBB
SMF,MHT
SMF,MEM
SMF,MEX
SMF,MAF
SMF,MKE
SMF,MSP
SMF,MBJ
SMF,LGA
SMF,BNA
SMF,NAS
SMF,MSY
SMF,EWR
SMF,ORF
SMF,OAK
SMF,OKC
SMF,OMA
SMF,ONT
SMF,SNA
SMF,MCO
SMF,ECP
SMF,PNS
SMF,PHL
SMF,PHX
SMF,PIT
SMF,PWM
SMF,PDX
SMF,PVD
SMF,PVR
SMF,PUJ
SMF,RDU
SMF,RNO
SMF,RIC
SMF,ROC
SMF,SLC
SMF,SAT
SMF,SAN
SMF,SFO
SMF,SJC
SMF,SJO
SMF,SJU
SMF,SEA
SMF,GEG
SMF,STL
SMF,TPA
SMF,TUS
SMF,TUL
SMF,PLS
SMF,IAD
SMF,DCA
SMF,PBI
SMF,ICT
SLC,ALB
SLC,ABQ
SLC,AMA
SLC,AUA
SLC,ATL
SLC,AUS
SLC,BWI
SLC,BZE
SLC,BHM
SLC,BOI
SLC,BOS
SLC,BUF
SLC,BUR
SLC,SJD
SLC,CUN
SLC,GCM
SLC,CHS
SLC,CLT
SLC,MDW
SLC,CVG
SLC,CLE
SLC,CMH
SLC,CRP
SLC,DAL
SLC,DEN
SLC,DSM
SLC,DTW
SLC,ELP
SLC,FLL
SLC,RSW
SLC,GRR
SLC,GSP
SLC,HRL
SLC,BDL
SLC,HAV
SLC,HOU
SLC,IND
SLC,JAX
SLC,MCI
SLC,LAS
SLC,LIR
SLC,LIT
SLC,LGB
SLC,ISP
SLC,LAX
SLC,SDF
SLC,LBB
SLC,MHT
SLC,MEM
SLC,MEX
SLC,MAF
SLC,MKE
SLC,MSP
SLC,MBJ
SLC,LGA
SLC,BNA
SLC,NAS
SLC,MSY
SLC,EWR
SLC,ORF
SLC,OAK
SLC,OKC
SLC,OMA
SLC,ONT
SLC,SNA
SLC,MCO
SLC,ECP
SLC,PNS
SLC,PHL
SLC,PHX
SLC,PIT
SLC,PWM
SLC,PDX
SLC,PVD
SLC,PVR
SLC,PUJ
SLC,RDU
SLC,RNO
SLC,RIC
SLC,ROC
SLC,SMF
SLC,SAT
SLC,SAN
SLC,SFO
SLC,SJC
SLC,SJO
SLC,SJU
SLC,SEA
SLC,GEG
SLC,STL
SLC,TPA
SLC,TUS
SLC,TUL
SLC,PLS
SLC,IAD
SLC,DCA
SLC,PBI
SLC,ICT
SAT,ALB
SAT,ABQ
SAT,AMA
SAT,AUA
SAT,ATL
SAT,AUS
SAT,BWI
SAT,BZE
SAT,BHM
SAT,BOI
SAT,BOS
SAT,BUF
SAT,BUR
SAT,SJD
SAT,CUN
SAT,GCM
SAT,CHS
SAT,CLT
SAT,MDW
SAT,CVG
SAT,CLE
SAT,CMH
SAT,CRP
SAT,DAL
SAT,DEN
SAT,DSM
SAT,DTW
SAT,ELP
SAT,FLL
SAT,RSW
SAT,GRR
SAT,GSP
SAT,HRL
SAT,BDL
SAT,HAV
SAT,HOU
SAT,IND
SAT,JAX
SAT,MCI
SAT,LAS
SAT,LIR
SAT,LIT
SAT,LGB
SAT,ISP
SAT,LAX
SAT,SDF
SAT,LBB
SAT,MHT
SAT,MEM
SAT,MEX
SAT,MAF
SAT,MKE
SAT,MSP
SAT,MBJ
SAT,LGA
SAT,BNA
SAT,NAS
SAT,MSY
SAT,EWR
SAT,ORF
SAT,OAK
SAT,OKC
SAT,OMA
SAT,ONT
SAT,SNA
SAT,MCO
SAT,ECP
SAT,PNS
SAT,PHL
SAT,PHX
SAT,PIT
SAT,PWM
SAT,PDX
SAT,PVD
SAT,PVR
SAT,PUJ
SAT,RDU
SAT,RNO
SAT,RIC
SAT,ROC
SAT,SMF
SAT,SLC
SAT,SAN
SAT,SFO
SAT,SJC
SAT,SJO
SAT,SJU
SAT,SEA
SAT,GEG
SAT,STL
SAT,TPA
SAT,TUS
SAT,TUL
SAT,PLS
SAT,IAD
SAT,DCA
SAT,PBI
SAT,ICT
SAN,ALB
SAN,ABQ
SAN,AMA
SAN,AUA
SAN,ATL
SAN,AUS
SAN,BWI
SAN,BZE
SAN,BHM
SAN,BOI
SAN,BOS
SAN,BUF
SAN,BUR
SAN,SJD
SAN,CUN
SAN,GCM
SAN,CHS
SAN,CLT
SAN,MDW
SAN,CVG
SAN,CLE
SAN,CMH
SAN,CRP
SAN,DAL
SAN,DEN
SAN,DSM
SAN,DTW
SAN,ELP
SAN,FLL
SAN,RSW
SAN,GRR
SAN,GSP
SAN,HRL
SAN,BDL
SAN,HAV
SAN,HOU
SAN,IND
SAN,JAX
SAN,MCI
SAN,LAS
SAN,LIR
SAN,LIT
SAN,LGB
SAN,ISP
SAN,LAX
SAN,SDF
SAN,LBB
SAN,MHT
SAN,MEM
SAN,MEX
SAN,MAF
SAN,MKE
SAN,MSP
SAN,MBJ
SAN,LGA
SAN,BNA
SAN,NAS
SAN,MSY
SAN,EWR
SAN,ORF
SAN,OAK
SAN,OKC
SAN,OMA
SAN,ONT
SAN,SNA
SAN,MCO
SAN,ECP
SAN,PNS
SAN,PHL
SAN,PHX
SAN,PIT
SAN,PWM
SAN,PDX
SAN,PVD
SAN,PVR
SAN,PUJ
SAN,RDU
SAN,RNO
SAN,RIC
SAN,ROC
SAN,SMF
SAN,SLC
SAN,SAT
SAN,SFO
SAN,SJC
SAN,SJO
SAN,SJU
SAN,SEA
SAN,GEG
SAN,STL
SAN,TPA
SAN,TUS
SAN,TUL
SAN,PLS
SAN,IAD
SAN,DCA
SAN,PBI
SAN,ICT
SFO,ALB
SFO,ABQ
SFO,AMA
SFO,AUA
SFO,ATL
SFO,AUS
SFO,BWI
SFO,BZE
SFO,BHM
SFO,BOI
SFO,BOS
SFO,BUF
SFO,BUR
SFO,SJD
SFO,CUN
SFO,GCM
SFO,CHS
SFO,CLT
SFO,MDW
SFO,CVG
SFO,CLE
SFO,CMH
SFO,CRP
SFO,DAL
SFO,DEN
SFO,DSM
SFO,DTW
SFO,ELP
SFO,FLL
SFO,RSW
SFO,GRR
SFO,GSP
SFO,HRL
SFO,BDL
SFO,HAV
SFO,HOU
SFO,IND
SFO,JAX
SFO,MCI
SFO,LAS
SFO,LIR
SFO,LIT
SFO,LGB
SFO,ISP
SFO,LAX
SFO,SDF
SFO,LBB
SFO,MHT
SFO,MEM
SFO,MEX
SFO,MAF
SFO,MKE
SFO,MSP
SFO,MBJ
SFO,LGA
SFO,BNA
SFO,NAS
SFO,MSY
SFO,EWR
SFO,ORF
SFO,OAK
SFO,OKC
SFO,OMA
SFO,ONT
SFO,SNA
SFO,MCO
SFO,ECP
SFO,PNS
SFO,PHL
SFO,PHX
SFO,PIT
SFO,PWM
SFO,PDX
SFO,PVD
SFO,PVR
SFO,PUJ
SFO,RDU
SFO,RNO
SFO,RIC
SFO,ROC
SFO,SMF
SFO,SLC
SFO,SAT
SFO,SAN
SFO,SJC
SFO,SJO
SFO,SJU
SFO,SEA
SFO,GEG
SFO,STL
SFO,TPA
SFO,TUS
SFO,TUL
SFO,PLS
SFO,IAD
SFO,DCA
SFO,PBI
SFO,ICT
SJC,ALB
SJC,ABQ
SJC,AMA
SJC,AUA
SJC,ATL
SJC,AUS
SJC,BWI
SJC,BZE
SJC,BHM
SJC,BOI
SJC,BOS
SJC,BUF
SJC,BUR
SJC,SJD
SJC,CUN
SJC,GCM
SJC,CHS
SJC,CLT
SJC,MDW
SJC,CVG
SJC,CLE
SJC,CMH
SJC,CRP
SJC,DAL
SJC,DEN
SJC,DSM
SJC,DTW
SJC,ELP
SJC,FLL
SJC,RSW
SJC,GRR
SJC,GSP
SJC,HRL
SJC,BDL
SJC,HAV
SJC,HOU
SJC,IND
SJC,JAX
SJC,MCI
SJC,LAS
SJC,LIR
SJC,LIT
SJC,LGB
SJC,ISP
SJC,LAX
SJC,SDF
SJC,LBB
SJC,MHT
SJC,MEM
SJC,MEX
SJC,MAF
SJC,MKE
SJC,MSP
SJC,MBJ
SJC,LGA
SJC,BNA
SJC,NAS
SJC,MSY
SJC,EWR
SJC,ORF
SJC,OAK
SJC,OKC
SJC,OMA
SJC,ONT
SJC,SNA
SJC,MCO
SJC,ECP
SJC,PNS
SJC,PHL
SJC,PHX
SJC,PIT
SJC,PWM
SJC,PDX
SJC,PVD
SJC,PVR
SJC,PUJ
SJC,RDU
SJC,RNO
SJC,RIC
SJC,ROC
SJC,SMF
SJC,SLC
SJC,SAT
SJC,SAN
SJC,SFO
SJC,SJO
SJC,SJU
SJC,SEA
SJC,GEG
SJC,STL
SJC,TPA
SJC,TUS
SJC,TUL
SJC,PLS
SJC,IAD
SJC,DCA
SJC,PBI
SJC,ICT
SJO,ALB
SJO,ABQ
SJO,AMA
SJO,AUA
SJO,ATL
SJO,AUS
SJO,BWI
SJO,BZE
SJO,BHM
SJO,BOI
SJO,BOS
SJO,BUF
SJO,BUR
SJO,SJD
SJO,CUN
SJO,GCM
SJO,CHS
SJO,CLT
SJO,MDW
SJO,CVG
SJO,CLE
SJO,CMH
SJO,CRP
SJO,DAL
SJO,DEN
SJO,DSM
SJO,DTW
SJO,ELP
SJO,FLL
SJO,RSW
SJO,GRR
SJO,GSP
SJO,HRL
SJO,BDL
SJO,HAV
SJO,HOU
SJO,IND
SJO,JAX
SJO,MCI
SJO,LAS
SJO,LIR
SJO,LIT
SJO,LGB
SJO,ISP
SJO,LAX
SJO,SDF
SJO,LBB
SJO,MHT
SJO,MEM
SJO,MEX
SJO,MAF
SJO,MKE
SJO,MSP
SJO,MBJ
SJO,LGA
SJO,BNA
SJO,NAS
SJO,MSY
SJO,EWR
SJO,ORF
SJO,OAK
SJO,OKC
SJO,OMA
SJO,ONT
SJO,SNA
SJO,MCO
SJO,ECP
SJO,PNS
SJO,PHL
SJO,PHX
SJO,PIT
SJO,PWM
SJO,PDX
SJO,PVD
SJO,PVR
SJO,PUJ
SJO,RDU
SJO,RNO
SJO,RIC
SJO,ROC
SJO,SMF
SJO,SLC
SJO,SAT
SJO,SAN
SJO,SFO
SJO,SJC
SJO,SJU
SJO,SEA
SJO,GEG
SJO,STL
SJO,TPA
SJO,TUS
SJO,TUL
SJO,PLS
SJO,IAD
SJO,DCA
SJO,PBI
SJO,ICT
SJU,ALB
SJU,ABQ
SJU,AMA
SJU,AUA
SJU,ATL
SJU,AUS
SJU,BWI
SJU,BZE
SJU,BHM
SJU,BOI
SJU,BOS
SJU,BUF
SJU,BUR
SJU,SJD
SJU,CUN
SJU,GCM
SJU,CHS
SJU,CLT
SJU,MDW
SJU,CVG
SJU,CLE
SJU,CMH
SJU,CRP
SJU,DAL
SJU,DEN
SJU,DSM
SJU,DTW
SJU,ELP
SJU,FLL
SJU,RSW
SJU,GRR
SJU,GSP
SJU,HRL
SJU,BDL
SJU,HAV
SJU,HOU
SJU,IND
SJU,JAX
SJU,MCI
SJU,LAS
SJU,LIR
SJU,LIT
SJU,LGB
SJU,ISP
SJU,LAX
SJU,SDF
SJU,LBB
SJU,MHT
SJU,MEM
SJU,MEX
SJU,MAF
SJU,MKE
SJU,MSP
SJU,MBJ
SJU,LGA
SJU,BNA
SJU,NAS
SJU,MSY
SJU,EWR
SJU,ORF
SJU,OAK
SJU,OKC
SJU,OMA
SJU,ONT
SJU,SNA
SJU,MCO
SJU,ECP
SJU,PNS
SJU,PHL
SJU,PHX
SJU,PIT
SJU,PWM
SJU,PDX
SJU,PVD
SJU,PVR
SJU,PUJ
SJU,RDU
SJU,RNO
SJU,RIC
SJU,ROC
SJU,SMF
SJU,SLC
SJU,SAT
SJU,SAN
SJU,SFO
SJU,SJC
SJU,SJO
SJU,SEA
SJU,GEG
SJU,STL
SJU,TPA
SJU,TUS
SJU,TUL
SJU,PLS
SJU,IAD
SJU,DCA
SJU,PBI
SJU,ICT
SEA,ALB
SEA,ABQ
SEA,AMA
SEA,AUA
SEA,ATL
SEA,AUS
SEA,BWI
SEA,BZE
SEA,BHM
SEA,BOI
SEA,BOS
SEA,BUF
SEA,BUR
SEA,SJD
SEA,CUN
SEA,GCM
SEA,CHS
SEA,CLT
SEA,MDW
SEA,CVG
SEA,CLE
SEA,CMH
SEA,CRP
SEA,DAL
SEA,DEN
SEA,DSM
SEA,DTW
SEA,ELP
SEA,FLL
SEA,RSW
SEA,GRR
SEA,GSP
SEA,HRL
SEA,BDL
SEA,HAV
SEA,HOU
SEA,IND
SEA,JAX
SEA,MCI
SEA,LAS
SEA,LIR
SEA,LIT
SEA,LGB
SEA,ISP
SEA,LAX
SEA,SDF
SEA,LBB
SEA,MHT
SEA,MEM
SEA,MEX
SEA,MAF
SEA,MKE
SEA,MSP
SEA,MBJ
SEA,LGA
SEA,BNA
SEA,NAS
SEA,MSY
SEA,EWR
SEA,ORF
SEA,OAK
SEA,OKC
SEA,OMA
SEA,ONT
SEA,SNA
SEA,MCO
SEA,ECP
SEA,PNS
SEA,PHL
SEA,PHX
SEA,PIT
SEA,PWM
SEA,PDX
SEA,PVD
SEA,PVR
SEA,PUJ
SEA,RDU
SEA,RNO
SEA,RIC
SEA,ROC
SEA,SMF
SEA,SLC
SEA,SAT
SEA,SAN
SEA,SFO
SEA,SJC
SEA,SJO
SEA,SJU
SEA,GEG
SEA,STL
SEA,TPA
SEA,TUS
SEA,TUL
SEA,PLS
SEA,IAD
SEA,DCA
SEA,PBI
SEA,ICT
GEG,ALB
GEG,ABQ
GEG,AMA
GEG,AUA
GEG,ATL
GEG,AUS
GEG,BWI
GEG,BZE
GEG,BHM
GEG,BOI
GEG,BOS
GEG,BUF
GEG,BUR
GEG,SJD
GEG,CUN
GEG,GCM
GEG,CHS
GEG,CLT
GEG,MDW
GEG,CVG
GEG,CLE
GEG,CMH
GEG,CRP
GEG,DAL
GEG,DEN
GEG,DSM
GEG,DTW
GEG,ELP
GEG,FLL
GEG,RSW
GEG,GRR
GEG,GSP
GEG,HRL
GEG,BDL
GEG,HAV
GEG,HOU
GEG,IND
GEG,JAX
GEG,MCI
GEG,LAS
GEG,LIR
GEG,LIT
GEG,LGB
GEG,ISP
GEG,LAX
GEG,SDF
GEG,LBB
GEG,MHT
GEG,MEM
GEG,MEX
GEG,MAF
GEG,MKE
GEG,MSP
GEG,MBJ
GEG,LGA
GEG,BNA
GEG,NAS
GEG,MSY
GEG,EWR
GEG,ORF
GEG,OAK
GEG,OKC
GEG,OMA
GEG,ONT
GEG,SNA
GEG,MCO
GEG,ECP
GEG,PNS
GEG,PHL
GEG,PHX
GEG,PIT
GEG,PWM
GEG,PDX
GEG,PVD
GEG,PVR
GEG,PUJ
GEG,RDU
GEG,RNO
GEG,RIC
GEG,ROC
GEG,SMF
GEG,SLC
GEG,SAT
GEG,SAN
GEG,SFO
GEG,SJC
GEG,SJO
GEG,SJU
GEG,SEA
GEG,STL
GEG,TPA
GEG,TUS
GEG,TUL
GEG,PLS
GEG,IAD
GEG,DCA
GEG,PBI
GEG,ICT
STL,ALB
STL,ABQ
STL,AMA
STL,AUA
STL,ATL
STL,AUS
STL,BWI
STL,BZE
STL,BHM
STL,BOI
STL,BOS
STL,BUF
STL,BUR
STL,SJD
STL,CUN
STL,GCM
STL,CHS
STL,CLT
STL,MDW
STL,CVG
STL,CLE
STL,CMH
STL,CRP
STL,DAL
STL,DEN
STL,DSM
STL,DTW
STL,ELP
STL,FLL
STL,RSW
STL,GRR
STL,GSP
STL,HRL
STL,BDL
STL,HAV
STL,HOU
STL,IND
STL,JAX
STL,MCI
STL,LAS
STL,LIR
STL,LIT
STL,LGB
STL,ISP
STL,LAX
STL,SDF
STL,LBB
STL,MHT
STL,MEM
STL,MEX
STL,MAF
STL,MKE
STL,MSP
STL,MBJ
STL,LGA
STL,BNA
STL,NAS
STL,MSY
STL,EWR
STL,ORF
STL,OAK
STL,OKC
STL,OMA
STL,ONT
STL,SNA
STL,MCO
STL,ECP
STL,PNS
STL,PHL
STL,PHX
STL,PIT
STL,PWM
STL,PDX
STL,PVD
STL,PVR
STL,PUJ
STL,RDU
STL,RNO
STL,RIC
STL,ROC
STL,SMF
STL,SLC
STL,SAT
STL,SAN
STL,SFO
STL,SJC
STL,SJO
STL,SJU
STL,SEA
STL,GEG
STL,TPA
STL,TUS
STL,TUL
STL,PLS
STL,IAD
STL,DCA
STL,PBI
STL,ICT
TPA,ALB
TPA,ABQ
TPA,AMA
TPA,AUA
TPA,ATL
TPA,AUS
TPA,BWI
TPA,BZE
TPA,BHM
TPA,BOI
TPA,BOS
TPA,BUF
TPA,BUR
TPA,SJD
TPA,CUN
TPA,GCM
TPA,CHS
TPA,CLT
TPA,MDW
TPA,CVG
TPA,CLE
TPA,CMH
TPA,CRP
TPA,DAL
TPA,DEN
TPA,DSM
TPA,DTW
TPA,ELP
TPA,FLL
TPA,RSW
TPA,GRR
TPA,GSP
TPA,HRL
TPA,BDL
TPA,HAV
TPA,HOU
TPA,IND
TPA,JAX
TPA,MCI
TPA,LAS
TPA,LIR
TPA,LIT
TPA,LGB
TPA,ISP
TPA,LAX
TPA,SDF
TPA,LBB
TPA,MHT
TPA,MEM
TPA,MEX
TPA,MAF
TPA,MKE
TPA,MSP
TPA,MBJ
TPA,LGA
TPA,BNA
TPA,NAS
TPA,MSY
TPA,EWR
TPA,ORF
TPA,OAK
TPA,OKC
TPA,OMA
TPA,ONT
TPA,SNA
TPA,MCO
TPA,ECP
TPA,PNS
TPA,PHL
TPA,PHX
TPA,PIT
TPA,PWM
TPA,PDX
TPA,PVD
TPA,PVR
TPA,PUJ
TPA,RDU
TPA,RNO
TPA,RIC
TPA,ROC
TPA,SMF
TPA,SLC
TPA,SAT
TPA,SAN
TPA,SFO
TPA,SJC
TPA,SJO
TPA,SJU
TPA,SEA
TPA,GEG
TPA,STL
TPA,TUS
TPA,TUL
TPA,PLS
TPA,IAD
TPA,DCA
TPA,PBI
TPA,ICT
TUS,ALB
TUS,ABQ
TUS,AMA
TUS,AUA
TUS,ATL
TUS,AUS
TUS,BWI
TUS,BZE
TUS,BHM
TUS,BOI
TUS,BOS
TUS,BUF
TUS,BUR
TUS,SJD
TUS,CUN
TUS,GCM
TUS,CHS
TUS,CLT
TUS,MDW
TUS,CVG
TUS,CLE
TUS,CMH
TUS,CRP
TUS,DAL
TUS,DEN
TUS,DSM
TUS,DTW
TUS,ELP
TUS,FLL
TUS,RSW
TUS,GRR
TUS,GSP
TUS,HRL
TUS,BDL
TUS,HAV
TUS,HOU
TUS,IND
TUS,JAX
TUS,MCI
TUS,LAS
TUS,LIR
TUS,LIT
TUS,LGB
TUS,ISP
TUS,LAX
TUS,SDF
TUS,LBB
TUS,MHT
TUS,MEM
TUS,MEX
TUS,MAF
TUS,MKE
TUS,MSP
TUS,MBJ
TUS,LGA
TUS,BNA
TUS,NAS
TUS,MSY
TUS,EWR
TUS,ORF
TUS,OAK
TUS,OKC
TUS,OMA
TUS,ONT
TUS,SNA
TUS,MCO
TUS,ECP
TUS,PNS
TUS,PHL
TUS,PHX
TUS,PIT
TUS,PWM
TUS,PDX
TUS,PVD
TUS,PVR
TUS,PUJ
TUS,RDU
TUS,RNO
TUS,RIC
TUS,ROC
TUS,SMF
TUS,SLC
TUS,SAT
TUS,SAN
TUS,SFO
TUS,SJC
TUS,SJO
TUS,SJU
TUS,SEA
TUS,GEG
TUS,STL
TUS,TPA
TUS,TUL
TUS,PLS
TUS,IAD
TUS,DCA
TUS,PBI
TUS,ICT
TUL,ALB
TUL,ABQ
TUL,AMA
TUL,AUA
TUL,ATL
TUL,AUS
TUL,BWI
TUL,BZE
TUL,BHM
TUL,BOI
TUL,BOS
TUL,BUF
TUL,BUR
TUL,SJD
TUL,CUN
TUL,GCM
TUL,CHS
TUL,CLT
TUL,MDW
TUL,CVG
TUL,CLE
TUL,CMH
TUL,CRP
TUL,DAL
TUL,DEN
TUL,DSM
TUL,DTW
TUL,ELP
TUL,FLL
TUL,RSW
TUL,GRR
TUL,GSP
TUL,HRL
TUL,BDL
TUL,HAV
TUL,HOU
TUL,IND
TUL,JAX
TUL,MCI
TUL,LAS
TUL,LIR
TUL,LIT
TUL,LGB
TUL,ISP
TUL,LAX
TUL,SDF
TUL,LBB
TUL,MHT
TUL,MEM
TUL,MEX
TUL,MAF
TUL,MKE
TUL,MSP
TUL,MBJ
TUL,LGA
TUL,BNA
TUL,NAS
TUL,MSY
TUL,EWR
TUL,ORF
TUL,OAK
TUL,OKC
TUL,OMA
TUL,ONT
TUL,SNA
TUL,MCO
TUL,ECP
TUL,PNS
TUL,PHL
TUL,PHX
TUL,PIT
TUL,PWM
TUL,PDX
TUL,PVD
TUL,PVR
TUL,PUJ
TUL,RDU
TUL,RNO
TUL,RIC
TUL,ROC
TUL,SMF
TUL,SLC
TUL,SAT
TUL,SAN
TUL,SFO
TUL,SJC
TUL,SJO
TUL,SJU
TUL,SEA
TUL,GEG
TUL,STL
TUL,TPA
TUL,TUS
TUL,PLS
TUL,IAD
TUL,DCA
TUL,PBI
TUL,ICT
PLS,ALB
PLS,ABQ
PLS,AMA
PLS,AUA
PLS,ATL
PLS,AUS
PLS,BWI
PLS,BZE
PLS,BHM
PLS,BOI
PLS,BOS
PLS,BUF
PLS,BUR
PLS,SJD
PLS,CUN
PLS,GCM
PLS,CHS
PLS,CLT
PLS,MDW
PLS,CVG
PLS,CLE
PLS,CMH
PLS,CRP
PLS,DAL
PLS,DEN
PLS,DSM
PLS,DTW
PLS,ELP
PLS,FLL
PLS,RSW
PLS,GRR
PLS,GSP
PLS,HRL
PLS,BDL
PLS,HAV
PLS,HOU
PLS,IND
PLS,JAX
PLS,MCI
PLS,LAS
PLS,LIR
PLS,LIT
PLS,LGB
PLS,ISP
PLS,LAX
PLS,SDF
PLS,LBB
PLS,MHT
PLS,MEM
PLS,MEX
PLS,MAF
PLS,MKE
PLS,MSP
PLS,MBJ
PLS,LGA
PLS,BNA
PLS,NAS
PLS,MSY
PLS,EWR
PLS,ORF
PLS,OAK
PLS,OKC
PLS,OMA
PLS,ONT
PLS,SNA
PLS,MCO
PLS,ECP
PLS,PNS
PLS,PHL
PLS,PHX
PLS,PIT
PLS,PWM
PLS,PDX
PLS,PVD
PLS,PVR
PLS,PUJ
PLS,RDU
PLS,RNO
PLS,RIC
PLS,ROC
PLS,SMF
PLS,SLC
PLS,SAT
PLS,SAN
PLS,SFO
PLS,SJC
PLS,SJO
PLS,SJU
PLS,SEA
PLS,GEG
PLS,STL
PLS,TPA
PLS,TUS
PLS,TUL
PLS,IAD
PLS,DCA
PLS,PBI
PLS,ICT
IAD,ALB
IAD,ABQ
IAD,AMA
IAD,AUA
IAD,ATL
IAD,AUS
IAD,BWI
IAD,BZE
IAD,BHM
IAD,BOI
IAD,BOS
IAD,BUF
IAD,BUR
IAD,SJD
IAD,CUN
IAD,GCM
IAD,CHS
IAD,CLT
IAD,MDW
IAD,CVG
IAD,CLE
IAD,CMH
IAD,CRP
IAD,DAL
IAD,DEN
IAD,DSM
IAD,DTW
IAD,ELP
IAD,FLL
IAD,RSW
IAD,GRR
IAD,GSP
IAD,HRL
IAD,BDL
IAD,HAV
IAD,HOU
IAD,IND
IAD,JAX
IAD,MCI
IAD,LAS
IAD,LIR
IAD,LIT
IAD,LGB
IAD,ISP
IAD,LAX
IAD,SDF
IAD,LBB
IAD,MHT
IAD,MEM
IAD,MEX
IAD,MAF
IAD,MKE
IAD,MSP
IAD,MBJ
IAD,LGA
IAD,BNA
IAD,NAS
IAD,MSY
IAD,EWR
IAD,ORF
IAD,OAK
IAD,OKC
IAD,OMA
IAD,ONT
IAD,SNA
IAD,MCO
IAD,ECP
IAD,PNS
IAD,PHL
IAD,PHX
IAD,PIT
IAD,PWM
IAD,PDX
IAD,PVD
IAD,PVR
IAD,PUJ
IAD,RDU
IAD,RNO
IAD,RIC
IAD,ROC
IAD,SMF
IAD,SLC
IAD,SAT
IAD,SAN
IAD,SFO
IAD,SJC
IAD,SJO
IAD,SJU
IAD,SEA
IAD,GEG
IAD,STL
IAD,TPA
IAD,TUS
IAD,TUL
IAD,PLS
IAD,DCA
IAD,PBI
IAD,ICT
DCA,ALB
DCA,ABQ
DCA,AMA
DCA,AUA
DCA,ATL
DCA,AUS
DCA,BWI
DCA,BZE
DCA,BHM
DCA,BOI
DCA,BOS
DCA,BUF
DCA,BUR
DCA,SJD
DCA,CUN
DCA,GCM
DCA,CHS
DCA,CLT
DCA,MDW
DCA,CVG
DCA,CLE
DCA,CMH
DCA,CRP
DCA,DAL
DCA,DEN
DCA,DSM
DCA,DTW
DCA,ELP
DCA,FLL
DCA,RSW
DCA,GRR
DCA,GSP
DCA,HRL
DCA,BDL
DCA,HAV
DCA,HOU
DCA,IND
DCA,JAX
DCA,MCI
DCA,LAS
DCA,LIR
DCA,LIT
DCA,LGB
DCA,ISP
DCA,LAX
DCA,SDF
DCA,LBB
DCA,MHT
DCA,MEM
DCA,MEX
DCA,MAF
DCA,MKE
DCA,MSP
DCA,MBJ
DCA,LGA
DCA,BNA
DCA,NAS
DCA,MSY
DCA,EWR
DCA,ORF
DCA,OAK
DCA,OKC
DCA,OMA
DCA,ONT
DCA,SNA
DCA,MCO
DCA,ECP
DCA,PNS
DCA,PHL
DCA,PHX
DCA,PIT
DCA,PWM
DCA,PDX
DCA,PVD
DCA,PVR
DCA,PUJ
DCA,RDU
DCA,RNO
DCA,RIC
DCA,ROC
DCA,SMF
DCA,SLC
DCA,SAT
DCA,SAN
DCA,SFO
DCA,SJC
DCA,SJO
DCA,SJU
DCA,SEA
DCA,GEG
DCA,STL
DCA,TPA
DCA,TUS
DCA,TUL
DCA,PLS
DCA,IAD
DCA,PBI
DCA,ICT
PBI,ALB
PBI,ABQ
PBI,AMA
PBI,AUA
PBI,ATL
PBI,AUS
PBI,BWI
PBI,BZE
PBI,BHM
PBI,BOI
PBI,BOS
PBI,BUF
PBI,BUR
PBI,SJD
PBI,CUN
PBI,GCM
PBI,CHS
PBI,CLT
PBI,MDW
PBI,CVG
PBI,CLE
PBI,CMH
PBI,CRP
PBI,DAL
PBI,DEN
PBI,DSM
PBI,DTW
PBI,ELP
PBI,FLL
PBI,RSW
PBI,GRR
PBI,GSP
PBI,HRL
PBI,BDL
PBI,HAV
PBI,HOU
PBI,IND
PBI,JAX
PBI,MCI
PBI,LAS
PBI,LIR
PBI,LIT
PBI,LGB
PBI,ISP
PBI,LAX
PBI,SDF
PBI,LBB
PBI,MHT
PBI,MEM
PBI,MEX
PBI,MAF
PBI,MKE
PBI,MSP
PBI,MBJ
PBI,LGA
PBI,BNA
PBI,NAS
PBI,MSY
PBI,EWR
PBI,ORF
PBI,OAK
PBI,OKC
PBI,OMA
PBI,ONT
PBI,SNA
PBI,MCO
PBI,ECP
PBI,PNS
PBI,PHL
PBI,PHX
PBI,PIT
PBI,PWM
PBI,PDX
PBI,PVD
PBI,PVR
PBI,PUJ
PBI,RDU
PBI,RNO
PBI,RIC
PBI,ROC
PBI,SMF
PBI,SLC
PBI,SAT
PBI,SAN
PBI,SFO
PBI,SJC
PBI,SJO
PBI,SJU
PBI,SEA
PBI,GEG
PBI,STL
PBI,TPA
PBI,TUS
PBI,TUL
PBI,PLS
PBI,IAD
PBI,DCA
PBI,ICT
ICT,ALB
ICT,ABQ
ICT,AMA
ICT,AUA
ICT,ATL
ICT,AUS
ICT,BWI
ICT,BZE
ICT,BHM
ICT,BOI
ICT,BOS
ICT,BUF
ICT,BUR
ICT,SJD
ICT,CUN
ICT,GCM
ICT,CHS
ICT,CLT
ICT,MDW
ICT,CVG
ICT,CLE
ICT,CMH
ICT,CRP
ICT,DAL
ICT,DEN
ICT,DSM
ICT,DTW
ICT,ELP
ICT,FLL
ICT,RSW
ICT,GRR
ICT,GSP
ICT,HRL
ICT,BDL
ICT,HAV
ICT,HOU
ICT,IND
ICT,JAX
ICT,MCI
ICT,LAS
ICT,LIR
ICT,LIT
ICT,LGB
ICT,ISP
ICT,LAX
ICT,SDF
ICT,LBB
ICT,MHT
ICT,MEM
ICT,MEX
ICT,MAF
ICT,MKE
ICT,MSP
ICT,MBJ
ICT,LGA
ICT,BNA
ICT,NAS
ICT,MSY
ICT,EWR
ICT,ORF
ICT,OAK
ICT,OKC
ICT,OMA
ICT,ONT
ICT,SNA
ICT,MCO
ICT,ECP
ICT,PNS
ICT,PHL
ICT,PHX
ICT,PIT
ICT,PWM
ICT,PDX
ICT,PVD
ICT,PVR
ICT,PUJ
ICT,RDU
ICT,RNO
ICT,RIC
ICT,ROC
ICT,SMF
ICT,SLC
ICT,SAT
ICT,SAN
ICT,SFO
ICT,SJC
ICT,SJO
ICT,SJU
ICT,SEA
ICT,GEG
ICT,STL
ICT,TPA
ICT,TUS
ICT,TUL
ICT,PLS
ICT,IAD
ICT,DCA
ICT,PBI
